id_municipio,nome_municipio,sigla_uf,nome_regiao,gap_meta_2024,alunos_no_teste,soma_proba,soma_peso,prob_media_alfabetizacao
2907202,Casa Nova,BA,Nordeste,-6.31,65,11.834952325488313,65.0,0.18207618962289712
2930501,Serrinha,BA,Nordeste,-7.22,85,15.597899440072755,85.0,0.1835046992949736
2902104,Araci,BA,Nordeste,-7.1,45,8.310951980379723,45.0,0.18468782178621607
2910503,Entre Rios,BA,Nordeste,,48,8.971378948060941,48.0,0.18690372808460295
2911105,Formosa do Rio Preto,BA,Nordeste,-7.07,38,7.3374052003995835,38.0,0.19308961053683116
2910602,Esplanada,BA,Nordeste,-7.08,59,11.477994655798803,59.0,0.1945422823016746
2930105,Senhor do Bonfim,BA,Nordeste,-7.08,72,14.037526241865677,72.0,0.1949656422481344
2902658,Banzaê,BA,Nordeste,-21.22,31,6.316355685325633,31.0,0.2037534092040527
2915809,Itambé,BA,Nordeste,-7.18,34,6.990311991667872,34.0,0.2055974115196433
1600501,Oiapoque,AP,Norte,-7.21,50,14.079999952353724,67.89999997615814,0.20736376962146777
2923704,Paratinga,BA,Nordeste,-7.14,30,6.307785777863553,30.0,0.2102595259287851
2924009,Paulo Afonso,BA,Nordeste,-7.22,139,29.246516849233696,139.0,0.2104065960376525
2930204,Sento Sé,BA,Nordeste,-7.21,84,17.70901026613775,84.0,0.21082155078735415
2911907,Iaçu,BA,Nordeste,-7.2,36,7.602518603562252,36.0,0.21118107232117367
2913606,Ilhéus,BA,Nordeste,-15.273334,210,44.643941102486615,210.0,0.21259019572612672
2930154,Serra do Ramalho,BA,Nordeste,-6.66,58,12.588122738328359,58.0,0.21703659893669583
2914653,Itabela,BA,Nordeste,-7.04,47,10.283319905020479,47.0,0.2187940405323506
2929206,São Francisco do Conde,BA,Nordeste,-7.09,43,9.411040734980924,43.0,0.21886141244141682
2932903,Valença,BA,Nordeste,-7.04,68,14.900436565814116,68.0,0.21912406714432525
1502806,Curralinho,PA,Norte,-7.22,66,19.281211167607914,87.57000041007996,0.22018055358360492
2803609,Laranjeiras,SE,Nordeste,6.8033333,32,8.002659972084242,35.87999927997589,0.22303958006349267
2924405,Pilão Arcado,BA,Nordeste,-7.22,55,12.348336909441604,55.0,0.2245152165353019
2919157,Lapão,BA,Nordeste,-7.22,33,7.4356950524883825,33.0,0.22532409249964797
2921500,Monte Santo,BA,Nordeste,-7.05,30,6.7992354853282695,30.0,0.22664118284427565
2918407,Juazeiro,BA,Nordeste,-7.03,386,87.55293071322427,386.0,0.22682106402389707
2925808,Queimadas,BA,Nordeste,-7.19,36,8.184892556210874,36.0,0.2273581265614132
4314902,Porto Alegre,RS,Sul,,1101,347.3973213693088,1519.227861046791,0.2286670290063942
2906808,Cansanção,BA,Nordeste,-7.11,50,11.632363291183733,50.0,0.23264726582367465
2909901,Curaçá,BA,Nordeste,-7.11,58,13.52451587787219,58.0,0.23318130823917568
2906873,Capim Grosso,BA,Nordeste,-7.21,37,8.631729057769798,37.0,0.23328997453431885
2902906,Barra do Choça,BA,Nordeste,-6.67,78,18.2138801337638,78.0,0.2335112837662026
2905800,Camamu,BA,Nordeste,-7.21,35,8.235182941901835,35.0,0.2352909411971953
1300508,Barreirinha,AM,Norte,-5.2533336,59,16.928664320891563,71.87999999523163,0.23551285923782103
2926004,Remanso,BA,Nordeste,-7.22,55,13.010994499097585,55.0,0.23656353634722882
2933604,Xique-Xique,BA,Nordeste,-7.04,70,16.592781365259714,70.0,0.2370397337894245
2908408,Conceição do Coité,BA,Nordeste,-7.15,50,11.88147121572932,50.0,0.2376294243145864
2917003,Itiúba,BA,Nordeste,-7.18,33,7.850121841677483,33.0,0.23788248005083282
2701308,Cajueiro,AL,Nordeste,-7.2,33,8.34763492040156,35.0099995136261,0.23843573368667462
2928109,Santa Maria da Vitória,BA,Nordeste,-6.96,35,8.366109002499112,35.0,0.2390316857856889
2928208,Santana,BA,Nordeste,-7.1,42,10.103002338478811,42.0,0.24054767472568597
2913705,Inhambupe,BA,Nordeste,-7.12,37,8.931699354760553,37.0,0.24139727985839335
2931905,Tucano,BA,Nordeste,-7.14,38,9.205923832106064,38.0,0.24226115347647537
2932705,Uruçuca,BA,Nordeste,-7.09,30,7.26945762132075,30.0,0.24231525404402499
2908903,Coração de Maria,BA,Nordeste,-7.04,32,7.774193877716994,32.0,0.24294355867865605
2928703,Santo Antônio de Jesus,BA,Nordeste,-6.88,59,14.383515427904447,59.0,0.24378839708312622
1304260,Uarini,AM,Norte,4.98,31,8.869344134450753,36.19999957084656,0.24500950938114438
2917706,Jaguarari,BA,Nordeste,-7.07,36,8.893177637553391,36.0,0.24703271215426087
2909802,Cruz das Almas,BA,Nordeste,-6.79,57,14.105771383888351,57.0,0.24746967340155002
2928802,Santo Estêvão,BA,Nordeste,-6.94,62,15.385815870146198,62.0,0.248158320486229
2910800,Feira de Santana,BA,Nordeste,-6.99,548,136.42094440182976,548.0,0.24894332920041926
2916500,Itapicuru,BA,Nordeste,-7.17,65,16.20408306770345,65.0,0.24929358565697615
2906204,Canarana,BA,Nordeste,-7.13,44,11.004978897209194,44.0,0.2501131567547544
2912905,Ibirataia,BA,Nordeste,-6.93,34,8.507267864318187,34.0,0.2502137607152408
2917508,Jacobina,BA,Nordeste,-7.06,70,17.517994120417626,70.0,0.25025705886310895
2919553,Luís Eduardo Magalhães,BA,Nordeste,-7.12,187,46.804543960817334,187.0,0.25029167893485205
2921708,Morro do Chapéu,BA,Nordeste,-6.66,31,7.794418115762377,31.0,0.25143284244394765
1504505,Melgaço,PA,Norte,-6.48,57,20.189204156721654,80.16999936103821,0.2518299154001665
2901155,América Dourada,BA,Nordeste,-6.97,36,9.084550785020287,36.0,0.2523486329172302
2906501,Candeias,BA,Nordeste,-6.94,82,20.750765065526412,82.0,0.25305811055520017
2914901,Itacaré,BA,Nordeste,-6.96,31,7.8504899679246885,31.0,0.25324161186853833
2914000,Ipirá,BA,Nordeste,-7.09,56,14.193246463423968,56.0,0.2534508297039994
2919207,Lauro de Freitas,BA,Nordeste,-7.11,178,45.19409347254997,178.0,0.2538994015311796
2804805,Nossa Senhora do Socorro,SE,Nordeste,-3.69,271,78.07324620249108,307.46999979019165,0.2539215086212181
4304663,Capão do Leão,RS,Sul,-4.1433334,37,12.390228953918028,48.599162340164185,0.2549473768126714
2922656,Nordestina,BA,Nordeste,-7.03,30,7.684700265995213,30.0,0.2561566755331738
2904902,Cachoeira,BA,Nordeste,-7.22,34,8.710101519440357,34.0,0.25617945645412815
2906303,Canavieiras,BA,Nordeste,-7.14,39,10.034518045702011,39.0,0.2572953345051798
2912202,Ibicoara,BA,Nordeste,-7.18,31,8.016011184285976,31.0,0.2585810059447089
2916401,Itapetinga,BA,Nordeste,-6.31,83,21.462277695440964,83.0,0.25858165898121643
2931509,Teofilândia,BA,Nordeste,-7.17,32,8.28413452794415,32.0,0.2588792039982547
2923209,Oliveira dos Brejinhos,BA,Nordeste,-6.47,33,8.607605661367115,33.0,0.26083653519294286
2925501,Prado,BA,Nordeste,4.9466667,55,14.392693909179156,55.0,0.26168534380325736
2905909,Campo Alegre de Lourdes,BA,Nordeste,-6.61,31,8.147704960817792,31.0,0.2628291922844449
2923100,Olindina,BA,Nordeste,-6.8,33,8.68017884206848,33.0,0.26303572248692364
2924603,Pindobaçu,BA,Nordeste,-6.83,37,9.753508822187266,37.0,0.2636083465456018
2910727,Eunápolis,BA,Nordeste,-6.79,101,26.645473104103527,101.0,0.26381656538716364
2905602,Camacan,BA,Nordeste,-6.84,31,8.200394795776457,31.0,0.2645288643798857
2927200,Ruy Barbosa,BA,Nordeste,-6.46,39,10.376755197019756,39.0,0.26607064607742964
2914802,Itabuna,BA,Nordeste,-7.01,125,33.2953727433192,125.0,0.2663629819465536
2905701,Camaçari,BA,Nordeste,-6.88,426,113.8725234806326,426.0,0.26730639314702487
2930774,Sobradinho,BA,Nordeste,-7.21,35,9.356760151653102,35.0,0.2673360043329458
2927705,Santa Cruz Cabrália,BA,Nordeste,-6.22,48,12.868802143509987,48.0,0.26810004465645804
2414407,Touros,RN,Nordeste,-6.3566666,48,16.672573382320337,62.09999990463257,0.2684794429617477
2922300,Muritiba,BA,Nordeste,-7.21,35,9.404894043031238,35.0,0.26871125837232107
5003306,Coxim,MS,Centro-Oeste,-6.3,75,22.000126089905137,81.82999980449677,0.26885159651065005
2805406,Poço Redondo,SE,Nordeste,-9.886666,49,15.305916348654364,56.6800000667572,0.2700408668071135
1508209,Vigia,PA,Norte,-7.1,63,20.191605440362398,74.38000011444092,0.27146552042613115
2905404,Cairu,BA,Nordeste,-6.59,41,11.174040659096116,41.0,0.2725375770511248
1303908,São Paulo de Olivença,AM,Norte,4.2366667,121,34.9381366602926,128.03999984264374,0.2728689214560312
2800670,Boquim,SE,Nordeste,-0.8566667,31,10.289223575298845,37.65999984741211,0.27321358515634436
2922904,Nova Soure,BA,Nordeste,-7.18,33,9.025333218071639,33.0,0.2734949460021709
2903201,Barreiras,BA,Nordeste,-6.49,248,67.8471023906386,248.0,0.273577025768704
2403251,Parnamirim,RN,Nordeste,-5.74,213,81.33821074400302,297.1500018835068,0.2737277813509503
2900702,Alagoinhas,BA,Nordeste,-6.87,126,34.56521749921577,126.0,0.27432712300964895
2929305,São Gonçalo dos Campos,BA,Nordeste,-6.64,38,10.43032112704433,38.0,0.27448213492221923
2914703,Itaberaba,BA,Nordeste,-6.01,63,17.327071473070948,63.0,0.2750328805249357
1502905,Curuçá,PA,Norte,-7.05,48,15.76533881608503,57.24000012874603,0.27542520581106095
2801207,Canindé de São Francisco,SE,Nordeste,-7.2,67,19.693275876760893,71.33999991416931,0.27604816232764645
2932507,Una,BA,Nordeste,-6.49,34,9.459398854393887,34.0,0.2782176133645261
2800605,Barra dos Coqueiros,SE,Nordeste,5.0333333,44,14.211378986439817,50.88999927043915,0.2792568125402762
2402600,Ceará-Mirim,RN,Nordeste,,102,40.00527964665191,142.75000083446503,0.28024714124550243
1504901,Muaná,PA,Norte,-6.66,94,28.720631464624223,102.32999885082245,0.2806667818543945
2926608,Ribeira do Pombal,BA,Nordeste,-6.81,72,20.22602660507466,72.0,0.2809170361815925
1501204,Baião,PA,Norte,-7.19,33,10.709554688077088,37.93999969959259,0.2822760878459387
2919504,Livramento de Nossa Senhora,BA,Nordeste,-6.44,52,14.681846803690453,52.0,0.2823432077632779
2405801,João Câmara,RN,Nordeste,-7.19,39,14.291207311322765,50.50999987125397,0.2829381775440494
2913903,Ipiaú,BA,Nordeste,-6.87,45,12.735654334300776,45.0,0.2830145407622395
2404200,Goianinha,RN,Nordeste,-7.19,57,19.452617717509128,68.69999885559082,0.2831531010415158
2903904,Bom Jesus da Lapa,BA,Nordeste,-6.85,106,30.015955765561717,106.0,0.2831693940147332
2913200,Ibotirama,BA,Nordeste,-5.99,45,12.767969009908681,45.0,0.2837326446646374
1507474,São João de Pirabas,PA,Norte,-7.1,47,14.395245031912026,50.679999470710754,0.2840419333514674
1507953,Tailândia,PA,Norte,-6.52,169,58.319658114010466,205.14000070095062,0.28429198554516827
2707107,Piranhas,AL,Nordeste,-7.22,58,17.79734841834314,62.16999900341034,0.2862690800005782
1502400,Castanhal,PA,Norte,,285,105.71074658215734,368.75999999046326,0.2866654370997158
2906006,Campo Formoso,BA,Nordeste,-6.6,90,25.805931532201065,90.0,0.28673257258001184
1500503,Almeirim,PA,Norte,-7.06,59,20.31712291261204,70.8199987411499,0.2868839773193443
2411205,Santa Cruz,RN,Nordeste,-7.3333335,71,25.47240787033439,88.3299993276596,0.2883777659257603
1303536,Presidente Figueiredo,AM,Norte,-6.83,77,32.51588074650706,112.64000058174133,0.2886708147955905
2902708,Barra,BA,Nordeste,-7.2,81,23.405462173810676,81.0,0.28895632313346514
1503309,Igarapé-Miri,PA,Norte,-6.61,85,29.909711620090647,103.27000021934509,0.28962633442977176
1301407,Eirunepé,AM,Norte,,58,21.610029275939716,74.5799993276596,0.28975636190338727
2703106,Igaci,AL,Nordeste,-7.11,32,10.495907566997131,36.1599999666214,0.2902629307711754
2908507,Conceição do Jacuípe,BA,Nordeste,-6.82,30,8.724859258289712,30.0,0.2908286419429904
2412203,São José de Mipibu,RN,Nordeste,-11.213333,69,24.839882215449368,85.3999993801117,0.29086513343973375
2907103,Carinhanha,BA,Nordeste,-7.15,49,14.270412070425763,49.0,0.29123289939644414
2910057,Dias d'Ávila,BA,Nordeste,-6.72,95,27.67545508083954,95.0,0.29132057979831094
2807105,Simão Dias,SE,Nordeste,-4.46,61,18.579773743506436,63.749998927116394,0.29144743617561747
2927408,Salvador,BA,Nordeste,2.44,1797,524.1082259476945,1797.0,0.2916573321912601
1507003,Santo Antônio do Tauá,PA,Norte,-7.22,51,17.36322331305971,59.49999928474426,0.2918188827190729
2406502,Lagoa Nova,RN,Nordeste,-6.78,30,9.990092621922514,34.230000019073486,0.29185196074659303
2702405,Delmiro Gouveia,AL,Nordeste,-7.04,99,32.38794554698694,110.49999952316284,0.29310358087556215
2910701,Euclides da Cunha,BA,Nordeste,-2.5766666,65,19.087727027243908,65.0,0.2936573388806755
1507300,São Félix do Xingu,PA,Norte,,96,37.93192622397624,129.04000079631805,0.29395478913433615
1503101,Gurupá,PA,Norte,,61,24.564631242704902,83.54999935626984,0.29401114819830937
1505205,Oeiras do Pará,PA,Norte,-6.99,56,20.940420210137273,71.21999967098236,0.2940244356483642
4318705,São Leopoldo,RS,Sul,-4.98,261,105.13057451197723,357.08211719989777,0.2944156804501195
1500305,Afuá,PA,Norte,-7.05,92,30.806497463123506,104.50000011920929,0.2947990184495763
1500107,Abaetetuba,PA,Norte,-6.3,185,63.638112008189026,215.56999945640564,0.2952085734038259
2928604,Santo Amaro,BA,Nordeste,-5.81,71,20.97319625504582,71.0,0.29539713035275805
1500701,Anajás,PA,Norte,-7.2,46,16.14757788862981,54.55000102519989,0.2960142545399822
2211100,União,PI,Nordeste,-7.2,79,25.746652018083243,86.81999921798706,0.2965520876525088
1503077,Garrafão do Norte,PA,Norte,-6.49,47,17.147135109418475,57.730000019073486,0.2970229534687894
2900801,Alcobaça,BA,Nordeste,-5.61,40,11.900350631341317,40.0,0.2975087657835329
2916104,Itaparica,BA,Nordeste,-6.46,35,10.420010780817945,35.0,0.2977145937376556
2804607,Nossa Senhora das Dores,SE,Nordeste,-1.8266667,34,10.85488829362376,36.42999982833862,0.2979656421842699
2408102,Natal,RN,Nordeste,,553,241.14068090684071,808.940000295639,0.2980946433835789
3303500,Nova Iguaçu,RJ,Sudeste,-6.9,933,340.69174315529415,1142.0200020074844,0.29832379691810457
1506351,Santa Bárbara do Pará,PA,Norte,-6.52,31,10.086039031870532,33.74999976158142,0.2988456030554334
1500206,Acará,PA,Norte,-6.38,62,21.749846218336607,72.67000031471252,0.29929607986988277
2407104,Macaíba,RN,Nordeste,-10.566667,77,32.79686131123185,109.56999981403351,0.29932336740801285
2707701,Rio Largo,AL,Nordeste,-6.59,187,62.099296219316365,207.32000052928925,0.29953355229006595
2918001,Jequié,BA,Nordeste,-6.5,134,40.18099831232262,134.0,0.29985819636061656
2703809,Joaquim Gomes,AL,Nordeste,-14.633333,30,9.443243665651208,31.4099999666214,0.30064449779326013
1504703,Moju,PA,Norte,-6.98,124,43.84589723469432,145.50999975204468,0.3013256635929463
3305109,São João de Meriti,RJ,Sudeste,-6.52,368,139.63991871893663,462.23000144958496,0.30210050901286434
2705200,Messias,AL,Nordeste,-7.05,36,11.50493939719309,38.049999713897705,0.30236371836268183
3300456,Belford Roxo,RJ,Sudeste,-6.78,463,206.28374809753166,681.8799985647202,0.3025220691789398
3302858,Mesquita,RJ,Sudeste,-6.5,190,68.23021921673335,225.24000072479248,0.302922300644546
1502103,Cametá,PA,Norte,-6.22,176,62.55168086798164,206.01000010967255,0.30363419656658075
4300604,Alvorada,RS,Sul,-3.7166667,270,110.87121664875238,364.97098326683044,0.30378090788574935
2911204,Gandu,BA,Nordeste,-6.9,31,9.459808502083337,31.0,0.30515511297043024
2907509,Catu,BA,Nordeste,-5.85,33,10.13752748318028,33.0,0.30719780252061457
1500404,Alenquer,PA,Norte,-6.64,108,39.849001484505216,129.48999869823456,0.30773806382815655
4323002,Viamão,RS,Sul,-5.13,327,122.17474200301588,396.8855650424957,0.30783367490307756
2412005,São Gonçalo do Amarante,RN,Nordeste,-11.356667,106,45.27291243834024,147.00999999046326,0.30795804667217985
2801306,Capela,SE,Nordeste,-6.88,51,17.103352110589466,55.47999918460846,0.30827960277501887
4314050,Parobé,RS,Sul,-0.16666667,101,34.134391246006686,110.64626157283783,0.30850017669631075
1503200,Igarapé-Açu,PA,Norte,2.2066667,49,18.20564511798433,59.010000228881836,0.30851796385985714
4321600,Tramandaí,RS,Sul,6.2,92,35.998954226580125,116.33907210826874,0.30943133355128005
2924306,Piatã,BA,Nordeste,-6.01,30,9.294977793200225,30.0,0.30983259310667416
2802106,Estância,SE,Nordeste,-6.86,81,27.739200178912633,89.50999915599823,0.30990057468963544
4309308,Guaíba,RS,Sul,-4.2766666,132,50.42948604240724,162.70096230506897,0.3099519838601231
1503804,Jacundá,PA,Norte,-6.22,66,23.94125271026901,77.21999979019165,0.31003953347990015
2402204,Canguaretama,RN,Nordeste,-6.51,44,16.38489523626294,52.81999921798706,0.310202489186772
3304144,Queimados,RJ,Sudeste,-6.48,205,79.61796392701633,256.61000084877014,0.31026835923646706
1503705,Itupiranga,PA,Norte,-5.95,75,26.733866297243182,86.12000024318695,0.310425757335714
2919926,Madre de Deus,BA,Nordeste,-6.19,35,10.887618938883536,35.0,0.3110748268252439
2803203,Itaporanga d'Ajuda,SE,Nordeste,-7.22,48,17.717943566345305,56.88000011444092,0.3114968975157756
1507805,Senador José Porfírio,PA,Norte,-6.9,47,17.95826776284777,57.48999905586243,0.312372030923116
2700706,Batalha,AL,Nordeste,-6.91,30,9.730272173390658,31.12999927997589,0.3125689816398285
4304630,Capão da Canoa,RS,Sul,,97,41.189187232951525,131.72974061965942,0.31267948330571926
1504950,Nova Esperança do Piriá,PA,Norte,-6.71,32,11.476100050311839,36.68999969959259,0.31278550406854516
1508308,Viseu,PA,Norte,-6.82,107,38.167909381881906,121.87999975681305,0.3131597428457357
2708006,Santana do Ipanema,AL,Nordeste,-7.64,76,24.43317132240676,77.86999917030334,0.31376873741799965
2914406,Iraquara,BA,Nordeste,-6.39,51,16.02987748899432,51.0,0.3143113233136141
2802809,Indiaroba,SE,Nordeste,-6.45,36,11.618680348414173,36.959999561309814,0.31435823826623505
1504604,Mocajuba,PA,Norte,-6.98,53,21.188019502137077,67.3799991607666,0.3144556213422193
2927002,Rio Real,BA,Nordeste,-6.16,42,13.20929736456099,42.0,0.314507080108595
3302270,Japeri,RJ,Sudeste,-6.37,142,54.37838538459452,172.86999893188477,0.3145623053195078
3301009,Campos dos Goytacazes,RJ,Sudeste,-6.41,617,233.5598408866963,742.4699997901917,0.31457141831009466
4314100,Passo Fundo,RS,Sul,-3.39,248,94.12805834634582,298.829074382782,0.3149896258948802
2704302,Maceió,AL,Nordeste,-5.79,1010,351.77262745999286,1115.3599963188171,0.31538931701065004
1500909,Augusto Corrêa,PA,Norte,-6.43,82,30.875028114533315,97.8799991607666,0.3154375600659895
1505486,Pacajá,PA,Norte,-6.55,65,25.077088005379288,79.47000014781952,0.3155541456994366
2914604,Irecê,BA,Nordeste,-6.03,101,31.975972320667946,101.0,0.31659378535314797
1507201,São Domingos do Capim,PA,Norte,-6.35,37,14.003529106460752,44.21999990940094,0.31667863263572
4310330,Imbé,RS,Sul,,51,22.016887824249135,69.37968921661377,0.31733909553138984
1505304,Oriximiná,PA,Norte,-6.8,119,45.634671034701086,143.65000009536743,0.31767957538743335
2804508,Nossa Senhora da Glória,SE,Nordeste,-3.92,64,21.545751202900565,67.80999970436096,0.3177370785553171
2801702,Cristinápolis,SE,Nordeste,-7.22,35,11.59601789763732,36.4799998998642,0.31787329850514856
2933208,Vera Cruz,BA,Nordeste,-6.36,71,22.592654290002223,71.0,0.3182063984507355
2700508,Barra de Santo Antônio,AL,Nordeste,-7.06,31,10.778217548353767,33.869999289512634,0.3182231406686533
1506500,Santa Izabel do Pará,PA,Norte,-6.18,113,40.59701553539783,127.40999972820282,0.31863288299192644
2925105,Poções,BA,Nordeste,-5.78,54,17.226554684615582,54.0,0.3190102719373256
2708808,São Sebastião,AL,Nordeste,-6.61,40,13.166925224373566,41.269999504089355,0.3190435033339141
1501303,Barcarena,PA,Norte,-5.44,211,77.24387217889407,241.8999981880188,0.31932150788548425
1501782,Breu Branco,PA,Norte,-7.03,90,33.08197802322726,103.60000050067902,0.3193241106500809
2700409,Atalaia,AL,Nordeste,-6.96,65,21.218434070699956,66.3999992609024,0.3195547335373809
2501807,Bayeux,PB,Nordeste,13.74,80,31.93900198683795,99.74000000953674,0.3202225985941856
2915601,Itamaraju,BA,Nordeste,-5.77,88,28.29206789744157,88.0,0.32150077156183604
2400208,Assú,RN,Nordeste,-8.346666,52,22.70731631549947,70.37000000476837,0.3226846143805711
2500304,Alagoa Grande,PB,Nordeste,-7.9666667,49,18.861241959370393,58.4099999666214,0.32291117908147093
2701803,Carneiros,AL,Nordeste,-5.85,33,10.886734100564892,33.709999680519104,0.3229526610424829
2709103,Taquarana,AL,Nordeste,-5.78,31,10.587449651800382,32.72999978065491,0.32347845165761663
1300805,Borba,AM,Norte,4.33,56,20.519420044830255,63.13000011444092,0.3250343736358787
2704500,Maragogi,AL,Nordeste,-6.96,67,23.426368845816558,72.05999970436096,0.3250953225357678
4303103,Cachoeirinha,RS,Sul,-0.83666664,167,69.91565795498677,214.92995607852936,0.3252950832476863
2802908,Itabaiana,SE,Nordeste,-5.116667,109,40.573900254339435,124.71999990940094,0.32531991888881584
3302007,Itaguaí,RJ,Sudeste,-6.03,215,85.52285382800133,262.87000131607056,0.32534276790743444
2704708,Marechal Deodoro,AL,Nordeste,-6.2,141,49.440418836912826,151.67999792099,0.32595213287559716
1508100,Tucuruí,PA,Norte,-6.55,161,65.62933890925068,200.6899974346161,0.32701848496775443
2919801,Macaúbas,BA,Nordeste,-5.85,41,13.410285001614376,41.0,0.32708012199059455
4315602,Rio Grande,RS,Sul,-4.4266667,231,97.08855951635053,296.7315652370453,0.3271932308205597
2403608,Extremoz,RN,Nordeste,1.3433334,75,31.912306337795744,97.49999940395355,0.32730570802959125
4306767,Eldorado do Sul,RS,Sul,,50,24.356617896738545,74.2463241815567,0.3280514983769243
4317509,Santo Ângelo,RS,Sul,-3.4866667,85,30.11226885740692,91.72571432590485,0.32828601094799786
1506609,Santa Maria do Pará,PA,Norte,,38,13.560228340021194,41.299999833106995,0.32833482796169444
4301602,Bagé,RS,Sul,-6.4166665,128,50.96558822840917,155.18926000595093,0.328409248336224
2910404,Encruzilhada,BA,Nordeste,-6.05,31,10.183794308926176,31.0,0.32850949383632827
4216503,São Joaquim,SC,Sul,2.14,37,14.44301165971221,43.959999799728394,0.3285489473501191
2408201,Nísia Floresta,RN,Nordeste,-7.53,51,21.22390941886037,64.57999968528748,0.3286452388090607
2207702,Parnaíba,PI,Nordeste,-7.04,223,83.61340831020362,253.99999904632568,0.3291866481265373
1303569,Rio Preto da Eva,AM,Norte,-6.74,48,19.660805954695206,59.71999990940094,0.3292164431433675
1303502,Pauini,AM,Norte,-6.38,30,11.783373592669987,35.769999384880066,0.32942057017900883
2200509,Amarante,PI,Nordeste,-7.18,32,10.641890517203286,32.25999975204468,0.32987881584000295
4318507,São José do Norte,RS,Sul,2.3133333,31,12.912791426022604,39.139159202575684,0.3299200005597676
2706901,Pilar,AL,Nordeste,-6.52,69,23.745892996443494,71.95999920368195,0.32998739937768784
2706703,Penedo,AL,Nordeste,-7.9533334,102,38.064757011072544,115.3500006198883,0.32999355705689987
1505700,Ponta de Pedras,PA,Norte,-5.036667,39,13.9928506786467,42.37999951839447,0.33017581023268516
1503457,Ipixuna do Pará,PA,Norte,-6.3,55,23.216573598551022,70.26999926567078,0.33039097539727863
2706307,Palmeira dos Índios,AL,Nordeste,-10.946667,86,30.051384431100963,90.93999969959259,0.33045287585629485
2932002,Uauá,BA,Nordeste,-5.66,31,10.256804114400838,31.0,0.3308646488516399
4307807,Estrela,RS,Sul,-6.5033336,33,12.993144732355503,39.23838448524475,0.3311335291401067
4309209,Gravataí,RS,Sul,-4.5933332,345,145.36868916998162,437.5701562166214,0.3322180160248774
1304062,Tabatinga,AM,Norte,0.19666667,173,65.3800462110474,196.78000044822693,0.332249446397623
4303004,Cachoeira do Sul,RS,Sul,-2.1966667,71,28.603897451444233,85.99519944190979,0.33262202584652784
2930709,Simões Filho,BA,Nordeste,-5.96,200,66.5453579504718,200.0,0.332726789752359
1709302,Guaraí,TO,Norte,-6.67,38,15.340090371109717,46.10000038146973,0.332756838268396
2503001,Caaporã,PB,Nordeste,-6.51,36,13.37184481533169,40.14999973773956,0.3330471955834818
1505809,Portel,PA,Norte,-5.82,107,44.27926493331493,132.88000118732452,0.33322745738761134
4300406,Alegrete,RS,Sul,,92,38.60214140852932,115.82938408851624,0.33326725953260494
2403103,Currais Novos,RN,Nordeste,-13.973333,32,12.607801651347609,37.790000557899475,0.3336279826731075
4318309,São Gabriel,RS,Sul,-0.83666664,82,34.676417616399576,103.80105102062225,0.33406615131007084
4301636,Balneário Pinhal,RS,Sul,-3.59,32,13.60344444686666,40.69989359378815,0.33423783812896496
2702603,Feira Grande,AL,Nordeste,-6.74,40,14.009287458992247,41.90999984741211,0.3342707590073471
4310603,Itaqui,RS,Sul,,43,18.7943285344968,56.135006070137024,0.3348058520028396
4313409,Novo Hamburgo,RS,Sul,-1.1933334,305,123.49260308073087,368.8321273326874,0.3348206241517032
4316907,Santa Maria,RS,Sul,-3.0333333,231,100.2498303911815,299.37130296230316,0.33486786942903796
4312401,Montenegro,RS,Sul,-4.0033336,109,40.71993722298843,121.548060297966,0.3350109999548042
4304606,Canoas,RS,Sul,-1.8266667,379,166.6012937115632,496.76537108421326,0.33537219663268436
2708501,São Luís do Quitunde,AL,Nordeste,-6.31,71,24.827099399051125,74.00999939441681,0.33545601408184905
4318002,São Borja,RS,Sul,-4.71,81,33.45237270937574,99.5309853553772,0.33610008571635686
4313508,Osório,RS,Sul,-7.6433334,69,27.72453886654615,82.4124014377594,0.33641221931246174
4314407,Pelotas,RS,Sul,,294,139.9008269040334,415.07770121097565,0.3370473202869663
2800308,Aracaju,SE,Nordeste,-5.46,556,204.93249241836608,606.1999994516373,0.3380608587986573
4316402,Rosário do Sul,RS,Sul,8.696667,42,17.88006732226109,52.88055598735809,0.33812177251947945
2707305,Porto Calvo,AL,Nordeste,-6.62,45,16.403179033016357,48.49999952316284,0.3382098802945855
2918357,João Dourado,BA,Nordeste,-6.79,41,13.871678067126146,41.0,0.33833361139332063
1507607,São Miguel do Guamá,PA,Norte,-6.41,116,45.766258925259,135.09000074863434,0.33878346784835345
2409407,Pau dos Ferros,RN,Nordeste,-5.5933332,34,13.854753665339995,40.859999656677246,0.3390786534937203
2700300,Arapiraca,AL,Nordeste,-6.33,365,132.97048824614083,391.76999843120575,0.33940957393012383
2923001,Nova Viçosa,BA,Nordeste,-3.92,58,19.743147766841407,58.0,0.3403990994283001
4321501,Torres,RS,Sul,-0.63666666,59,24.238300613693927,71.19350385665894,0.3404566329885286
2211209,Uruçuí,PI,Nordeste,-7.18,40,14.26697732336247,41.860000133514404,0.34082602192683437
2702900,Girau do Ponciano,AL,Nordeste,-6.7,60,21.74999179677165,63.7799996137619,0.3410158659216834
2906907,Caravelas,BA,Nordeste,-6.17,45,15.36202817954022,45.0,0.34137840398978264
5005608,Miranda,MS,Centro-Oeste,-7.21,60,23.601651407591337,69.0099995136261,0.3420033556576271
2928901,São Desidério,BA,Nordeste,-5.69,49,16.781324781683292,49.0,0.34247601595272026
2705101,Matriz de Camaragibe,AL,Nordeste,-6.74,39,13.576562822400014,39.6199996471405,0.3426694331982377
4322400,Uruguaiana,RS,Sul,-3.4633334,133,60.89481604526519,177.65648066997528,0.3427672090295813
1302306,Jutaí,AM,Norte,1.1066667,57,23.114528452169786,67.22999978065491,0.3438127105099422
2933307,Vitória da Conquista,BA,Nordeste,-5.25,464,159.7765557769741,464.0,0.34434602538140974
2928406,Santa Rita de Cássia,BA,Nordeste,-5.38,44,15.155509095367968,44.0,0.3444433885310902
4311304,Lagoa Vermelha,RS,Sul,1.1666666,39,15.438436906498055,44.8071563243866,0.3445529279905581
1721208,Tocantinópolis,TO,Norte,-6.81,36,13.851354018965225,40.16000008583069,0.3449042328028351
4306601,Dom Pedrito,RS,Sul,2.54,50,21.116945937883433,61.222593545913696,0.34492079990121366
2604601,Condado,PE,Nordeste,-5.57,39,13.901208879739626,40.299999952316284,0.3449431487887791
2705705,Olho d'Água das Flores,AL,Nordeste,-6.26,57,20.56688226783944,59.209999561309814,0.3473548795848778
2904605,Brumado,BA,Nordeste,-4.42,87,30.230273440304092,87.0,0.34747440735981716
1600402,Mazagão,AP,Norte,-7.12,52,20.908527853322468,60.139999866485596,0.3476642484160401
2408003,Mossoró,RN,Nordeste,-8.496667,229,101.05158802917377,289.7300012111664,0.3487784751552998
2702801,Flexeiras,AL,Nordeste,-6.79,33,12.389614095827048,35.44000005722046,0.3495940766315777
2921104,Medeiros Neto,BA,Nordeste,-4.71,35,12.23821407104326,35.0,0.34966325917266455
1301852,Iranduba,AM,Norte,-3.69,135,56.81141543944702,162.4700003862381,0.34967326462971554
5102702,Canarana,MT,Centro-Oeste,-3.2966666,56,23.89557128930796,68.21999943256378,0.3502722293765041
5005202,Ladário,MS,Centro-Oeste,-7.22,44,18.485084110746385,52.769999623298645,0.35029532390947715
4302808,Caçapava do Sul,RS,Sul,4.0533333,44,18.73033606585911,53.39444422721863,0.3507918536646372
1506203,Salinópolis,PA,Norte,-5.88,77,31.838543400071707,90.75000011920929,0.35083794334158197
2931350,Teixeira de Freitas,BA,Nordeste,-4.65,196,68.7662246033591,196.0,0.35084808471101586
2604205,Catende,PE,Nordeste,-5.7,39,14.887113393805064,42.42999970912933,0.35086291529250047
4321204,Taquara,RS,Sul,-7.173333,83,30.647050416466662,87.02182710170746,0.3521765910597082
1504802,Monte Alegre,PA,Norte,-4.32,110,43.65336304294392,123.60000097751617,0.35318254609791483
2905206,Caetité,BA,Nordeste,-5.06,70,24.749610469654456,70.0,0.3535658638522065
4314803,Portão,RS,Sul,-3.98,57,23.758950121014628,67.1908096075058,0.3536041649118713
1600303,Macapá,AP,Norte,-7.866667,987,396.2761595522711,1120.089996099472,0.3537895713132313
4320800,Soledade,RS,Sul,-7.8433332,30,11.789017439887214,33.29671573638916,0.3540594674027651
1304237,Tonantins,AM,Norte,-5.52,39,14.922928827289978,42.12999999523163,0.35421146045523355
2613404,São José da Coroa Grande,PE,Nordeste,-6.06,35,12.905478813892064,36.4300000667572,0.3542541529026365
4319901,Sapiranga,RS,Sul,-7.653333,115,47.666214739190266,134.40015482902527,0.35465892728939175
3536703,Pederneiras,SP,Sudeste,-6.64,56,21.58770425703443,60.67956280708313,0.35576565252567205
2929909,Seabra,BA,Nordeste,-5.13,68,24.20279579631525,68.0,0.3559234675928713
4307609,Estância Velha,RS,Sul,2.9333334,84,31.391330232200406,87.98380172252655,0.35678533568257104
2803500,Lagarto,SE,Nordeste,6.71,108,41.51192187289463,115.84999978542328,0.3583247470848751
1502707,Conceição do Araguaia,PA,Norte,-5.383333,86,35.798056097044636,99.87999963760376,0.35841065505537956
4320008,Sapucaia do Sul,RS,Sul,-2.2566667,210,84.88343376784941,236.30221843719482,0.3592155601806591
5007901,Sidrolândia,MS,Centro-Oeste,-6.66,98,46.56646114357896,129.48999989032745,0.3596143422891249
2515302,Sapé,PB,Nordeste,-6.85,68,27.893153145904925,77.53000044822693,0.3597723846852219
3522901,Itapuí,SP,Sudeste,-6.76,33,13.339236521674513,37.05634558200836,0.3599717217704002
2925303,Porto Seguro,BA,Nordeste,-5.41,310,111.64460632549888,310.0,0.360143891372577
1501709,Bragança,PA,Norte,-5.95,176,75.48932424205692,209.3199987411499,0.36064076388328675
3555406,Ubatuba,SP,Sudeste,-6.12,131,56.70069483566748,157.0208319425583,0.3611030086530802
3521002,Iperó,SP,Sudeste,-6.17,49,20.405231519596306,56.44461500644684,0.361508914840959
4305108,Caxias do Sul,RS,Sul,-5.076667,556,241.23933751748342,667.2134422063828,0.36156246600748665
2207900,Pedro II,PI,Nordeste,-7.22,61,23.622148521602575,65.26999962329865,0.3619143351913007
1506161,Rio Maria,PA,Norte,-6.06,31,13.12000159716917,36.20999991893768,0.36233089275174124
2109502,Riachão,MA,Nordeste,,34,13.524636548691934,37.299999356269836,0.36259079844779
4315305,Quaraí,RS,Sul,4.8433332,35,14.193656426001473,39.08043026924133,0.3631908944762244
2706448,Paripueira,AL,Nordeste,-4.4,32,11.667010725317027,32.11999988555908,0.3632319665904616
2509107,Mari,PB,Nordeste,-6.48,33,13.948962432810156,38.39999997615814,0.3632542302466357
2605707,Floresta,PE,Nordeste,-6.89,38,14.316565333742519,39.37999999523163,0.3635491451365174
4317103,Sant'Ana do Livramento,RS,Sul,0.46333334,99,44.57230738862299,122.44449937343597,0.3640204959529022
2110708,São Domingos do Maranhão,MA,Nordeste,-6.06,49,20.252029907079123,55.62999987602234,0.3640487138632578
4317301,Santa Vitória do Palmar,RS,Sul,-7.08,41,18.093452228735984,49.67992317676544,0.36420048727446547
1600279,Laranjal do Jari,AP,Norte,-6.35,88,34.516512371726414,94.54999923706055,0.3650609481781683
1303809,São Gabriel da Cachoeira,AM,Norte,3.68,118,46.99369010658537,128.3800004720688,0.36605148725489867
5006002,Nova Alvorada do Sul,MS,Centro-Oeste,-6.56,67,25.0467295972007,68.30999982357025,0.36666270914786864
3304904,São Gonçalo,RJ,Sudeste,-5.56,678,318.41559245341915,867.740002155304,0.3669481545883955
1502301,Capitão Poço,PA,Norte,-4.79,69,28.060072747764483,76.46000039577484,0.36699022498716954
2922003,Mucuri,BA,Nordeste,-5.07,54,19.82164805377778,54.0,0.36706755655144035
1702109,Araguaína,TO,Norte,-6.72,307,128.7053516338841,349.75999784469604,0.3679819088146071
5003207,Corumbá,MS,Centro-Oeste,-6.09,198,88.81237675506263,240.73000168800354,0.36892940693851406
3302502,Magé,RJ,Sudeste,-5.48,432,187.40951292149344,507.51000118255615,0.3692725512498432
3301702,Duque de Caxias,RJ,Sudeste,-5.35,1015,467.5621855324486,1265.1100027561188,0.3695822375238802
3527207,Lorena,SP,Sudeste,-5.98,109,45.14136914355728,121.88854157924652,0.3703495714911673
3537602,Peruíbe,SP,Sudeste,-6.31,84,34.6792989883432,93.6233686208725,0.37041285203886326
3550704,São Sebastião,SP,Sudeste,-6.36,144,58.60839597167572,158.1065535545349,0.3706892260570351
2101400,Balsas,MA,Nordeste,-6.29,190,77.57172059783173,209.1699994802475,0.37085490649034036
2513901,São Bento,PB,Nordeste,-5.98,31,12.970710243973505,34.93999946117401,0.3712281180309348
2102309,Buriti Bravo,MA,Nordeste,-7.02,41,16.09531421659706,43.22999966144562,0.37231816661223704
4322202,Tupanciretã,RS,Sul,-5.77,30,12.306507155643601,33.05242192745209,0.37233299219813853
2807402,Tobias Barreto,SE,Nordeste,-2.52,64,24.657419953611413,66.00999963283539,0.37354067703018223
3304805,São Fidélis,RJ,Sudeste,-6.29,40,17.89460956854162,47.89999997615814,0.3735826634122866
1504455,Medicilândia,PA,Norte,-5.09,50,25.055758926159985,67.05999982357025,0.37363195633879775
2513703,Santa Rita,PB,Nordeste,-4.383333,153,78.84532815246453,210.64000070095062,0.37431317836160977
4307708,Esteio,RS,Sul,-16.343334,85,40.77880511765437,108.83219766616821,0.3746943091486514
2511202,Pedras de Fogo,PB,Nordeste,-6.55,58,23.304310782214564,61.960000872612,0.3761186322467549
5006309,Paranaíba,MS,Centro-Oeste,-7.06,73,28.516788801849803,75.79999911785126,0.3762109384396281
3515004,Embu das Artes,SP,Sudeste,1.1066667,419,182.9247708300677,485.7150763273239,0.37660920927806346
2500601,Alhandra,PB,Nordeste,-3.76,33,14.244827534324422,37.82000029087067,0.37664800171254803
5007109,Ribas do Rio Pardo,MS,Centro-Oeste,-6.81,47,20.156702241031862,53.44999933242798,0.37711323653474477
1100106,Guajará-Mirim,RO,Norte,0.016666668,74,31.327406919052063,83.05000054836273,0.37721139930407455
1503093,Goianésia do Pará,PA,Norte,-5.51,40,17.095556904810994,45.27999949455261,0.3775520559991982
2917201,Ituaçu,BA,Nordeste,-3.73,31,11.712960024407476,31.0,0.37783742014217664
2609303,Mirandiba,PE,Nordeste,-6.72,31,11.877473094847403,31.419999599456787,0.3780227003902556
2917607,Jaguaquara,BA,Nordeste,-5.47,81,30.6219620227532,81.0,0.3780489138611506
1503044,Floresta do Araguaia,PA,Norte,-5.26,34,14.776130128848763,38.989999890327454,0.37897230496054424
3302601,Mangaratiba,RJ,Sudeste,-5.3,66,32.732834424571685,86.3099992275238,0.37924730294903486
4313706,Palmeira das Missões,RS,Sul,1.63,46,21.560557796339708,56.823829770088196,0.37942810056229415
2929503,São Sebastião do Passé,BA,Nordeste,-4.94,39,14.799699667985205,39.0,0.37947947866628734
2412500,São Miguel,RN,Nordeste,-6.29,38,16.65645202062392,43.8100004196167,0.3801974859869141
2609907,Ouricuri,PE,Nordeste,-6.66,72,31.87491875806333,83.83000016212463,0.38023283665058116
2402006,Caicó,RN,Nordeste,-2.5533333,43,20.220471207767208,53.149999499320984,0.38044160674028854
1500602,Altamira,PA,Norte,-5.42,211,99.5542100497906,261.40000200271606,0.38085007378368796
4305355,Charqueadas,RS,Sul,-0.68333334,48,19.73718855706036,51.817702889442444,0.38089663293587833
4321709,Três Coroas,RS,Sul,-4.07,36,15.469214748605738,40.60606133937836,0.3809582667798472
1507458,São Geraldo do Araguaia,PA,Norte,-5.45,50,22.417335084578635,58.799999475479126,0.3812471987168495
2201507,Batalha,PI,Nordeste,-5.83,36,14.535566500193696,38.11999988555908,0.38131076977521644
2911709,Guanambi,BA,Nordeste,-5.15,132,50.36519371450692,132.0,0.38155449783717366
3513405,Cruzeiro,SP,Sudeste,-6.34,68,27.81279634894468,72.87854766845703,0.381632143322506
3518800,Guarulhos,SP,Sudeste,2.3766668,1951,872.0187354474581,2281.041823029518,0.3822896742372328
1300029,Alvarães,AM,Norte,3.94,40,17.318908724089884,45.300000071525574,0.3823158652702985
1300300,Autazes,AM,Norte,,42,44.96017913004156,117.589998960495,0.38234696426135845
3303203,Nilópolis,RJ,Sudeste,-5.74,114,50.768179619063616,132.760000705719,0.3824056895841568
1504000,Limoeiro do Ajuru,PA,Norte,-5.28,41,19.13081005113148,50.019999742507935,0.3824632177051724
2706505,Passo de Camaragibe,AL,Nordeste,-6.03,31,12.143110431370744,31.72999942302704,0.3827012496747248
2606408,Gravatá,PE,Nordeste,-6.0,66,26.37227335776392,68.90999984741211,0.3827060428988569
4318200,São Francisco de Paula,RS,Sul,1.3433334,40,16.977079348135252,44.27607226371765,0.38343688769446793
1304203,Tefé,AM,Norte,,193,82.32270928424585,214.26999878883362,0.3842008202248423
1501808,Breves,PA,Norte,-5.78,149,67.70878717520992,175.00999999046326,0.3868852475795643
1502509,Chaves,PA,Norte,-5.68,32,13.526717262813388,34.95999991893768,0.38691983106916494
2926400,Riacho de Santana,BA,Nordeste,-6.02,39,15.115462068993653,39.0,0.3875759504870167
2613107,São Caitano,PE,Nordeste,-5.64,51,20.11792254799324,51.86999952793121,0.387852761347338
2908101,Cocos,BA,Nordeste,-5.14,30,11.636516528257228,30.0,0.38788388427524095
1301605,Fonte Boa,AM,Norte,,43,21.761616557275563,56.09999930858612,0.38790760829733095
2105500,João Lisboa,MA,Nordeste,-6.76,34,14.962901288759696,38.56999981403351,0.38794144052122903
1505437,Ourilândia do Norte,PA,Norte,-5.13,71,31.248831095248484,80.40999937057495,0.3886187208040647
3511409,Cerqueira César,SP,Sudeste,-5.78,30,12.464571784624473,32.055869936943054,0.3888389804782547
5106505,Poconé,MT,Centro-Oeste,1.5566666,55,23.152014865335868,59.53999972343445,0.38884808486526456
5006903,Porto Murtinho,MS,Centro-Oeste,-7.07,31,14.55100252961131,37.33999967575073,0.3896894123183668
5005400,Maracaju,MS,Centro-Oeste,-6.2,100,47.15367624063695,120.85999953746796,0.39015121976745315
4216206,São Francisco do Sul,SC,Sul,,62,40.29346584873483,103.1900006532669,0.39047839513177846
1502756,Concórdia do Pará,PA,Norte,-6.2,32,15.092738393645867,38.61999952793121,0.3908011024891473
1504059,Mãe do Rio,PA,Norte,-5.59,61,27.02515257065732,69.0699999332428,0.39127193567073315
2208403,Piripiri,PI,Nordeste,-6.9,103,41.220736500977765,105.34999859333038,0.39127420077239006
3535507,Paraguaçu Paulista,SP,Sudeste,-5.21,67,29.13618602093057,74.44630360603333,0.3913718292195947
1302504,Manacapuru,AM,Norte,3.2666667,175,81.69382461967761,208.40999960899353,0.39198610802239203
3306008,Três Rios,RJ,Sudeste,-4.39,96,43.09297361797019,109.89000058174133,0.3921464499940157
5003256,Costa Rica,MS,Centro-Oeste,-6.39,69,27.957620706104766,71.16999959945679,0.3928287320984916
5002704,Campo Grande,MS,Centro-Oeste,-16.186666,1432,629.3364647974888,1602.0400000810623,0.3928344265846326
4202305,Biguaçu,SC,Sul,,93,60.374517377682615,153.4099999666214,0.393550077510063
1506112,Quatipuru,PA,Norte,-5.1,32,13.89344252661221,35.30000042915344,0.39358193647889994
3534401,Osasco,SP,Sudeste,-5.52,972,448.6996419799328,1139.4028548002243,0.39380245546129067
2902807,Barra da Estiva,BA,Nordeste,-5.29,31,12.229331535522666,31.0,0.3944945656620215
4307005,Erechim,RS,Sul,1.14,131,56.22076108016028,142.47004103660583,0.39461461982533635
3139300,Manga,MG,Sudeste,8.306666,35,15.646356864299397,39.62000000476837,0.3949105719943543
5103403,Cuiabá,MT,Centro-Oeste,-1.1333333,850,402.03159309859916,1017.7900004386902,0.3950044635193061
2112506,Tutóia,MA,Nordeste,-6.52,94,40.788030834612165,103.2299998998642,0.39511799742495035
1508001,Tomé-Açu,PA,Norte,-5.23,170,75.97574765562817,192.22000014781952,0.39525412338571375
2504009,Campina Grande,PB,Nordeste,-3.4166667,406,188.5106713358006,476.65999937057495,0.3954824646178139
2708907,Satuba,AL,Nordeste,-5.92,44,18.161798661515018,45.9099999666214,0.39559570191068283
3551504,Serrana,SP,Sudeste,-5.52,72,31.66579226125674,80.04384469985962,0.3956055881622622
4306106,Cruz Alta,RS,Sul,-2.18,99,48.19068989879651,121.80515491962433,0.39563752396683166
3300308,Barra do Piraí,RJ,Sudeste,-5.61,101,52.119147322121826,131.5899999141693,0.3960722498375027
3551009,São Vicente,SP,Sudeste,-11.0633335,453,201.92308509123373,509.6717494726181,0.39618261224047296
3552809,Taboão da Serra,SP,Sudeste,-10.35,383,175.35061160160657,442.5369038581848,0.39623952278971825
2704203,Limoeiro de Anadia,AL,Nordeste,-5.85,43,17.60045179057219,44.31999981403351,0.39712210885432303
1502954,Eldorado do Carajás,PA,Norte,-4.49,43,19.494143397824917,49.08000040054321,0.3971911825332658
2708600,São Miguel dos Campos,AL,Nordeste,-4.92,85,36.35707378174607,91.4799987077713,0.397431944636194
3530607,Mogi das Cruzes,SP,Sudeste,-5.44,620,276.7041063431651,696.2256022691727,0.3974345462753991
5106422,Peixoto de Azevedo,MT,Centro-Oeste,-6.67,75,32.73187196865113,82.35000014305115,0.3974726400946231
5002902,Cassilândia,MS,Centro-Oeste,-6.51,33,14.656644726017715,36.869999289512634,0.3975222405330145
4318804,São Lourenço do Sul,RS,Sul,-7.4133334,55,27.500406459385946,69.09086239337921,0.39803246777856455
2610400,Parnamirim,PE,Nordeste,-5.13,30,12.6490640856106,31.769999980926514,0.3981449195217064
1505106,Óbidos,PA,Norte,-5.11,81,37.57604384104695,94.30000030994415,0.39847342224329213
2100477,Alto Alegre do Pindaré,MA,Nordeste,-6.67,56,23.733664154621835,59.549999952316284,0.3985501960306665
3545308,Salto de Pirapora,SP,Sudeste,-3.2133334,75,32.37060552560215,81.08973062038422,0.3991948829765242
3524006,Itupeva,SP,Sudeste,-5.67,83,39.648813255666084,99.29493296146393,0.39930348984729835
4311809,Marau,RS,Sul,-0.31333333,71,32.55713281826942,81.46968448162079,0.3996226697749661
1702208,Araguatins,TO,Norte,-6.75,46,21.65953526669383,54.119999289512634,0.400213147654106
1505536,Parauapebas,PA,Norte,-4.26,416,226.65928838242698,565.6300015449524,0.40072006039872987
4319505,São Sebastião do Caí,RS,Sul,10.783334,32,14.546069368037468,36.24012041091919,0.4013802714533675
3539103,Pirapora do Bom Jesus,SP,Sudeste,-5.85,39,17.249618926288232,42.97279965877533,0.40140784550363234
3520400,Ilhabela,SP,Sudeste,-5.76,56,26.149001689553387,65.10891437530518,0.40161937793684527
1300607,Benjamin Constant,AM,Norte,,115,49.075476404974154,122.16999983787537,0.40169826037570056
4320909,Tapejara,RS,Sul,7.18,42,17.766244830512893,44.22051823139191,0.4017647359433416
3556503,Várzea Paulista,SP,Sudeste,-5.12,177,78.25400813506062,194.72987043857574,0.4018592933832641
4304705,Carazinho,RS,Sul,2.7333333,80,36.86580022549303,91.73041808605194,0.4018928616558727
1501907,Bujaru,PA,Norte,-4.72,37,16.848908451614086,41.87000012397766,0.4024100406430435
3554805,Tremembé,SP,Sudeste,-5.93,49,21.84949026088292,54.26756834983826,0.4026251944813378
2109270,Presidente Sarney,MA,Nordeste,-2.83,35,17.500583356874312,43.419999837875366,0.40305351041499804
1600600,Santana,AP,Norte,-3.5666666,237,103.12824868473696,255.73999989032745,0.40325427672230735
2112308,Tuntum,MA,Nordeste,-6.39,45,19.75388798219712,48.959999799728394,0.40346993592730174
3513108,Cravinhos,SP,Sudeste,-6.05,45,21.539985261198552,53.3237509727478,0.40394730056043887
3305554,Seropédica,RJ,Sudeste,-5.45,141,70.43161904704331,174.21000027656555,0.40429148117347
5000708,Anastácio,MS,Centro-Oeste,16.986666,58,25.43561821415803,62.88999927043915,0.4044461521581509
5001904,Bataguassu,MS,Centro-Oeste,-6.52,37,15.984250478587336,39.519999742507935,0.4044597819517338
2512002,Pocinhos,PB,Nordeste,-6.02,37,16.437734749832877,40.60999917984009,0.4047706250137778
4209300,Lages,SC,Sul,-6.0666666,211,121.07047349001277,298.63999915122986,0.40540608704161984
4100400,Almirante Tamandaré,PR,Sul,-4.56,153,75.20437393232599,185.40999925136566,0.40561120886673036
3536307,Patrocínio Paulista,SP,Sudeste,-5.7,31,13.396344953051177,32.99596166610718,0.40599953074899003
2108504,Pindaré-Mirim,MA,Nordeste,-6.16,68,30.858366049154707,75.88000011444092,0.40667324726693
2601706,Belo Jardim,PE,Nordeste,-4.98,105,46.83046128704316,114.64999949932098,0.40846455727477354
1301308,Codajás,AM,Norte,1.8766667,54,24.47209794206496,59.91000032424927,0.40848101835445316
4211306,Navegantes,SC,Sul,,116,102.13658953797992,249.9700025320053,0.4085953854599121
1504422,Marituba,PA,Norte,-3.76,206,107.08266078140204,262.0499999523163,0.40863446212893434
3303708,Paraíba do Sul,RJ,Sudeste,-4.94,52,26.489016375774078,64.73000061511993,0.4092231750973698
3506607,Biritiba Mirim,SP,Sudeste,-5.97,42,21.096639065239657,51.537111043930054,0.409348499322303
4220000,Balneário Rincão,SC,Sul,-1.53,36,19.311406776267788,47.149999499320984,0.40957384902084454
3512001,Colina,SP,Sudeste,-5.81,30,12.888071404753898,31.46360981464386,0.4096183330736419
4322509,Vacaria,RS,Sul,3.5666666,99,47.13308393549008,114.99395251274109,0.40987445779175063
5103353,Confresa,MT,Centro-Oeste,-6.71,82,36.4207304265372,88.77999901771545,0.4102357606387187
2600054,Abreu e Lima,PE,Nordeste,-5.31,108,50.000137360007066,121.87000119686127,0.41027436505264275
4208450,Itapoá,SC,Sul,,39,28.255360009821082,68.86000037193298,0.41033052363063643
1507706,São Sebastião da Boa Vista,PA,Norte,-5.22,54,25.659324146754997,62.510000348091125,0.41048350670083716
1709500,Gurupi,TO,Norte,-5.73,109,50.75937350554422,123.56000089645386,0.41080748735249484
2101202,Bacabal,MA,Nordeste,-5.56,121,52.43518849367261,127.39999902248383,0.4115791907064202
3552502,Suzano,SP,Sudeste,-2.36,516,238.63246470487402,579.6657260656357,0.41167254501062844
1501105,Bagre,PA,Norte,-5.42,33,14.865639597882618,36.109999656677246,0.411676536671851
1304104,Tapauá,AM,Norte,-4.3566666,36,16.57787613613151,40.24999916553497,0.411872707573289
4311403,Lajeado,RS,Sul,-5.3166666,118,55.28513054893656,134.11121368408203,0.41223346676414785
4311007,Jaguarão,RS,Sul,11.8133335,36,17.900461374433885,43.38872992992401,0.41256016028458187
4211751,Otacílio Costa,SC,Sul,-6.8566666,45,22.49564714227395,54.50999975204468,0.4126884469749082
2602001,Bodocó,PE,Nordeste,-5.62,37,15.629813943052003,37.86999952793121,0.41272284494020534
4103107,Bocaiúva do Sul,PR,Sul,-5.07,38,18.096435945623053,43.84000039100647,0.41278366296126756
4201307,Araquari,SC,Sul,,72,55.21845734330738,133.77000164985657,0.4127865490189787
3521804,Itaí,SP,Sudeste,-5.32,45,20.35150269575562,49.166592717170715,0.4139294909620238
5002100,Bela Vista,MS,Centro-Oeste,-5.81,51,24.444380650649578,58.89000058174133,0.415085420430926
2102804,Carolina,MA,Nordeste,-5.71,38,17.830419306105423,42.94999980926514,0.4151436411009962
4322707,Vera Cruz,RS,Sul,6.17,33,14.594058446465759,35.119130969047546,0.41555864407146975
3531803,Monte Mor,SP,Sudeste,-5.0,120,60.549621812774554,145.61469531059265,0.41582081865860904
2613701,São Lourenço da Mata,PE,Nordeste,-5.77,133,60.9003679388084,146.189999461174,0.4165836798910631
2704005,Junqueiro,AL,Nordeste,-4.42,36,16.59366342073613,39.82000029087067,0.416716808124697
1303106,Nova Olinda do Norte,AM,Norte,-4.0933332,54,28.210230298120685,67.65999948978424,0.41694103622303536
5005004,Jardim,MS,Centro-Oeste,-6.74,54,26.360125305966726,63.1500004529953,0.41742082528704755
3554102,Taubaté,SP,Sudeste,-5.73,312,151.40596617258532,362.50873243808746,0.4176615695690691
3524402,Jacareí,SP,Sudeste,-5.58,320,154.76564245277376,370.0922260284424,0.4181812844695627
3504008,Assis,SP,Sudeste,-5.86,126,58.26175058221967,139.01228880882263,0.41911223159805994
2202901,Corrente,PI,Nordeste,-5.27,39,17.19852514287057,40.93999969959259,0.4200909933822427
1508407,Xinguara,PA,Norte,-4.96,83,41.43976528520137,98.59000027179718,0.4203242232575153
3301850,Guapimirim,RJ,Sudeste,-4.91,82,40.710571063407485,96.8400000333786,0.4203900356193252
2102325,Buriticupu,MA,Nordeste,-6.35,106,48.34554881336122,114.96999871730804,0.42050577848778464
4302352,Bom Princípio,RS,Sul,0.07666667,30,13.992400858035408,33.27490985393524,0.42050905380230813
4317400,Santiago,RS,Sul,-5.89,63,30.03585809220638,71.4258154630661,0.42051823836351937
3518701,Guarujá,SP,Sudeste,-8.06,472,228.37309243698658,542.5229454040527,0.42094642147697925
3516408,Franco da Rocha,SP,Sudeste,-6.71,267,124.97572030319618,296.8808728456497,0.42096251976519844
1301209,Coari,AM,Norte,2.24,149,70.71912216727087,167.95000040531158,0.42107247393036806
4303905,Campo Bom,RS,Sul,0.85,83,39.54124389618115,93.79796707630157,0.4215575787907604
3541000,Praia Grande,SP,Sudeste,-4.82,550,275.96296832692514,654.6164553165436,0.42156436197969027
4306908,Encruzilhada do Sul,RS,Sul,2.7766666,38,17.904598465123534,42.452380299568176,0.42175723337015475
2105302,Imperatriz,MA,Nordeste,-5.63,387,187.59000014411734,444.5999982357025,0.42192982655989
2103604,Coroatá,MA,Nordeste,-6.1,96,46.35277730229807,109.839998960495,0.4220027106789148
2104800,Grajaú,MA,Nordeste,-5.99,147,66.73591910001339,158.11999988555908,0.42205868421650755
4317202,Santa Rosa,RS,Sul,-3.6,99,44.90869248798545,106.4019148349762,0.4220665817681616
2112100,Timbiras,MA,Nordeste,-6.04,51,24.062404355698543,56.84999895095825,0.42326129814806185
2516201,Sousa,PB,Nordeste,-13.66,90,43.23699398484693,102.05999958515167,0.423642897909019
4303509,Camaquã,RS,Sul,3.27,81,40.12651656070008,94.70139014720917,0.42371623582637136
2603702,Canhotinho,PE,Nordeste,-5.19,42,18.68880410264481,44.079999685287476,0.4239746877512467
3506102,Bebedouro,SP,Sudeste,-5.13,94,44.332562249183184,104.45636570453644,0.42441226008744687
1301704,Humaitá,AM,Norte,-2.0533333,116,53.24481095503324,125.450000166893,0.42443053713988643
5007208,Rio Brilhante,MS,Centro-Oeste,-6.25,81,36.14625009953019,85.15999960899353,0.4244510364665723
3524105,Ituverava,SP,Sudeste,-5.18,50,23.237300303726624,54.726165890693665,0.424610420363437
3304755,São Francisco de Itabapoana,RJ,Sudeste,-5.85,65,30.851943834555346,72.63999927043915,0.4247239006665374
1505064,Novo Repartimento,PA,Norte,-4.05,101,52.23695141160052,122.84999966621399,0.42520921085494023
2111805,Sítio Novo,MA,Nordeste,-5.99,41,18.296078200020506,42.96999967098236,0.42578725483155744
1506807,Santarém,PA,Norte,-4.16,567,294.9487905784098,692.2999999523163,0.4260418757745559
2102200,Buriti,MA,Nordeste,-5.66,37,17.39774937348105,40.739999890327454,0.427043432015611
2606200,Goiana,PE,Nordeste,-4.45,92,46.09824450707368,107.79999911785126,0.4276275035649791
3503802,Artur Nogueira,SP,Sudeste,-4.92,86,39.28137262238457,91.7662284374237,0.4280591377815089
1301902,Itacoatiara,AM,Norte,9.02,151,73.26108879532946,170.8999993801117,0.42867811036314807
3539301,Pirassununga,SP,Sudeste,-5.53,73,34.18313562812257,79.67817032337189,0.429015067607491
5007703,Sete Quedas,MS,Centro-Oeste,-4.27,31,13.302210035683379,31.0,0.4291035495381735
2503209,Cabedelo,PB,Nordeste,-4.733333,100,47.53831876814409,110.77000117301941,0.429162392928846
2104206,Fortuna,MA,Nordeste,-6.22,51,22.511015677059618,52.39999961853027,0.42959953894921443
1300706,Boca do Acre,AM,Norte,-7.983333,60,30.492349539352983,70.9399995803833,0.4298329534778414
1506005,Prainha,PA,Norte,-3.76,76,37.53911510987618,87.20000004768372,0.4304944390980344
1302603,Manaus,AM,Norte,-0.3,3407,1938.0659040336684,4500.850002408028,0.4305999762259955
2708402,São José da Tapera,AL,Nordeste,-5.08,57,25.875133289325625,60.03999972343445,0.43096491353290595
1507151,São Domingos do Araguaia,PA,Norte,-5.51,37,19.872434747111388,46.050000071525574,0.4315403847175942
3519709,Ibiúna,SP,Sudeste,-5.69,139,65.69988874042191,152.2265249490738,0.4315929090702248
5103254,Colniza,MT,Centro-Oeste,-6.07,62,29.38188049530569,68.02999949455261,0.43189593875652454
1501402,Belém,PA,Norte,-0.41333333,1245,654.3723349173396,1514.6399940252304,0.4320315966161126
4321808,Três de Maio,RS,Sul,-7.92,38,17.61186895915181,40.73538541793823,0.4323481606582823
4313375,Nova Santa Rita,RS,Sul,-3.77,44,22.446308893173622,51.90681612491608,0.4324347083657679
4202107,Barra Velha,SC,Sul,,57,57.81084814543465,133.6399998664856,0.4325864127745523
5107008,Poxoréu,MT,Centro-Oeste,-15.353333,43,21.817502362837907,50.43000066280365,0.4326294284372307
3501152,Alumínio,SP,Sudeste,-5.15,31,14.348531536153525,33.14404737949371,0.4329142838792521
2103307,Codó,MA,Nordeste,-5.38,173,83.79793949134779,193.27999901771545,0.4335572222538511
4322004,Triunfo,RS,Sul,-0.35,58,26.803738572740556,61.79867136478424,0.4337267773043835
3525201,Jarinu,SP,Sudeste,-5.12,63,28.802561703863258,66.34637224674225,0.43412413864538807
2103000,Caxias,MA,Nordeste,-5.82,216,112.96153067640961,259.77999925613403,0.4348353645387206
4208203,Itajaí,SC,Sul,,334,239.27941805801646,550.1600017547607,0.43492696178352425
2506301,Guarabira,PB,Nordeste,-6.66,66,32.05478232885225,73.65999913215637,0.4351721790186485
3529906,Miracatu,SP,Sudeste,-5.84,31,14.562086842812416,33.41876661777496,0.43574578946510406
4310207,Ijuí,RS,Sul,-5.53,131,62.36703542021022,143.1067317724228,0.43580783830204545
2609402,Moreno,PE,Nordeste,-4.41,61,27.64397291642778,63.429999113082886,0.4358185921955344
3534302,Orlândia,SP,Sudeste,-5.66,41,20.179401106712966,46.256054639816284,0.4362542647410085
2112902,Vitória do Mearim,MA,Nordeste,-5.09,41,19.621743807930095,44.9000004529953,0.4370098799547143
3303302,Niterói,RJ,Sudeste,-4.64,341,189.02025043484258,432.4700014591217,0.43707135708165257
2602605,Brejo da Madre de Deus,PE,Nordeste,-4.48,61,27.513720067835436,62.93000030517578,0.4372115038043711
5104609,Itiquira,MT,Centro-Oeste,-5.97,36,17.88217100758162,40.90000081062317,0.43721688638541517
1506583,Santa Maria das Barreiras,PA,Norte,-4.37,30,15.57639727385562,35.62000048160553,0.4372935728032739
4317608,Santo Antônio da Patrulha,RS,Sul,-3.3933334,43,21.418202423670106,48.92810499668121,0.43774845613013014
5100409,Alto Garças,MT,Centro-Oeste,-6.19,34,15.8506601012771,36.18999922275543,0.43798453831716505
3525003,Jandira,SP,Sudeste,-5.67,119,59.30210876657169,135.3024801015854,0.4382928437235411
3515152,Engenheiro Coelho,SP,Sudeste,-4.42,31,15.94109578296615,36.34986054897308,0.43854627066558305
1702554,Augustinópolis,TO,Norte,-4.93,30,14.156489809143602,32.269999861717224,0.438688871081708
3516309,Francisco Morato,SP,Sudeste,6.3433332,328,164.48351208249437,374.9277160167694,0.4387072629091457
2206209,Miguel Alves,PI,Nordeste,-6.37,50,23.307043909045355,53.110000133514404,0.4388447345218087
2703205,Igreja Nova,AL,Nordeste,-5.24,34,15.716042875537658,35.800000071525574,0.4389956101714594
1503903,Juruti,PA,Norte,-14.913333,132,67.56483280146198,153.8699995279312,0.43910335353707003
3522307,Itapetininga,SP,Sudeste,4.88,238,113.87916348224014,259.2937457561493,0.4391897812658269
4320107,Sarandi,RS,Sul,0.27333334,42,21.595091215259067,49.13099777698517,0.43954106760223444
3301900,Itaboraí,RJ,Sudeste,-4.74,340,185.30073629280778,420.7299997806549,0.44042672590358
3511706,Charqueada,SP,Sudeste,-5.7,31,14.668440142876719,33.2834974527359,0.4407121025579292
3136702,Juiz de Fora,MG,Sudeste,0.72,507,271.54266652694434,616.0899990797043,0.44075162221845215
1301001,Carauari,AM,Norte,6.8333335,62,33.403834458734146,75.74000000953674,0.4410329344405615
2103208,Chapadinha,MA,Nordeste,-5.36,103,47.69692429303211,108.09999942779541,0.44122964426924827
3530102,Mirandópolis,SP,Sudeste,-4.4,30,15.125698430922085,34.23934054374695,0.4417637194734014
3513009,Cotia,SP,Sudeste,-0.48666668,414,211.195162801997,478.056103348732,0.4417790324662679
2112407,Turiaçu,MA,Nordeste,-6.22,50,24.028673701936064,54.39000070095062,0.4417847654397271
4208807,Jaguaruna,SC,Sul,5.22,54,32.7854687674118,74.18000078201294,0.4419718040143452
3531100,Mongaguá,SP,Sudeste,-5.14,118,62.12279069012333,140.53739202022552,0.44203745207668926
3543907,Rio Claro,SP,Sudeste,0.27333334,252,124.60880910282404,281.74321365356445,0.44227794340432575
1502772,Curionópolis,PA,Norte,-4.82,37,19.44989649930294,43.93999934196472,0.442646718037781
3540705,Porto Ferreira,SP,Sudeste,-5.1,65,31.695166520915464,71.55299854278564,0.44296070278540606
3550605,São Roque,SP,Sudeste,-4.58,98,47.60475516848396,107.40387737751007,0.4432312531991718
2211308,Valença do Piauí,PI,Nordeste,-4.64,32,15.159273912631472,34.19000005722046,0.44338326666454747
4316808,Santa Cruz do Sul,RS,Sul,3.06,157,78.86171938729098,177.73964369297028,0.4436923454371143
1506195,Rurópolis,PA,Norte,-3.65,42,21.835331612398942,49.17999994754791,0.4439880365125466
2106326,Maracaçumé,MA,Nordeste,-3.66,51,25.144315185630408,56.630000591278076,0.44401050544052145
4308607,Garibaldi,RS,Sul,8.083333,41,20.871157362299932,46.971925377845764,0.44433259216884863
3300803,Cachoeiras de Macacu,RJ,Sudeste,-4.85,70,39.27657780510684,88.38999927043915,0.4443554489115418
2611606,Recife,PE,Nordeste,6.23,1521,734.4578678546397,1651.6399911642075,0.4446839939598068
3523107,Itaquaquecetuba,SP,Sudeste,-8.99,684,329.9014326153877,741.4179660081863,0.4449601274050393
3502507,Aparecida,SP,Sudeste,-5.85,43,20.39168495046941,45.79775857925415,0.4452550863418588
3508009,Buri,SP,Sudeste,-5.1,44,20.532075429403594,46.061397433280945,0.44575450536740474
2706406,Pão de Açúcar,AL,Nordeste,-5.28,44,20.52356250371931,46.04000008106232,0.44577676949573447
2107506,Paço do Lumiar,MA,Nordeste,-4.83,210,110.65067921498456,248.03000009059906,0.446118127543308
1100338,Nova Mamoré,RO,Norte,-2.79,72,36.947917219644545,82.73999905586243,0.44655447958971967
5103304,Comodoro,MT,Centro-Oeste,-3.69,30,14.751697768879213,33.02999997138977,0.4466151311431115
4304200,Candelária,RS,Sul,-1.14,45,21.754821935222832,48.704171538352966,0.44667266166495845
4304408,Canela,RS,Sul,-3.23,81,43.28241783487507,96.84298813343048,0.4469339357356514
1303700,Santo Antônio do Içá,AM,Norte,8.243333,101,48.09506611142148,107.60999894142151,0.44693863567085873
5007695,São Gabriel do Oeste,MS,Centro-Oeste,-0.47666666,79,37.33165442108913,83.49000012874603,0.4471392306087163
4306403,Dois Irmãos,RS,Sul,2.78,47,22.02077207820398,49.22504186630249,0.44734897611694113
3552205,Sorocaba,SP,Sudeste,-2.0966666,960,486.4015874381126,1086.2530567646027,0.44777925770525
2611002,Petrolândia,PE,Nordeste,-4.65,62,29.121068742547493,65.0299996137619,0.4478097634247068
2100600,Amarante do Maranhão,MA,Nordeste,-5.57,38,19.06232588628119,42.55999982357025,0.4478929973050479
5003702,Dourados,MS,Centro-Oeste,-2.1066666,475,255.61673436864226,570.0199975967407,0.4484346785136435
4309100,Gramado,RS,Sul,-0.74666667,68,34.09842018836327,75.97743058204651,0.44879670090371204
3554003,Tatuí,SP,Sudeste,-4.77,182,86.52186081342045,192.49150693416595,0.4494840431739765
1302900,Maués,AM,Norte,2.3766668,81,43.59258081311395,96.96999895572662,0.4495470896417862
1304401,Urucurituba,AM,Norte,,40,20.277592111776507,45.089999318122864,0.44971373737915327
1705508,Colinas do Tocantins,TO,Norte,-4.78,69,35.47734338730247,78.84999978542328,0.4499346034730242
2106607,Matões,MA,Nordeste,-1.2,41,21.02045917424777,46.60000014305115,0.4510828135133016
3135050,Jaíba,MG,Sudeste,-3.0066667,82,43.40359002903543,96.18999898433685,0.4512276794607626
2609501,Nazaré da Mata,PE,Nordeste,-4.19,40,18.4507074706761,40.889999747276306,0.4512278695209605
2610707,Paulista,PE,Nordeste,2.0866666,328,160.65893528384274,355.2299966812134,0.4522673670152341
5105150,Juína,MT,Centro-Oeste,-11.123333,79,41.67354116866141,92.03999972343445,0.452776415622379
4318903,São Luiz Gonzaga,RS,Sul,-0.76666665,44,21.862513970031266,48.263580083847046,0.45298160501251866
4302105,Bento Gonçalves,RS,Sul,-5.2466664,157,84.12858719218052,185.66667771339417,0.45311624158022734
4205407,Florianópolis,SC,Sul,,453,346.1026716403406,763.4500004053116,0.4533403254392514
3555000,Tupã,SP,Sudeste,-4.883333,67,32.33085849896603,71.29995048046112,0.4534485407227023
5105507,Vila Bela da Santíssima Trindade,MT,Centro-Oeste,-0.74,32,16.86679885594181,37.18999993801117,0.45353048895013803
2504306,Catolé do Rocha,PB,Nordeste,-4.11,33,17.385292617139186,38.32999932765961,0.45356882134338183
5008008,Terenos,MS,Centro-Oeste,-12.343333,48,23.255619770032766,51.25999987125397,0.45367966891225564
2508901,Mamanguape,PB,Nordeste,-5.49,62,30.04535633745067,66.20999956130981,0.45378880133700894
3511003,Castilho,SP,Sudeste,-5.25,31,14.78485193452473,32.57651507854462,0.45385001737838604
5102504,Cáceres,MT,Centro-Oeste,-5.3,144,72.13357719318958,158.92999792099,0.4538701197809734
4310009,Ibirubá,RS,Sul,2.9633334,30,14.442438293121377,31.803220510482788,0.4541187358167374
3303807,Paraty,RJ,Sudeste,-4.83,65,39.56994705879729,87.1300003528595,0.4541483633484073
4313060,Nova Hartz,RS,Sul,3.6566668,42,22.42346774542537,49.35454976558685,0.45433435928252447
2925204,Pojuca,BA,Nordeste,-3.22,39,17.74031745452962,39.0,0.4548799347315287
3305000,São João da Barra,RJ,Sudeste,-4.61,85,48.51514644946329,106.56999897956848,0.4552420654406178
2602902,Cabo de Santo Agostinho,PE,Nordeste,-4.13,307,151.06214414452822,331.8099970817566,0.45526700663966774
3500303,Aguaí,SP,Sudeste,-4.5333333,56,28.55098514099402,62.70780611038208,0.45530192988631824
2606606,Ibimirim,PE,Nordeste,1.4566667,44,20.47435628471955,44.94999969005585,0.4554918003536501
2110005,Santa Luzia,MA,Nordeste,-4.24,124,61.82075363625344,135.70999884605408,0.45553573179512963
2616407,Vitória de Santo Antão,PE,Nordeste,-5.5,152,73.60971093221069,161.55999898910522,0.4556184166426898
3509700,Campos do Jordão,SP,Sudeste,-4.75,70,35.827782852558535,78.53721165657043,0.4561886282546826
4218301,Três Barras,SC,Sul,1.6833333,32,22.655331983337184,49.640000343322754,0.456392663711668
5000609,Amambai,MS,Centro-Oeste,-6.03,50,24.8975382316847,54.53999924659729,0.4565005239386401
2100055,Açailândia,MA,Nordeste,-6.31,191,93.75273375670234,205.2599996328354,0.45675111528990153
1500859,Anapu,PA,Norte,-5.12,30,17.866046911099474,39.10000026226044,0.4569321429990857
2607653,Itambé,PE,Nordeste,-5.15,45,24.4865770578206,53.53000056743622,0.4574365178078564
2612505,Santa Cruz do Capibaribe,PE,Nordeste,-4.5,170,83.43682783882021,182.20000088214874,0.4579408750540518
2806701,São Cristóvão,SE,Nordeste,-21.31,117,60.73973225264435,132.5799994468689,0.4581364648216464
2607901,Jaboatão dos Guararapes,PE,Nordeste,-3.78,670,330.74400038641113,721.8699985742569,0.45817668145185886
4304804,Carlos Barbosa,RS,Sul,-0.8066667,37,18.603026887269653,40.55845081806183,0.45867202795095907
3546306,Santa Cruz das Palmeiras,SP,Sudeste,-5.02,46,24.596975908048172,53.59370148181915,0.4589527356380175
2109908,Santa Inês,MA,Nordeste,-0.37333333,130,68.68033886498245,149.55999982357025,0.4592159597887256
1100205,Porto Velho,RO,Norte,-5.173333,826,442.09996896098386,962.1700029373169,0.45948217842100575
5200258,Águas Lindas de Goiás,GO,Centro-Oeste,-5.1,479,248.58342803525258,540.9999996423721,0.4594887767090177
1506138,Redenção,PA,Norte,-4.14,183,95.2554903688489,207.29999935626984,0.45950550248261673
4111258,Itaperuçu,PR,Sul,-3.91,74,37.8460339841245,82.33000016212463,0.4596870388630865
3519600,Ibitinga,SP,Sudeste,-4.98,70,35.776328219708326,77.79480123519897,0.4598807073437318
2102101,Brejo,MA,Nordeste,-4.89,49,23.84153399290171,51.81999969482422,0.46008363823442866
3556206,Valinhos,SP,Sudeste,-4.82,125,63.004395233068564,136.93080008029938,0.46011850654579783
3536505,Paulínia,SP,Sudeste,-5.16,156,78.98139691203332,171.48248744010925,0.4605799582865148
3523206,Itararé,SP,Sudeste,-4.0,71,34.633886512483635,75.19517052173615,0.4605865811883791
3535804,Paranapanema,SP,Sudeste,-5.04,37,19.77173891915702,42.92492091655731,0.46061212221198344
1504208,Marabá,PA,Norte,-4.71,429,249.55912721260609,541.4000020027161,0.46095147079691756
2607604,Ilha de Itamaracá,PE,Nordeste,-4.44,33,16.95810078462946,36.77000069618225,0.46119392068410214
1500800,Ananindeua,PA,Norte,-4.9066668,594,328.7188713176223,712.3900003433228,0.46143105764988634
3301306,Casimiro de Abreu,RJ,Sudeste,-4.16,73,41.6968362640575,90.35999989509583,0.46145237176256954
2602803,Buíque,PE,Nordeste,-4.54,87,41.978562097137264,90.8799991607666,0.4619119991724168
3543006,Ribeirão Branco,SP,Sudeste,-4.45,34,16.348810527427496,35.39123356342316,0.4619452017158281
3509205,Cajamar,SP,Sudeste,-4.8,132,69.89497206523686,151.23759150505066,0.46215343268609693
3556701,Vinhedo,SP,Sudeste,-4.72,87,42.79636910422288,92.48641848564148,0.46273139132171087
3543402,Ribeirão Preto,SP,Sudeste,-0.93333334,723,374.1999254882527,807.7485598325729,0.46326288166433305
3522505,Itapevi,SP,Sudeste,-4.9,470,238.48036661393868,514.7001157999039,0.4633384747608079
2108603,Pinheiro,MA,Nordeste,-4.46,76,46.65419223746366,100.68000078201294,0.4633908608967621
2614006,Serrita,PE,Nordeste,-4.35,41,19.89958067142212,42.93999993801117,0.46342758966347125
4211900,Palhoça,SC,Sul,,283,242.45473811177573,522.929998755455,0.46364664235902475
2613503,São José do Belmonte,PE,Nordeste,-5.42,66,31.84804811806865,68.68999946117401,0.46364897900560154
3115300,Cataguases,MG,Sudeste,-4.7533336,71,40.516202683058104,87.34999871253967,0.4638374731566165
2507507,João Pessoa,PB,Nordeste,-0.50666666,838,471.82785315247816,1016.1000014543533,0.46435178867940813
1716505,Pedro Afonso,TO,Norte,-4.46,35,17.24823963672722,37.140000224113464,0.4644114036792238
2202000,Buriti dos Lopes,PI,Nordeste,-6.1,47,22.297556242269604,48.00999987125397,0.464435665529345
3554508,Tietê,SP,Sudeste,-5.18,34,16.948290229387734,36.48861813545227,0.464481558782869
2109106,Presidente Dutra,MA,Nordeste,-4.18,71,35.93835891295131,77.3299993276596,0.4647401943025335
3550308,São Paulo,SP,Sudeste,-0.04,14283,7574.429676547194,16297.84142613411,0.4647504831162091
5007406,Rio Verde de Mato Grosso,MS,Centro-Oeste,-5.33,45,24.17658351021481,52.02000069618225,0.4647555399204201
3548500,Santos,SP,Sudeste,-1.4966667,364,191.9707604157366,413.0156615972519,0.4648026171049537
4313904,Panambi,RS,Sul,2.16,83,41.275843634194416,88.77351427078247,0.4649567382033822
2601052,Araçoiaba,PE,Nordeste,-5.55,31,15.692051892510857,33.7400004863739,0.465087482700191
2605202,Escada,PE,Nordeste,-4.23,58,28.512596650655954,61.14999997615814,0.46627304434624317
3534708,Ourinhos,SP,Sudeste,-2.9633334,142,71.31959506496476,152.81173300743103,0.4667154390657724
5108600,Vila Rica,MT,Centro-Oeste,-5.25,41,21.89001072000109,46.88999950885773,0.4668375122474883
3548708,São Bernardo do Campo,SP,Sudeste,-4.05,1026,561.0499669916263,1201.203682422638,0.4670731327263976
5107909,Sinop,MT,Centro-Oeste,-8.946667,397,213.38331357426378,456.8300017118454,0.46709566529051993
4310801,Ivoti,RS,Sul,-0.39,44,22.9553766472302,49.143401861190796,0.4671100448452749
2104057,Estreito,MA,Nordeste,-4.16,84,44.54673419014171,95.36000049114227,0.467142763849708
4310108,Igrejinha,RS,Sul,-6.6666665,65,33.18207703081482,71.01144683361053,0.4672778616743992
5002308,Brasilândia,MS,Centro-Oeste,-4.67,36,18.809251965949734,40.22999942302704,0.467542934022107
1301803,Ipixuna,AM,Norte,,31,17.042494350270694,36.44999969005585,0.46755814801612094
3510807,Casa Branca,SP,Sudeste,-5.65,40,21.300070988832523,45.53303325176239,0.4677938074333778
2614857,Tamandaré,PE,Nordeste,-5.66,33,16.229182495055902,34.6899995803833,0.4678346120313381
3509601,Campo Limpo Paulista,SP,Sudeste,-4.96,124,67.09301556337581,143.39689791202545,0.467883312263405
1100809,Candeias do Jamari,RO,Norte,-5.09,53,29.75535992371161,63.5900000333786,0.46792514401781604
5219753,Santo Antônio do Descoberto,GO,Centro-Oeste,-5.95,146,72.71663306606226,155.38999938964844,0.46796211694242656
5105622,Mirassol d'Oeste,MT,Centro-Oeste,-16.17,57,28.96769787277258,61.899999499320984,0.4679757367864008
2604106,Caruaru,PE,Nordeste,-4.16,497,250.21103523271535,534.5499993562698,0.4680778889421592
3509007,Caieiras,SP,Sudeste,4.8533335,169,83.85752746898879,179.10446393489838,0.46820456412225253
3513504,Cubatão,SP,Sudeste,-4.63,190,102.38161955355187,218.54182994365692,0.46847607883555864
3522109,Itanhaém,SP,Sudeste,-4.26,200,112.7116677511201,240.545147895813,0.4685676212431388
1506708,Santana do Araguaia,PA,Norte,-4.22,95,52.973001605772104,113.0,0.46878762482984165
2207801,Paulistana,PI,Nordeste,-5.64,40,19.659758833121423,41.92000091075897,0.46898278640246044
2100907,Araioses,MA,Nordeste,-3.94,37,19.904576435803566,42.42999994754791,0.46911563658754796
3530706,Mogi Guaçu,SP,Sudeste,-4.72,217,110.84103040932868,236.12972402572632,0.46940736015620194
3300209,Araruama,RJ,Sudeste,-4.8,198,117.87288463513963,250.9699981212616,0.46966922547525697
3300258,Arraial do Cabo,RJ,Sudeste,-4.86,67,40.12973754209932,85.42000007629395,0.46979322765461184
2608800,Lajedo,PE,Nordeste,-5.27,57,28.45626036568512,60.519999265670776,0.4701959800225342
5002407,Caarapó,MS,Centro-Oeste,-0.58,56,31.188898229183163,66.3199999332428,0.47027892431510354
2601904,Bezerros,PE,Nordeste,-4.71,52,25.462931030098837,54.1199996471405,0.4704902290487026
3552106,Socorro,SP,Sudeste,-3.2366667,31,16.722997475438586,35.53716814517975,0.47057766131280465
3520301,Iguape,SP,Sudeste,6.846667,52,26.14950878743879,55.56186020374298,0.47063774847619666
4105201,Cerro Azul,PR,Sul,-4.18,32,16.925479821838856,35.96000027656555,0.4706751860863825
3508504,Caçapava,SP,Sudeste,-4.46,95,53.30367707327059,113.24507868289948,0.470693099366619
5218003,Porangatu,GO,Centro-Oeste,-4.68,52,26.059294402742054,55.34999978542328,0.4708092954610076
3305604,Silva Jardim,RJ,Sudeste,-4.08,40,22.682971384931385,48.13000011444092,0.4712855044877839
1721000,Palmas,TO,Norte,-3.54,411,252.87849380147867,536.5500010251999,0.4713046189885327
3541406,Presidente Prudente,SP,Sudeste,-4.3,265,140.23188757083457,297.2701075077057,0.47173221938300525
5004304,Iguatemi,MS,Centro-Oeste,-6.45,32,15.758153235701279,33.38000011444092,0.4720836783006468
4321907,Três Passos,RS,Sul,-0.37666667,37,18.81509452462803,39.82156419754028,0.4724850694285437
4307906,Farroupilha,RS,Sul,2.5633333,96,49.27112206518992,104.27896535396576,0.4724933921039918
5106232,Nova Olímpia,MT,Centro-Oeste,-4.82,40,20.032799629067057,42.37999939918518,0.4726946652446677
1707009,Dianópolis,TO,Norte,-4.66,32,16.979236510716042,35.84999990463257,0.47361887185171153
2609600,Olinda,PE,Nordeste,-3.38,451,221.05831821791972,466.47999811172485,0.47388595247973503
3135209,Januária,MG,Sudeste,8.513333,102,53.7241953690537,113.32000088691711,0.4740927898744502
1302702,Manicoré,AM,Norte,0.78,89,45.954030793628746,96.89999985694885,0.4742418045559296
5002209,Bonito,MS,Centro-Oeste,-4.41,57,29.31222758971943,61.80000030994415,0.4743078874224996
5105101,Juara,MT,Centro-Oeste,-9.67,60,31.864684190411133,67.1599988937378,0.4744592721156565
2211001,Teresina,PI,Nordeste,-5.18,1103,570.6887365123122,1202.769995212555,0.47447869400122455
2509701,Monteiro,PB,Nordeste,-4.14,51,25.551136663649263,53.82999920845032,0.47466351550007463
2921005,Mata de São João,BA,Nordeste,-4.31,72,34.19090923685507,72.0,0.4748737394007649
3522208,Itapecerica da Serra,SP,Sudeste,-3.8533332,279,145.98739533978622,307.2733379602432,0.47510596366377517
4117602,Palmas,PR,Sul,-4.04,98,57.28395187232692,120.52999889850616,0.47526717328325546
3300100,Angra dos Reis,RJ,Sudeste,-3.82,281,156.72011230406412,329.73000037670135,0.475298311118244
1303403,Parintins,AM,Norte,6.9666667,181,99.45613864257184,209.2400003671646,0.47532086822811526
2510808,Patos,PB,Nordeste,-5.83,123,63.56159900190392,133.6499993801117,0.4755824863203288
3519071,Hortolândia,SP,Sudeste,-3.65,369,198.1009129902144,416.4577430486679,0.4756807054180861
1718204,Porto Nacional,TO,Norte,-3.85,115,68.10822074913487,143.17999947071075,0.4756825045460854
4322608,Venâncio Aires,RS,Sul,-2.31,66,33.98060962617262,71.41442716121674,0.47582275706646826
3549102,São João da Boa Vista,SP,Sudeste,-4.22,101,53.4489902885527,112.0896703004837,0.47684135518705373
2202208,Campo Maior,PI,Nordeste,-4.59,74,37.80783297574505,79.2299998998642,0.4771908749656562
2205508,José de Freitas,PI,Nordeste,-4.96,61,29.895528293557582,62.62999892234802,0.47733560287337123
3502903,Araçoiaba da Serra,SP,Sudeste,-5.03,57,31.371599752612404,65.7135204076767,0.4773994690588446
2601102,Araripina,PE,Nordeste,-3.84,146,73.96885636438542,154.89999949932098,0.47752651132003177
2600708,Aliança,PE,Nordeste,-4.12,30,15.461677883135884,32.36999976634979,0.4776545565257946
4213500,Porto Belo,SC,Sul,,41,28.471435032659866,59.5900000333786,0.47778880712723515
1508084,Tucumã,PA,Norte,-3.51,72,42.249703400842016,88.41000080108643,0.4778837576972721
3510500,Caraguatatuba,SP,Sudeste,-4.25,230,123.99189816294277,259.29737067222595,0.4781841707129346
3512209,Conchal,SP,Sudeste,-4.31,49,26.048779696437446,54.422568917274475,0.47863928907937314
2106904,Monção,MA,Nordeste,-4.63,33,17.266488389170796,36.0699999332428,0.4786938846999462
3553807,Taquarituba,SP,Sudeste,-4.54,30,16.039731687548272,33.50546967983246,0.4787197983140906
2111102,São João dos Patos,MA,Nordeste,-4.38,40,20.293217732219773,42.390000224113464,0.4787265304300711
3300704,Cabo Frio,RJ,Sudeste,-4.22,320,202.29172139453553,422.50000071525574,0.4787969729043154
3551702,Sertãozinho,SP,Sudeste,-4.36,220,115.3405405838974,240.77977180480957,0.4790291963454443
3528502,Mairiporã,SP,Sudeste,-4.15,132,69.44813120205987,144.9514490365982,0.47911305242988766
3305208,São Pedro da Aldeia,RJ,Sudeste,-3.95,179,104.73423694958262,218.5800005197525,0.479157455853872
1300060,Amaturá,AM,Norte,-2.85,32,16.78832131937955,34.99999940395355,0.47966633157951316
2105401,Itapecuru Mirim,MA,Nordeste,-4.41,113,56.06174892323749,116.779998421669,0.48006293612721096
4321451,Teutônia,RS,Sul,2.9166667,45,22.31798679464966,46.48673069477081,0.4800937054745422
2603801,Capoeiras,PE,Nordeste,-4.79,34,16.441257100528357,34.239999771118164,0.48017690451028416
2709152,Teotônio Vilela,AL,Nordeste,-4.55,63,34.49111036485464,71.76999962329865,0.48057838297184297
2604502,Chã Grande,PE,Nordeste,-4.09,46,23.19565003018947,48.260000109672546,0.480639245285465
3556453,Vargem Grande Paulista,SP,Sudeste,-3.97,86,44.471385695000336,92.50973427295685,0.48072114836892954
2112456,Turilândia,MA,Nordeste,-3.91,33,18.167290398666474,37.790000200271606,0.48074332633996386
2111300,São Luís,MA,Nordeste,4.7,903,489.28837183072227,1017.25000166893,0.4809912715930022
3303955,Pinheiral,RJ,Sudeste,-4.73,44,24.079824147631022,50.05999970436096,0.48101926268156403
3539806,Poá,SP,Sudeste,-4.23,155,87.34019767943184,181.4186531305313,0.4814289830307046
3538006,Pindamonhangaba,SP,Sudeste,-4.23,206,115.06311610565757,238.88270378112793,0.48167202683322824
5005806,Nioaque,MS,Centro-Oeste,-4.32,32,17.650780421075094,36.640000104904175,0.48173527212169903
3522406,Itapeva,SP,Sudeste,-4.41,149,81.81386319774096,169.7543351650238,0.48195448509875755
3531902,Morro Agudo,SP,Sudeste,-4.12,39,21.476203205286602,44.55044460296631,0.4820648457424519
3512803,Cosmópolis,SP,Sudeste,-4.48,89,45.20275651947925,93.7610377073288,0.4821059751981179
2205805,Luzilândia,PI,Nordeste,-4.67,42,20.487252478504754,42.489999532699585,0.4821664557265554
5108402,Várzea Grande,MT,Centro-Oeste,-9.616667,582,311.4394686801608,645.8900001049042,0.4821865466713797
2600500,Águas Belas,PE,Nordeste,-3.72,56,28.0540886800046,58.13999950885773,0.48252646916053915
4111803,Jacarezinho,PR,Sul,-4.13,45,28.133232915499125,58.25000023841858,0.48297395365406287
4204806,Curitibanos,SC,Sul,1.49,58,39.2189216409444,81.13000094890594,0.4834083715300792
1508357,Vitória do Xingu,PA,Norte,-3.21,47,26.192489836321467,54.18000018596649,0.4834346575566412
3300506,Bom Jardim,RJ,Sudeste,-4.87,35,19.340091251791947,39.93999934196472,0.4842286322091004
2613008,São Bento do Una,PE,Nordeste,-4.0,74,36.84558595712769,76.03999996185303,0.4845553126724357
5104807,Jaciara,MT,Centro-Oeste,-9.183333,55,28.711220885952542,59.239999413490295,0.48465937154304467
3514908,Elias Fausto,SP,Sudeste,-4.13,32,16.477612239897688,33.97987747192383,0.4849226502806686
1100452,Buritis,RO,Norte,-4.96,62,33.46077449010809,68.98999977111816,0.4850090535022156
2113009,Vitorino Freire,MA,Nordeste,-4.78,36,19.247837326522642,39.66999959945679,0.485198828355577
2803005,Itabaianinha,SE,Nordeste,-3.47,60,30.404749140855788,62.65999913215637,0.485233794477543
4315701,Rio Pardo,RS,Sul,-6.1666665,47,26.536702852792963,54.64019584655762,0.4856626599090933
4313201,Nova Petrópolis,RS,Sul,8.18,45,23.8860645784333,49.159496903419495,0.48588911772959587
3304300,Rio Bonito,RJ,Sudeste,-4.01,97,58.15597711471053,119.59999930858612,0.4862539920644924
1502152,Canaã dos Carajás,PA,Norte,-2.95,212,125.89371468360818,258.88999831676483,0.48628265094108014
2108306,Penalva,MA,Nordeste,-4.07,57,30.130808927030134,61.96000015735626,0.4862945263155043
4119509,Piraquara,PR,Sul,-3.59,195,114.00337040010827,234.26000010967255,0.4866531646321855
3526407,Laranjal Paulista,SP,Sudeste,-4.27,46,24.22811843719753,49.77830958366394,0.4867203936782261
5104104,Guarantã do Norte,MT,Centro-Oeste,8.67,69,38.19244922964954,78.4499990940094,0.4868381092507367
5002951,Chapadão do Sul,MS,Centro-Oeste,-5.87,69,35.92799467807189,73.78000020980835,0.4869611625901785
1505031,Novo Progresso,PA,Norte,-3.07,66,38.21217347927186,78.46999943256378,0.48696538493174024
3507605,Bragança Paulista,SP,Sudeste,-4.63,251,141.52487763996248,290.57998967170715,0.4870427512914951
4205803,Garuva,SC,Sul,-4.19,33,23.46322905070175,48.15000033378601,0.4872944732720596
1301654,Guajará,AM,Norte,-2.99,31,18.66063797145879,38.21000027656555,0.4883705269927329
4207304,Imbituba,SC,Sul,,60,45.31877384064297,92.77999973297119,0.4884541277330706
3552403,Sumaré,SP,Sudeste,-2.7433333,424,232.63794809198245,475.7149519920349,0.4890280347881048
3507506,Botucatu,SP,Sudeste,-3.46,171,93.24388412781119,190.65326941013336,0.4890757153879429
1100130,Machadinho D'Oeste,RO,Norte,-4.72,48,26.690381823436095,54.5699999332428,0.4891035707547605
2603454,Camaragibe,PE,Nordeste,-3.54,176,90.9782694965993,185.5999995470047,0.49018464288066077
3516705,Garça,SP,Sudeste,-4.64,46,24.22631072740757,49.39793610572815,0.4904316381873757
2616308,Vicência,PE,Nordeste,-3.74,34,16.921374796723526,34.50000011920929,0.4904746300943303
3505609,Barrinha,SP,Sudeste,-4.07,57,31.553259402704157,64.31166386604309,0.4906304316496537
2103554,Conceição do Lago-Açu,MA,Nordeste,-5.8,32,17.221831009772412,35.09000015258789,0.49079028027596916
3550209,São Miguel Arcanjo,SP,Sudeste,-3.82,46,23.811351160422358,48.51075267791748,0.49084687097138147
3557006,Votorantim,SP,Sudeste,-5.1,153,83.4837173858101,170.01605093479156,0.4910343283872043
4201406,Araranguá,SC,Sul,,101,72.64206913023561,147.89000034332275,0.49118986382851415
4216602,São José,SC,Sul,,286,215.35551655890072,438.2400019168854,0.49140999364942517
1502939,Dom Eliseu,PA,Norte,-3.43,85,45.18484368320125,91.93999981880188,0.49146012369211334
3504602,Bady Bassitt,SP,Sudeste,-4.04,39,20.816352212776284,42.351433873176575,0.491514697592338
2601201,Arcoverde,PE,Nordeste,-3.39,104,52.657092226549345,107.09999942779541,0.4916628618849775
3518404,Guaratinguetá,SP,Sudeste,-3.85,140,74.66886529261848,151.85950982570648,0.4916969992746459
3305752,Tanguá,RJ,Sudeste,-4.08,60,34.548554098917016,70.18999981880188,0.49221476261725894
3517406,Guaíra,SP,Sudeste,-4.17,49,25.396390389365376,51.58476006984711,0.49232351483224895
3304003,Piraí,RJ,Sudeste,-3.51,45,26.64274992451233,54.100000619888306,0.49247226652928894
3529203,Martinópolis,SP,Sudeste,-4.46,32,16.75310581881444,33.996500849723816,0.49278912241200673
1507904,Soure,PA,Norte,-2.84,73,38.28632676067413,77.65999948978424,0.4929993176952118
4122206,Rio Branco do Sul,PR,Sul,-2.92,72,39.42634080619273,79.93999922275543,0.49319916424229543
1508126,Ulianópolis,PA,Norte,-3.01,46,24.762642147726638,50.19000041484833,0.4933780024516756
4204202,Chapecó,SC,Sul,-4.2266665,408,261.1329781381795,528.6200007200241,0.4939899696993962
2615409,Toritama,PE,Nordeste,-4.9,94,48.88372069011697,98.9299988746643,0.4941243429310899
3302700,Maricá,RJ,Sudeste,-3.88,302,179.35157470150992,362.6700003147125,0.49453104625658256
3537909,Pilar do Sul,SP,Sudeste,-3.87,46,24.22384343499637,48.96351373195648,0.4947325383469458
2512903,Rio Tinto,PB,Nordeste,-10.8133335,44,23.688256362998565,47.87999951839447,0.4947422013631818
3504503,Avaré,SP,Sudeste,-3.74,126,70.674300557297,142.8355597257614,0.49479485845813775
3530805,Mogi Mirim,SP,Sudeste,-4.34,103,57.92146629756842,117.03619027137756,0.4949021850699606
4212809,Balneário Piçarras,SC,Sul,-3.05,59,41.98461171026333,84.82999908924103,0.49492646659226747
2112803,Viana,MA,Nordeste,-3.6,77,41.51509849487472,83.85000002384186,0.49511149055540066
2610004,Palmares,PE,Nordeste,-5.91,34,17.598077986140904,35.53999996185303,0.49516257751912934
2102606,Cândido Mendes,MA,Nordeste,-3.04,31,15.703758208474284,31.710000038146973,0.49523046955480104
3506003,Bauru,SP,Sudeste,-0.6933333,431,244.02001469782832,492.59572100639343,0.49537583111620487
3500709,Agudos,SP,Sudeste,-3.78,38,20.72873680400559,41.83170747756958,0.49552691137746324
2102903,Carutapera,MA,Nordeste,-4.05,44,25.591364789255316,51.63000023365021,0.4956685003572006
3508405,Cabreúva,SP,Sudeste,-5.07,90,48.899077761146934,98.63911008834839,0.49573721536365595
5107958,Tangará da Serra,MT,Centro-Oeste,-5.13,167,94.5677841652872,190.65999913215637,0.49600222697859836
3542206,Rancharia,SP,Sudeste,-3.3,54,29.412112292471644,59.276363372802734,0.49618617976767704
3524303,Jaboticabal,SP,Sudeste,-4.47,68,36.76323753624705,74.0831503868103,0.496242901986419
3548005,Santo Antônio de Posse,SP,Sudeste,-4.26,33,18.093304364069866,36.45935118198395,0.4962596364855364
5103502,Diamantino,MT,Centro-Oeste,-11.326667,52,30.083918072044515,60.610000252723694,0.49635238321406544
3527306,Louveira,SP,Sudeste,-4.21,95,54.18139512932851,109.13627398014069,0.4964563398892268
3101706,Almenara,MG,Sudeste,-6.35,58,32.3809772976738,65.15999984741211,0.496945631883083
4204608,Criciúma,SC,Sul,-3.15,313,194.60476038765637,391.5300018787384,0.4970366496918615
3538600,Piracaia,SP,Sudeste,-3.57,46,25.308192010304342,50.91314995288849,0.4970855669649746
5107602,Rondonópolis,MT,Centro-Oeste,-4.51,458,255.19117854480743,513.3000009059906,0.4971579545965069
2203909,Floriano,PI,Nordeste,-5.06,62,32.934254881394466,66.22999978065491,0.4972709495767539
3550407,São Pedro,SP,Sudeste,-4.64,53,30.166392611329012,60.64090824127197,0.4974594458794382
3302403,Macaé,RJ,Sudeste,-3.33,389,249.71678787952527,501.8399977684021,0.49760240114373855
3503901,Arujá,SP,Sudeste,-4.81,156,84.13653920227783,169.07291519641876,0.49763463949582376
4126256,Sarandi,PR,Sul,-3.65,261,158.3362465223435,318.15000116825104,0.49767796932557185
4205456,Forquilhinha,SC,Sul,-4.5666666,61,42.94052487334325,86.08000087738037,0.4988443823846071
3549805,São José do Rio Preto,SP,Sudeste,-4.62,477,279.9944835557459,561.0144164562225,0.4990860757632502
3508603,Cachoeira Paulista,SP,Sudeste,-4.92,31,16.951952116501513,33.954556345939636,0.49925411905812356
3542602,Registro,SP,Sudeste,-4.58,77,41.940930235989335,83.99604380130768,0.49932030531343174
3502101,Andradina,SP,Sudeste,-3.82,68,36.21923741317689,72.52271163463593,0.4994192384262566
5205497,Cidade Ocidental,GO,Centro-Oeste,-4.74,189,99.86638145847212,199.80999779701233,0.49980672919043184
3511607,Cesário Lange,SP,Sudeste,-4.03,42,22.9768389138687,45.95423150062561,0.4999939758225725
2607000,Inajá,PE,Nordeste,-4.25,31,15.826183722340106,31.649999856948853,0.5000374026499536
3546405,Santa Cruz do Rio Pardo,SP,Sudeste,-4.1833334,52,28.235858637013607,56.46369457244873,0.500071043009488
1100056,Cerejeiras,RO,Norte,-3.56,37,19.137793908482543,38.25999987125397,0.5002037107391999
3537800,Piedade,SP,Sudeste,-3.55,82,43.471618143882395,86.86525559425354,0.5004488600935885
3521408,Iracemápolis,SP,Sudeste,-3.38,35,19.155081885060284,38.25377428531647,0.500737044721176
3525300,Jaú,SP,Sudeste,-3.35,149,81.85401911052581,163.42158615589142,0.5008764205264994
4308201,Flores da Cunha,RS,Sul,2.0533333,40,22.033748736685695,43.98921346664429,0.5008898091208935
4118204,Paranaguá,PR,Sul,-2.98,189,122.90148353744773,245.2300009727478,0.5011682218730883
2614105,Sertânia,PE,Nordeste,-3.46,38,19.617960271966,39.13999927043915,0.5012253612069596
3513801,Diadema,SP,Sudeste,4.7033334,578,319.1413804731348,636.1576220989227,0.5016702926865321
3514106,Dois Córregos,SP,Sudeste,-3.06,33,17.465361355430627,34.81031394004822,0.5017294984903097
2305506,Iguatu,CE,Nordeste,-3.89,110,56.33109148198652,112.23999893665314,0.5018807200254795
4124103,Santo Antônio da Platina,PR,Sul,-3.24,85,49.21835088103697,97.90000081062317,0.5027410671450808
5220454,Senador Canedo,GO,Centro-Oeste,-5.16,258,140.9168505873331,280.2599995136261,0.5028075745089758
3522604,Itapira,SP,Sudeste,-10.7,89,48.75428548728195,96.88435208797455,0.5032214639058665
4208104,Itaiópolis,SC,Sul,-7.4533334,47,29.872100343367254,59.31999945640564,0.5035755329923816
2106755,Miranda do Norte,MA,Nordeste,-4.12,45,23.61712171243643,46.87999975681305,0.5037781961379845
2101251,Bacabeira,MA,Nordeste,-4.71,34,18.88904049422582,37.459999680519104,0.5042456127955862
1505502,Paragominas,PA,Norte,-2.89,207,118.8466578662931,235.6900007724762,0.5042498938299125
2208007,Picos,PI,Nordeste,-4.48,79,45.09076769079903,89.37999856472015,0.5044838712785249
3557105,Votuporanga,SP,Sudeste,-4.98,108,58.22580279327188,115.40621888637543,0.5045291610376629
3533403,Nova Odessa,SP,Sudeste,-4.16,71,38.649601331706144,76.59041118621826,0.5046271554507699
2201200,Barras,PI,Nordeste,-4.04,102,53.07213449021547,105.13000011444092,0.5048238793155423
3506359,Bertioga,SP,Sudeste,-4.2,176,97.14702181964225,192.4253169298172,0.5048557194533526
3510609,Carapicuíba,SP,Sudeste,-2.06,588,334.1363170425561,661.5698118209839,0.5050658465247067
3547809,Santo André,SP,Sudeste,-2.3433332,710,411.91151906321306,815.260239481926,0.5052515738103097
3544103,Rio Grande da Serra,SP,Sudeste,2.7533333,59,32.378529535077696,64.06861698627472,0.5053726934985046
2110203,Santa Rita,MA,Nordeste,-3.39,58,34.867237925023794,68.989999294281,0.5053955396679377
1503606,Itaituba,PA,Norte,-3.14,273,166.4043124489021,329.0099983215332,0.5057728132817391
3528403,Mairinque,SP,Sudeste,,55,32.18148545117884,63.59944200515747,0.5060026383339832
3501905,Amparo,SP,Sudeste,3.46,75,42.45299215053473,83.8724958896637,0.5061610686581054
2605301,Exu,PE,Nordeste,-3.88,61,32.18397972678989,63.55999958515167,0.5063558832103647
4209409,Laguna,SC,Sul,9.503333,47,36.426370909104286,71.81999981403351,0.5071897939769506
3523305,Itariri,SP,Sudeste,-10.48,48,26.72487385480831,52.68971145153046,0.5072123782532508
5106372,Pedra Preta,MT,Centro-Oeste,-3.86,38,20.977148045607496,41.34999942779541,0.5073070939755971
3524808,Jales,SP,Sudeste,-4.09,51,27.35674957725776,53.91952157020569,0.5073626171114671
3549706,São José do Rio Pardo,SP,Sudeste,2.8333333,61,33.484202544697176,65.96798300743103,0.507582633547024
4128104,Umuarama,PR,Sul,-2.6,181,103.48081703187407,203.76999878883362,0.5078314651172521
3502200,Angatuba,SP,Sudeste,-5.19,35,19.975571108663353,39.316596031188965,0.5080696989336815
4119152,Pinhais,PR,Sul,-2.84,179,104.53336976455898,205.73000168800354,0.508109507154369
2105005,Humberto de Campos,MA,Nordeste,-3.04,51,27.84569976735228,54.78999996185303,0.5082259497488513
5215231,Novo Gama,GO,Centro-Oeste,-4.58,141,83.85235805575,164.9099999666214,0.5084734586909353
5107040,Primavera do Leste,MT,Centro-Oeste,-11.296667,161,95.05220072540206,186.88000082969666,0.5086269279933433
2103505,Colinas,MA,Nordeste,-3.4,64,34.5411716504217,67.84999907016754,0.5090813872333397
3526704,Leme,SP,Sudeste,-4.49,156,85.76357002278654,168.3388396501541,0.509469889426721
2101772,Bela Vista do Maranhão,MA,Nordeste,-4.66,41,21.82075402932893,42.78999984264374,0.5099498506560582
3300605,Bom Jesus do Itabapoana,RJ,Sudeste,-3.66,39,22.83800923084505,44.74999952316284,0.5103465804289891
4215703,Santo Amaro da Imperatriz,SC,Sul,-0.03,35,25.703109925145984,50.31000030040741,0.5108946486119945
2109601,Rosário,MA,Nordeste,-3.88,41,23.334911578397346,45.609999895095825,0.5116183212468371
4214805,Rio do Sul,SC,Sul,,84,66.82370042735724,130.58999943733215,0.5117061085479578
3545803,Santa Bárbara d'Oeste,SP,Sudeste,-1.7,218,122.66467048062049,239.68597853183746,0.5117724083485633
4202800,Braço do Norte,SC,Sul,-7.92,64,44.70337493154045,87.3499995470047,0.5117730413665854
2201150,Baixa Grande do Ribeiro,PI,Nordeste,-5.14,39,20.27323058005891,39.60000014305115,0.5119502653238343
3530508,Mococa,SP,Sudeste,1.7333333,81,44.17717026098233,86.20807957649231,0.5124481426567911
2111201,São José de Ribamar,MA,Nordeste,-2.92,297,176.0481664915643,343.41999900341034,0.5126322491481227
2615607,Trindade,PE,Nordeste,-3.37,68,35.71538366310729,69.6499992609024,0.5127836904824764
4114104,Mandaguaçu,PR,Sul,-3.29,54,30.743726323814933,59.91000020503998,0.5131651847537232
1506187,Rondon do Pará,PA,Norte,-3.28,49,30.19236939597346,58.78000032901764,0.5136503781383707
3546603,Santa Fé do Sul,SP,Sudeste,-3.45,61,33.12421039709286,64.47466254234314,0.5137554675115801
4214003,Presidente Getúlio,SC,Sul,-5.4333334,45,32.07805139011976,62.43000042438507,0.5138243019711741
5106307,Paranatinga,MT,Centro-Oeste,-9.86,40,23.868568249841296,46.43000030517578,0.5140764181123761
2615003,Taquaritinga do Norte,PE,Nordeste,-3.37,30,16.610195940459974,32.27000033855438,0.5147256202726173
3529005,Marília,SP,Sudeste,-4.2533336,236,137.78652842049527,267.6228402853012,0.5148533969432765
3511102,Catanduva,SP,Sudeste,-4.25,124,70.1444337169445,136.2245488166809,0.5149177173002698
3501301,Álvares Machado,SP,Sudeste,-4.32,44,24.446056855559746,47.412357211112976,0.5156051775006419
2101707,Barreirinhas,MA,Nordeste,-4.88,109,58.116158662040036,112.52999997138977,0.516450357032043
3525102,Jardinópolis,SP,Sudeste,-3.6,57,34.84199180068046,67.34616136550903,0.5173567593790817
2506004,Esperança,PB,Nordeste,-3.05,41,22.77467634375621,44.019999623298645,0.5173711162801138
3509254,Cajati,SP,Sudeste,-3.49,56,30.405869713083522,58.754252433776855,0.5175092602421351
5103205,Colíder,MT,Centro-Oeste,-5.05,60,34.32546139383072,66.3200010061264,0.5175732942262751
2512101,Pombal,PB,Nordeste,-3.54,32,18.398584404491448,35.49999964237213,0.5182699884461758
4207502,Indaial,SC,Sul,-0.37666667,151,96.99554897315441,187.10000121593475,0.5184155443227949
2108454,Peritoró,MA,Nordeste,-3.77,37,20.712385536481218,39.94999933242798,0.5184577192137443
3502705,Apiaí,SP,Sudeste,-8.79,39,21.045787727447415,40.52115499973297,0.5193777849517395
2603207,Caetés,PE,Nordeste,-5.54,60,32.69555439675875,62.939998388290405,0.5194718022560604
5006200,Nova Andradina,MS,Centro-Oeste,-20.69,96,50.65565454750615,97.41999900341034,0.5199718237087323
3205002,Serra,ES,Sudeste,0.34,964,583.785510499144,1122.630001783371,0.5200159532274772
2606804,Igarassu,PE,Nordeste,-2.86,163,87.3484936383987,167.9299988746643,0.5201482416705775
2503704,Cajazeiras,PB,Nordeste,4.136667,62,35.063090381297506,67.34999990463257,0.5206101029093801
4304507,Canguçu,RS,Sul,5.37,40,21.9933617591836,42.23491823673248,0.5207388264825755
3550100,São Manuel,SP,Sudeste,-3.36,69,38.36074392791494,73.65896046161652,0.5207885597014992
3306107,Valença,RJ,Sudeste,-3.59,104,64.8588734160019,124.33999991416931,0.5216251685762695
3305406,Sapucaia,RJ,Sudeste,-2.35,34,21.598930182642654,41.350000500679016,0.5223441335215455
3304110,Porto Real,RJ,Sudeste,-3.17,36,21.4171964628263,40.989999890327454,0.5224980853898511
2602100,Bom Conselho,PE,Nordeste,-3.31,81,43.36447384004521,82.92999994754791,0.5229045444045899
1502202,Capanema,PA,Norte,-10.84,93,58.48093292296731,111.79999923706055,0.5230852712169025
4117305,Ortigueira,PR,Sul,7.4566665,34,22.048880297781725,42.14999985694885,0.5231051096705223
4202404,Blumenau,SC,Sul,-4.3333335,385,292.26413780730866,558.210001707077,0.5235738107764601
1716109,Paraíso do Tocantins,TO,Norte,-3.22,79,48.02853235700709,91.67999970912933,0.5238714278946981
1301506,Envira,AM,Norte,,40,26.75267911318128,51.05999970436096,0.5239459316114405
2614501,Surubim,PE,Nordeste,-4.08,39,23.059385409557464,43.99999976158142,0.5240769439660715
2307304,Juazeiro do Norte,CE,Nordeste,-3.22,347,184.9797853315756,352.77999913692474,0.5243488456945635
2508307,Lagoa Seca,PB,Nordeste,-2.18,31,18.387676016369728,35.040000319480896,0.5247624386049702
4202453,Bombinhas,SC,Sul,,37,34.547145490989074,65.82000041007996,0.5248730670882581
4119954,Pontal do Paraná,PR,Sul,-1.39,46,29.648971433210257,56.46999967098236,0.5250393413486357
4104253,Campo Magro,PR,Sul,-3.34,43,26.418377250743657,50.30000019073486,0.5252162455381035
3303906,Petrópolis,RJ,Sudeste,-2.88,339,213.91181405671261,407.2599997520447,0.5252463148527973
3146305,Padre Paraíso,MG,Sudeste,-8.58,30,16.215245144785527,30.859999895095825,0.525445405052072
1100023,Ariquemes,RO,Norte,-2.92,170,101.04166299877835,192.25999796390533,0.5255469888112024
4200101,Abelardo Luz,SC,Sul,-12.23,38,24.045298291753173,45.71999990940094,0.5259251605293416
2109809,Santa Helena,MA,Nordeste,-3.8,33,24.543127556790004,46.540000200271606,0.527355553312756
3548906,São Carlos,SP,Sudeste,-2.19,302,174.72910125826587,331.33068203926086,0.5273556320919336
4117503,Paiçandu,PR,Sul,-1.85,103,60.80826889207515,115.1100002527237,0.5282622600866194
3520509,Indaiatuba,SP,Sudeste,-3.57,376,226.1288416591378,427.84775280952454,0.5285264213127914
3515707,Ferraz de Vasconcelos,SP,Sudeste,-4.51,298,167.08664632505548,316.0946010351181,0.5285969636238493
3300407,Barra Mansa,RJ,Sudeste,-3.45,219,135.82234939406644,256.8799979686737,0.5287385178608958
3549904,São José dos Campos,SP,Sudeste,-3.21,1017,581.6062271002927,1099.9565011262894,0.5287538429972121
2112233,Trizidela do Vale,MA,Nordeste,-3.48,42,22.877983893897664,43.25999963283539,0.5288484532610287
2612604,Santa Maria da Boa Vista,PE,Nordeste,-5.57,72,40.46830261989299,76.42000043392181,0.5295511958925566
4212502,Penha,SC,Sul,,49,43.529551214848226,82.1800000667572,0.5296854609331699
4119301,Pinhão,PR,Sul,-2.99,74,43.568976397251475,82.25000071525574,0.5297139941443222
3161106,São Francisco,MG,Sudeste,-5.9733334,96,53.82582174112041,101.60999894142151,0.5297295768318152
2504603,Conde,PB,Nordeste,-2.9,59,34.57271664663734,65.21999943256378,0.5300937894423758
3109303,Buritis,MG,Sudeste,-9.746667,45,26.33605403988562,49.66000032424927,0.5303273030190774
3501608,Americana,SP,Sudeste,-3.4166667,242,139.1522255373742,262.20910799503326,0.530691807776601
3304557,Rio de Janeiro,RJ,Sudeste,-3.95,6638,4065.351660698097,7654.800017237663,0.5310852865579019
3507902,Brotas,SP,Sudeste,-2.98,32,17.332283047059363,32.573036193847656,0.532105234031977
2606002,Garanhuns,PE,Nordeste,-4.58,195,110.20489435405236,206.90999948978424,0.5326223702373238
2210003,São João do Piauí,PI,Nordeste,-5.74,35,19.02723604862853,35.70999991893768,0.53282654975695
3305802,Teresópolis,RJ,Sudeste,-3.36,197,129.0296820140652,242.02999913692474,0.5331144175275092
3132701,Itambacuri,MG,Sudeste,-2.7166667,30,17.615159790360316,33.03000020980835,0.5333078921728086
2205706,Luís Correia,PI,Nordeste,-2.96,49,27.866917074351353,52.239999771118164,0.5334402219840377
4217709,Sombrio,SC,Sul,-1.16,45,31.47514907301758,58.99999952316284,0.5334771072440557
1501501,Benevides,PA,Norte,-0.1,152,88.60256908148492,165.98999881744385,0.5337825755329404
3505302,Barra Bonita,SP,Sudeste,-3.72,30,17.970373053008533,33.66221582889557,0.533844032857243
3305505,Saquarema,RJ,Sudeste,-2.7,163,106.18672852195742,198.7799997329712,0.5341922158396324
3109402,Buritizeiro,MG,Sudeste,-6.51,47,27.877815197045177,52.10000038146973,0.5350828213613681
2103406,Coelho Neto,MA,Nordeste,-3.22,71,42.84087919737639,79.96000051498413,0.5357788759562128
4308508,Frederico Westphalen,RS,Sul,8.406667,41,23.482344466633414,43.82835650444031,0.5357797175044514
2708956,Senador Rui Palmeira,AL,Nordeste,-4.64,30,16.429635898287387,30.66000008583069,0.5358654876808115
2109007,Porto Franco,MA,Nordeste,-3.64,42,23.646637880613888,44.08999991416931,0.5363265576467944
3538709,Piracicaba,SP,Sudeste,3.8633332,535,319.4175470972888,595.539785027504,0.5363496362926232
4120903,Quedas do Iguaçu,PR,Sul,-11.22,67,40.63324299700413,75.64999985694885,0.537121521134699
4212106,Palmitos,SC,Sul,-1.0933334,34,21.462674256191796,39.94999957084656,0.5372384101814646
3144300,Nanuque,MG,Sudeste,2.6866667,46,27.739809371653234,51.62999987602234,0.5372808335902393
5102678,Campo Verde,MT,Centro-Oeste,-12.413333,91,54.96960798895921,102.31000065803528,0.5372847975311001
3110509,Camanducaia,MG,Sudeste,-4.21,40,26.01209424792975,48.40999972820282,0.5373289484398728
3306305,Volta Redonda,RJ,Sudeste,-3.29,348,224.9874294576165,418.4099997282028,0.5377200105250048
2610608,Paudalho,PE,Nordeste,-2.8,82,46.147735121563706,85.81999945640564,0.5377270498003857
5103007,Chapada dos Guimarães,MT,Centro-Oeste,-5.27,36,20.977627192685496,38.989999890327454,0.5380258335904632
3301876,Iguaba Grande,RJ,Sudeste,-2.89,52,33.11680543334293,61.52999949455261,0.5382220982510302
4116208,Morretes,PR,Sul,-1.86,32,20.723385812636568,38.49999952316284,0.5382697680338596
5001003,Aparecida do Taboado,MS,Centro-Oeste,-4.71,72,41.76123505366723,77.40999925136566,0.5394811452982992
3513702,Descalvado,SP,Sudeste,-3.42,36,21.229924062935474,39.347355127334595,0.5395514894007972
3505500,Barretos,SP,Sudeste,-3.37,153,93.83493225929706,173.88621759414673,0.5396340984212408
2602308,Bonito,PE,Nordeste,-3.87,41,22.996605496982397,42.56999957561493,0.5402068528597163
5005707,Naviraí,MS,Centro-Oeste,-3.26,115,68.78038456780354,127.08999991416931,0.541194308082891
4219309,Videira,SC,Sul,2.71,90,63.81993518377752,117.92000019550323,0.5412138320723241
2601409,Barreiros,PE,Nordeste,-3.01,56,31.29425287226959,57.769999504089355,0.5417042260845851
3302254,Itatiaia,RJ,Sudeste,-2.45,57,40.08201440360087,73.97000002861023,0.541868519509232
5214002,Mozarlândia,GO,Centro-Oeste,-4.75,46,26.972595111845486,49.769999980926514,0.5419448487478855
2110609,São Bernardo,MA,Nordeste,-0.85,46,25.7446321893197,47.4300000667572,0.5427921600903313
4105805,Colombo,PR,Sul,-2.46,441,285.1266103128094,524.6400003433228,0.5434709708108865
4213203,Pomerode,SC,Sul,-2.77,58,36.777428131498894,67.64000010490417,0.5437230643769969
3548807,São Caetano do Sul,SP,Sudeste,-3.15,157,96.63625744209243,177.72037136554718,0.5437545324690127
3303609,Paracambi,RJ,Sudeste,-2.57,54,34.85797584154296,64.0400002002716,0.5443156735248592
3170107,Uberaba,MG,Sudeste,0.41666666,428,280.77902882506385,514.9499982595444,0.5452549369337913
2701407,Campo Alegre,AL,Nordeste,-2.37,68,38.788353294186464,71.11999917030334,0.5453930504316262
2607505,Itaíba,PE,Nordeste,-3.4,33,18.3879101097372,33.69999957084656,0.5456353217774028
5101704,Barra do Bugres,MT,Centro-Oeste,-4.8,69,39.71689333816166,72.789999127388,0.5456366783114545
4107652,Fazenda Rio Grande,PR,Sul,-1.79,281,184.40518718905824,337.4699989557266,0.5464343134491512
2300309,Acopiara,CE,Nordeste,-2.86,63,34.64493179483052,63.37999987602234,0.5466224654875275
3515103,Embu-Guaçu,SP,Sudeste,4.02,118,70.828813756804,129.51254880428314,0.5468876522833253
3170206,Uberlândia,MG,Sudeste,-2.25,913,596.4703661973497,1089.3200023174286,0.5475621166676583
3523503,Itatinga,SP,Sudeste,-3.02,40,23.362327114179372,42.62539720535278,0.548084678287657
5204508,Caldas Novas,GO,Centro-Oeste,-3.51,170,95.50488167230142,174.09999907016754,0.5485633669291984
3546702,Santa Gertrudes,SP,Sudeste,-3.37,52,31.259133346096295,56.93062925338745,0.5490740881673345
1300144,Apuí,AM,Norte,3.12,34,30.492024925890494,55.50999963283539,0.5493068839412095
3507001,Boituva,SP,Sudeste,-3.03,100,60.75753126690078,110.47206854820251,0.5499809324235684
4205902,Gaspar,SC,Sul,,94,81.60287267036551,148.0800004005432,0.5510728825610279
3201308,Cariacica,ES,Sudeste,-2.5466666,644,407.8518984878827,740.0899975299835,0.5510841922591438
1507979,Terra Santa,PA,Norte,-1.47,40,23.419771097968937,42.489999651908875,0.5511831322624358
3511508,Cerquilho,SP,Sudeste,-3.15,64,38.440602757430355,69.67675387859344,0.5516991050474344
5100201,Água Boa,MT,Centro-Oeste,-3.46,58,36.46727211210804,66.07000017166138,0.5519490240254232
3526902,Limeira,SP,Sudeste,-3.9266667,393,241.0427048772242,436.597585439682,0.5520935362811926
3103504,Araguari,MG,Sudeste,-3.5233333,168,101.91228378333004,184.5299994945526,0.5522803016446034
3533502,Novo Horizonte,SP,Sudeste,-3.04,55,32.00292662392814,57.87530040740967,0.5529634645288315
3526803,Lençóis Paulista,SP,Sudeste,-3.09,81,46.72424359549879,84.47646915912628,0.5531036519469755
4203600,Campos Novos,SC,Sul,-6.383333,60,42.66135724859747,77.11999976634979,0.5531815012687816
4219705,Xaxim,SC,Sul,0.14666666,73,50.540715409800924,91.32999992370605,0.5533856942080466
4125506,São José dos Pinhais,PR,Sul,-2.07,532,354.7625646401274,641.0199989080429,0.553434472004702
3139805,Mar de Espanha,MG,Sudeste,-7.7033334,33,19.177855291404214,34.63999938964844,0.5536332456499748
1708205,Formoso do Araguaia,TO,Norte,-2.68,30,18.877605827776136,34.06000018119812,0.5542456173619458
4213708,Pouso Redondo,SC,Sul,-3.9733334,38,27.7210954884191,49.980000019073486,0.5546437670636276
2203701,Esperantina,PI,Nordeste,-3.82,61,34.382449241706915,61.93999969959259,0.5550928222224881
2608750,Lagoa Grande,PE,Nordeste,-4.19,60,33.88910958184418,61.03999936580658,0.5551951168732843
3134400,Iturama,MG,Sudeste,-4.01,51,31.55494500184387,56.75999963283539,0.5559363144109234
3515509,Fernandópolis,SP,Sudeste,-3.72,86,53.55532498668323,96.33031129837036,0.5559550702665407
3169604,Tupaciguara,MG,Sudeste,-6.38,32,19.96510586905324,35.87000024318695,0.5565962011066715
4219507,Xanxerê,SC,Sul,-0.68333334,56,41.726187398153364,74.9199994802475,0.5569432419597705
3540200,Pontal,SP,Sudeste,-3.3,55,32.95346592873754,59.07183349132538,0.5578541240568861
3553708,Taquaritinga,SP,Sudeste,-2.95,71,44.36775312377591,79.45117723941803,0.5584278882373034
2200400,Altos,PI,Nordeste,-2.98,74,43.814465332062746,78.46000015735626,0.5584306046927121
2610905,Pesqueira,PE,Nordeste,-3.37,68,39.42966855773917,70.59999966621399,0.558493891560292
5108055,Terra Nova do Norte,MT,Centro-Oeste,-3.53,30,18.793809604593687,33.610000252723694,0.5591731467800471
4127106,Telêmaco Borba,PR,Sul,-2.76,146,93.84377794853428,167.75999927520752,0.5593930517046862
4215000,Rio Negrinho,SC,Sul,1.9333333,62,42.54926921180215,76.02000057697296,0.5597115086669789
1100114,Jaru,RO,Norte,-3.28,90,54.82980818707413,97.8900009393692,0.5601165355084065
5213806,Morrinhos,GO,Centro-Oeste,-2.92,69,43.6036040277843,77.82999885082245,0.5602416121238775
3540804,Potirendaba,SP,Sudeste,-3.19,34,22.034372023198376,39.30588185787201,0.5605871432391086
4218707,Tubarão,SC,Sul,-5.67,159,129.1949751233212,230.42000031471252,0.5606934074596995
3144102,Muzambinho,MG,Sudeste,-5.87,31,19.5635444455777,34.86000037193298,0.5612032196456602
3168606,Teófilo Otoni,MG,Sudeste,-3.0233333,176,109.67762802763204,195.35000002384186,0.5614416586344828
3128709,Guaxupé,MG,Sudeste,-4.4,77,46.501561681157725,82.73999965190887,0.5620203272515351
3129806,Ibirité,MG,Sudeste,-2.74,259,169.59466647444566,301.42999947071075,0.5626336687530823
3543303,Ribeirão Pires,SP,Sudeste,-5.1866665,154,93.46880146778393,166.06343019008636,0.5628499987070833
5208004,Formosa,GO,Centro-Oeste,-2.75,161,100.36709523466116,178.0999983549118,0.5635434933281298
5101407,Aripuanã,MT,Centro-Oeste,-3.28,65,42.313160129447,75.07999897003174,0.5635743301799504
1303304,Novo Aripuanã,AM,Norte,-1.85,33,21.880014192769494,38.799999833106995,0.5639178939918413
3545209,Salto,SP,Sudeste,-2.3633332,206,125.38150235152358,222.32885444164276,0.5639461538467735
3524709,Jaguariúna,SP,Sudeste,-2.83,74,49.49865549526986,87.6467068195343,0.5647520288148217
4217204,São Miguel do Oeste,SC,Sul,-12.136666,64,44.60270565002567,78.96999943256378,0.5648056979931224
1508159,Uruará,PA,Norte,-2.36,65,42.627517449239896,75.4599997997284,0.5649021675374206
2111508,São Mateus do Maranhão,MA,Nordeste,-2.53,64,39.43269698530629,69.79999911785126,0.5649383593648418
3533908,Olímpia,SP,Sudeste,-3.11,91,56.424364567816724,99.50265598297119,0.5670639040778283
4106902,Curitiba,PR,Sul,-1.52,1832,1273.422316530011,2242.730003118515,0.5678000984333013
5200050,Abadia de Goiás,GO,Centro-Oeste,-3.34,48,29.739616394744598,52.369999289512634,0.5678750582053208
4120804,Quatro Barras,PR,Sul,-2.14,39,24.054452972197797,42.34999918937683,0.567991816590912
5107065,Querência,MT,Centro-Oeste,-3.68,52,31.469713412766374,55.29999911785126,0.5690725843539428
5102637,Campo Novo do Parecis,MT,Centro-Oeste,-7.5533333,123,78.68717339069981,138.099999666214,0.569784023033206
2600104,Afogados da Ingazeira,PE,Nordeste,-2.18,56,32.82598043454532,57.609999895095825,0.5697965716771283
3505708,Barueri,SP,Sudeste,-2.83,626,411.4947711639905,721.5246506929398,0.5703128379173159
5221858,Valparaíso de Goiás,GO,Centro-Oeste,-3.87,313,201.21443623374768,352.3999993801117,0.5709830777176317
3101102,Aimorés,MG,Sudeste,3.66,38,24.497610525664555,42.84999990463257,0.5717061979040071
2107902,Passagem Franca,MA,Nordeste,-0.48,38,23.675811880633436,41.39999997615814,0.5718795143543021
3509502,Campinas,SP,Sudeste,3.91,1339,848.7074291981543,1483.3464946746826,0.5721572351740293
2102036,Bom Jesus das Selvas,MA,Nordeste,-2.69,71,43.472368563004565,75.97000062465668,0.5722307253594422
3154606,Ribeirão das Neves,MG,Sudeste,-4.8133335,500,333.57957551873136,582.9200023412704,0.572256182973521
3306206,Vassouras,RJ,Sudeste,-2.38,49,34.447576774041,60.15999984741211,0.5725993494250786
1100015,Alta Floresta D'Oeste,RO,Norte,-2.53,45,28.898743790113024,50.420000195503235,0.5731603268159129
2604007,Carpina,PE,Nordeste,-2.4,99,60.650040065010565,105.77999973297119,0.573360183570753
5006606,Ponta Porã,MS,Centro-Oeste,-13.79,260,156.70780517018227,273.2600005865097,0.5734750963691486
1100049,Cacoal,RO,Norte,-1.3866667,144,89.5556308440849,156.1100002527237,0.573670044834443
3106705,Betim,MG,Sudeste,10.483334,618,399.67791227688724,696.5399992465973,0.5738046812949625
4209102,Joinville,SC,Sul,-3.7033334,839,701.3839587402437,1222.0400005578995,0.5739451723511833
5100250,Alta Floresta,MT,Centro-Oeste,-10.09,99,64.0857122379633,111.64999985694885,0.5739875711605275
5004700,Ivinhema,MS,Centro-Oeste,-3.0,47,28.353452207168843,49.38999903202057,0.5740727427183528
2101608,Barra do Corda,MA,Nordeste,-2.37,110,67.57815744817407,117.70000004768372,0.5741559678912165
3519303,Ibaté,SP,Sudeste,-4.5,65,40.73817375879472,70.89014375209808,0.5746662596884496
5212501,Luziânia,GO,Centro-Oeste,-2.61,424,256.7715898148377,446.499999165535,0.575076350044163
4202909,Brusque,SC,Sul,-5.06,195,157.99119739100303,274.699999332428,0.5751408728611248
5211909,Jataí,GO,Centro-Oeste,-2.62,176,110.8718412940321,192.72999799251556,0.5752702871835119
3523909,Itu,SP,Sudeste,-2.41,245,158.9074477151015,276.20355916023254,0.5753272991783402
3549409,São Joaquim da Barra,SP,Sudeste,0.4,55,33.32956413205261,57.88025939464569,0.5758364679190746
2109452,Raposa,MA,Nordeste,-1.92,59,40.092220784739695,69.55000066757202,0.5764517670728486
3539509,Pitangueiras,SP,Sudeste,-2.81,55,33.3095791098977,57.67466449737549,0.5775426593320446
1100320,São Miguel do Guaporé,RO,Norte,-1.98,52,32.497102489181195,56.25000047683716,0.5777262615768861
5105903,Nobres,MT,Centro-Oeste,7.29,37,23.423844959181075,40.53999996185303,0.5777958801485505
3152808,Prata,MG,Sudeste,-4.08,50,33.53087590929149,57.91999924182892,0.578917064022957
3204203,Piúma,ES,Sudeste,-2.89,38,23.54082363361391,40.65999972820282,0.5789676288975819
4109609,Guaratuba,PR,Sul,-2.05,82,55.79429759609754,96.30999839305878,0.5793198891810877
3118007,Congonhas,MG,Sudeste,-3.96,68,44.6736654297426,77.08999848365784,0.5795001466916994
3523404,Itatiba,SP,Sudeste,-2.43,155,98.18154370992139,169.40972244739532,0.579550820882836
1101492,São Francisco do Guaporé,RO,Norte,-2.31,32,21.06536679127584,36.3400000333786,0.5796743745714672
1100304,Vilhena,RO,Norte,-2.34,203,136.1144390781756,234.7599993944168,0.5798025192932964
3510005,Cândido Mota,SP,Sudeste,-15.9,44,26.929867449360252,46.44191765785217,0.5798612289819407
1302405,Lábrea,AM,Norte,0.89666665,67,45.26009046584015,78.02000021934509,0.5801088225915936
3304524,Rio das Ostras,RJ,Sudeste,-2.31,238,165.18218791633265,284.6800020933151,0.5802381154338606
3151206,Pirapora,MG,Sudeste,0.40333334,79,50.922366240271046,87.76000022888184,0.5802457396019067
3203205,Linhares,ES,Sudeste,-5.8566666,304,196.17012253665058,337.99999952316284,0.580384978737869
4203006,Caçador,SC,Sul,-7.0733333,117,95.56745984276547,164.63000059127808,0.5804984480321295
2607208,Ipojuca,PE,Nordeste,-1.87,213,130.07712622949623,224.03999865055084,0.5805977817040859
5105606,Matupá,MT,Centro-Oeste,-2.35,44,29.272851360245493,50.38999950885773,0.5809258115809232
2105427,Itinga do Maranhão,MA,Nordeste,-0.01,37,23.152047247896938,39.830000162124634,0.5812715830695078
1600535,Porto Grande,AP,Norte,-3.0066667,47,29.22941578555054,50.24000024795532,0.5817956934970382
3544004,Rio das Pedras,SP,Sudeste,-2.44,49,32.087782263448034,55.15032601356506,0.5818239815219869
3156700,Sabará,MG,Sudeste,-3.79,162,108.74144418737076,186.81999850273132,0.5820653305795896
2614204,Sirinhaém,PE,Nordeste,-3.26,51,30.12715759398962,51.74999940395355,0.5821673032075048
5108006,Tapurah,MT,Centro-Oeste,-4.0,31,20.004864458761478,34.3400000333786,0.5825528374873815
5217302,Pirenópolis,GO,Centro-Oeste,-1.1,46,29.5591311688743,50.74000060558319,0.5825607176997502
4211207,Morro da Fumaça,SC,Sul,-1.93,31,21.47453293582764,36.83999967575073,0.5829134941595253
2103703,Cururupu,MA,Nordeste,-2.31,44,27.972744468753397,47.96999979019165,0.5831299685449017
3536208,Pariquera-Açu,SP,Sudeste,-2.55,31,20.06618421708769,34.40195977687836,0.5832860786778264
3503307,Araras,SP,Sudeste,-0.40666667,158,98.13787226645262,168.22996389865875,0.5833554855041793
2602209,Bom Jardim,PE,Nordeste,-3.15,52,31.0114513590925,53.13999950885773,0.5835801965696915
1300102,Anori,AM,Norte,-3.77,42,26.60136561835857,45.579999685287476,0.5836192584912431
4104006,Campina Grande do Sul,PR,Sul,-1.52,100,66.29332367356722,113.43999934196472,0.5843910794968015
3501707,Américo Brasiliense,SP,Sudeste,-2.2,67,42.768288103775575,73.1627402305603,0.584563781632541
4101804,Araucária,PR,Sul,-1.67,297,207.73764893251771,355.30999886989594,0.584665924385047
4208302,Itapema,SC,Sul,,108,126.61938424356116,216.51999866962433,0.5847930215294456
3528007,Macatuba,SP,Sudeste,-2.45,34,21.228848432882327,36.29234969615936,0.5849400386200089
3535606,Paraibuna,SP,Sudeste,-2.71,34,21.700283809216337,37.069300055503845,0.5853977220159138
3553401,Tanabi,SP,Sudeste,-2.42,41,26.096916308963223,44.57113838195801,0.5855115497684263
3514403,Dracena,SP,Sudeste,-2.77,53,33.13572222061672,56.55361223220825,0.5859169894322923
3504107,Atibaia,SP,Sudeste,-1.05,234,148.6857517550914,253.7430626153946,0.5859697215858805
3136652,Juatuba,MG,Sudeste,-5.29,60,38.75843931104345,66.14000046253204,0.5860060332627288
3303401,Nova Friburgo,RJ,Sudeste,-2.4,237,163.10273424476432,277.88999903202057,0.586932724505751
2607307,Ipubi,PE,Nordeste,-1.25,63,37.65133686531867,64.13999927043915,0.5870180432426575
5209705,Hidrolândia,GO,Centro-Oeste,-1.77,50,29.600493032604117,50.41999959945679,0.5870784067384845
3518305,Guararema,SP,Sudeste,-2.49,67,42.85070286868982,72.90963649749756,0.5877234468198256
4117701,Palmeira,PR,Sul,-1.31,68,44.08540438822367,74.97999942302704,0.5879621862825014
3205200,Vila Velha,ES,Sudeste,-1.92,640,423.13743102121356,719.5699945688248,0.5880420726475161
1100080,Costa Marques,RO,Norte,0.68,36,22.87834168722754,38.89999961853027,0.5881321828170222
5101803,Barra do Garças,MT,Centro-Oeste,-3.6166666,111,71.83537307258133,122.12999963760376,0.5881877776610036
1303205,Novo Airão,AM,Norte,-1.6266667,36,25.072424925164675,42.609999656677246,0.5884164545219769
4211702,Orleans,SC,Sul,0.77,33,25.44757239748761,43.230000615119934,0.5886553790283126
4216909,São Lourenço do Oeste,SC,Sul,-1.35,39,29.908995488626335,50.78999924659729,0.5888756828566031
2101004,Arari,MA,Nordeste,-2.02,50,30.24492991476399,51.359999775886536,0.588881036735595
3541307,Presidente Epitácio,SP,Sudeste,9.606667,59,36.047496743690544,61.20104122161865,0.5890013637702152
3107109,Boa Esperança,MG,Sudeste,1.25,62,38.89185548399623,66.02999997138977,0.5890028093419315
3551801,Sete Barras,SP,Sudeste,-2.14,30,20.70190429897653,35.13423216342926,0.5892231884471025
4101200,Antonina,PR,Sul,-2.22,30,19.55140206940268,33.14999997615814,0.5897858848707171
4121208,Quitandinha,PR,Sul,-1.29,42,26.8354060141627,45.480000495910645,0.5900484987148498
3525706,José Bonifácio,SP,Sudeste,3.06,43,26.95462094073905,45.647576093673706,0.5904940250370642
2111607,São Raimundo das Mangabeiras,MA,Nordeste,-1.42,39,25.10543021485769,42.49999988079071,0.5907160067123889
3203502,Montanha,ES,Sudeste,-2.79,30,18.99821137788912,32.15000009536743,0.5909241468595398
3201209,Cachoeiro de Itapemirim,ES,Sudeste,-6.81,279,183.8993547543143,311.15999805927277,0.5910121991943301
4108809,Guaíra,PR,Sul,-2.76,69,46.95203433009394,79.32999980449677,0.5918572349149621
2108207,Pedreiras,MA,Nordeste,-1.92,34,22.389493545436878,37.78000020980835,0.5926282006643339
2111029,São João do Carú,MA,Nordeste,-2.42,36,22.510277418633496,37.97000050544739,0.5928437481954747
4108601,Goioerê,PR,Sul,-1.51,31,22.037222048315165,37.14999985694885,0.5931957505564602
3545001,Salesópolis,SP,Sudeste,-2.51,32,21.078437568979528,35.524534583091736,0.5933487325408064
3510203,Capão Bonito,SP,Sudeste,-2.9,75,47.815762627307976,80.56343936920166,0.5935168980085439
3507100,Bom Jesus dos Perdões,SP,Sudeste,-1.61,48,31.201131634525783,52.534982323646545,0.5939115281758043
4104428,Candói,PR,Sul,-1.03,39,26.01052659827762,43.769999623298645,0.5942546680862271
3556305,Valparaíso,SP,Sudeste,-2.55,49,30.22035430883742,50.83718526363373,0.5944537281542903
3304151,Quissamã,RJ,Sudeste,-2.24,54,41.57993810160951,69.89999973773956,0.5948489021118003
2613305,São Joaquim do Monte,PE,Nordeste,-1.85,35,20.87074753067831,35.079999923706055,0.5949471943007179
3110905,Campanha,MG,Sudeste,-6.04,30,19.189028541967343,32.24999988079071,0.5950086391596248
3505203,Bariri,SP,Sudeste,-2.48,37,23.171672210964484,38.93864965438843,0.5950815556428267
1100122,Ji-Paraná,RO,Norte,-10.21,227,154.04489378635566,258.8600026369095,0.5950895936690036
3510401,Capivari,SP,Sudeste,-2.54,67,42.444982535031286,71.27229106426239,0.5955327365127203
3531308,Monte Alto,SP,Sudeste,-2.09,35,22.386615672459033,37.582637548446655,0.5956637727621197
2112605,Urbano Santos,MA,Nordeste,-0.48,36,22.805923718453318,38.27999997138977,0.5957660327977617
4104204,Campo Largo,PR,Sul,-1.03,197,136.86918438395531,229.66999864578247,0.5959384560063814
3537305,Penápolis,SP,Sudeste,0.93333334,76,48.079867220003685,80.65067946910858,0.5961495617457209
2608909,Limoeiro,PE,Nordeste,-1.22,61,37.4772282043356,62.85999941825867,0.5962015359715348
3505906,Batatais,SP,Sudeste,4.0466666,68,43.20245037046502,72.45560193061829,0.596261009767535
3541604,Promissão,SP,Sudeste,-6.8333335,39,24.929027530405698,41.77966916561127,0.5966784330337568
3142809,Monte Alegre de Minas,MG,Sudeste,-0.8,38,24.863440283062584,41.65000033378601,0.5969613465499457
5003157,Coronel Sapucaia,MS,Centro-Oeste,-0.15,55,35.10251793920468,58.78999936580658,0.5970831487986202
2613602,São José do Egito,PE,Nordeste,-2.02,43,26.154388298865392,43.78999972343445,0.5972685193891137
4210100,Mafra,SC,Sul,-4.03,73,57.161981172878306,95.65999972820282,0.5975536413892086
5106752,Pontes e Lacerda,MT,Centro-Oeste,-4.0,115,78.91629760222442,132.05999982357025,0.5975791133398088
4115705,Matinhos,PR,Sul,-1.53,71,51.54154306584824,86.22999966144562,0.5977217124922828
3119401,Coronel Fabriciano,MG,Sudeste,-5.32,89,63.88988121822945,106.87999963760376,0.5977720942632841
4206504,Guaramirim,SC,Sul,0.8933333,63,55.85787461614456,93.42999958992004,0.5978580205642101
3302205,Itaperuna,RJ,Sudeste,-1.83,99,65.91112624480058,110.2299987077713,0.5979418218042108
2114007,Zé Doca,MA,Nordeste,1.54,65,43.861616957789565,73.33999919891357,0.5980585960851675
4108304,Foz do Iguaçu,PR,Sul,-1.09,472,346.5480644041707,579.2700010538101,0.5982496310420515
4210001,Luiz Alves,SC,Sul,-11.216666,32,22.854537199870084,38.200000047683716,0.598286313385905
3502804,Araçatuba,SP,Sudeste,-2.32,232,160.52988552033528,268.2401019334793,0.5984559518253725
3140001,Mariana,MG,Sudeste,-1.7966666,97,64.59955937281396,107.87999844551086,0.5988094206864729
3537404,Pereira Barreto,SP,Sudeste,-2.26,31,20.293911842549516,33.88511824607849,0.5989033798014891
3151503,Piumhi,MG,Sudeste,-3.77,63,43.93576510630224,73.31999957561493,0.5992330245582077
3170404,Unaí,MG,Sudeste,-4.3733335,119,80.16993181215739,133.76999974250793,0.5993117437876609
2107704,Paraibano,MA,Nordeste,-0.17,39,25.24316080392659,42.109999775886536,0.5994576333002403
2705507,Murici,AL,Nordeste,-4.45,39,23.89172276674647,39.769999861717224,0.6007473686150234
3123601,Elói Mendes,MG,Sudeste,-3.66,47,32.48494937163284,54.049999713897705,0.6010166428045343
1100700,Campo Novo de Rondônia,RO,Norte,-3.43,33,21.220287809127008,35.300000071525574,0.6011412964909357
3130101,Igarapé,MG,Sudeste,-4.65,81,54.967933686323164,91.3400000333786,0.6017947631512601
4216305,São João Batista,SC,Sul,,43,42.904840676218015,71.25000011920929,0.6021732014657316
4117909,Palotina,PR,Sul,-1.76,67,44.15154827822825,73.30999875068665,0.6022582053012886
4206900,Ibirama,SC,Sul,-2.02,41,32.028778196331075,53.170000314712524,0.602384389820447
3157807,Santa Luzia,MG,Sudeste,-3.82,308,214.7024104029216,356.2700002193451,0.6026395999403137
5201405,Aparecida de Goiânia,GO,Centro-Oeste,-3.2,814,549.8780778684171,912.3199973106384,0.60272500820914
2611101,Petrolina,PE,Nordeste,-2.25,707,446.5557674344066,740.6999980211258,0.6028834462365831
3170909,Varzelândia,MG,Sudeste,0.47666666,32,21.07147965012897,34.91999936103821,0.6034215359591145
2303709,Caucaia,CE,Nordeste,-4.2,565,351.0226497038821,581.2799988985062,0.6038787681823748
3503208,Araraquara,SP,Sudeste,-0.31,272,181.22895652305175,300.07984685897827,0.6039357804931826
2500403,Alagoa Nova,PB,Nordeste,-6.39,43,26.24288818353466,43.41000020503998,0.6045355461778554
3124104,Esmeraldas,MG,Sudeste,-4.3333335,140,101.17796815013048,167.310000538826,0.6047335354986811
4101101,Andirá,PR,Sul,-2.45,32,20.834159438859874,34.44999945163727,0.6047651602464601
3113404,Caratinga,MG,Sudeste,-4.9,116,79.05222590436625,130.63999962806702,0.6051150193618224
4215505,Santa Cecília,SC,Sul,-2.21,36,25.09576611033651,41.47000026702881,0.6051547130152585
4101002,Ampére,PR,Sul,-2.36,38,25.968922656136357,42.91000044345856,0.6051951150724167
2104552,Governador Edison Lobão,MA,Nordeste,0.4,50,33.21257559493672,54.87000107765198,0.605295697879326
2104677,Governador Nunes Freire,MA,Nordeste,-0.57,43,29.329690352293674,48.450000047683716,0.6053599653958279
4109708,Ibaiti,PR,Sul,-1.11,48,30.64640412796164,50.59999990463257,0.60566016177316
3515186,Espírito Santo do Pinhal,SP,Sudeste,-4.1,41,26.200903011156097,43.254833579063416,0.6057335294855484
5215603,Padre Bernardo,GO,Centro-Oeste,-3.61,59,39.1093394347252,64.55000030994415,0.6058766730741637
4213609,Porto União,SC,Sul,-4.2233334,38,29.828889065179915,49.2299998998642,0.6059087776935421
3171204,Vespasiano,MG,Sudeste,5.95,224,149.9595846755777,247.41999876499176,0.6060932237656933
1100288,Rolim de Moura,RO,Norte,-1.8333334,97,64.48154288512771,106.37999856472015,0.6061434833155972
5212204,Jussara,GO,Centro-Oeste,-3.48,35,21.812746509679833,35.9700003862381,0.606414964566563
3141108,Matozinhos,MG,Sudeste,-5.4266667,48,32.77500338664247,54.03000044822693,0.606607497959368
2207009,Oeiras,PI,Nordeste,-2.29,55,34.24412915128084,56.43999993801117,0.60673510256718
5106257,Nova Xavantina,MT,Centro-Oeste,-1.32,33,22.78237592501083,37.540000319480896,0.6068826779734525
4205704,Garopaba,SC,Sul,-1.49,54,42.36706179395446,69.7999997138977,0.606977965152038
3556404,Vargem Grande do Sul,SP,Sudeste,-1.68,56,37.215143863644585,61.27282476425171,0.607367850377888
3138203,Lavras,MG,Sudeste,7.8,109,76.32012114748397,125.55999970436096,0.6078378570180358
4114807,Marialva,PR,Sul,-1.05,60,41.96545932290194,68.99999928474426,0.6081950689553182
3530300,Mirassol,SP,Sudeste,-2.0,69,44.79657210533944,73.55889904499054,0.6089891595297082
3107406,Bom Despacho,MG,Sudeste,5.24,72,48.972788925341774,80.36999893188477,0.6093416645040299
3303005,Miracema,RJ,Sudeste,-2.01,30,21.146713964043627,34.700000166893005,0.6094153850817424
3202801,Itapemirim,ES,Sudeste,-2.8333333,72,47.31424970884879,77.60999965667725,0.6096411534358004
1100189,Pimenta Bueno,RO,Norte,-1.64,70,48.3990303581111,79.24000060558319,0.6107903834960463
2603009,Cabrobó,PE,Nordeste,-1.89,54,34.599749847364215,56.55999958515167,0.6117353271064638
3170800,Várzea da Palma,MG,Sudeste,-3.02,57,37.38451928137068,61.05999970436096,0.6122587530687564
2608503,Lagoa de Itaenga,PE,Nordeste,-1.53,32,19.989710944046365,32.63999962806702,0.6124298765879055
3145208,Nova Serrana,MG,Sudeste,-4.16,225,146.76217808711053,238.92999756336212,0.614247602158831
4109401,Guarapuava,PR,Sul,-0.86,324,226.0354388441046,367.8399986028671,0.6144939095874137
4122404,Rolândia,PR,Sul,-1.02,135,96.0450677553135,156.29000079631805,0.6145311105377905
3304201,Resende,RJ,Sudeste,-1.83,151,109.49488931034614,178.0499997138977,0.6149670850114554
3152105,Ponte Nova,MG,Sudeste,-9.223333,79,55.99867231633334,91.02999985218048,0.615167224071922
5003801,Fátima do Sul,MS,Centro-Oeste,-3.17,40,27.124625607764088,44.09000015258789,0.6152103768176556
1505908,Porto de Moz,PA,Norte,-1.17,57,39.72194187447446,64.53999948501587,0.6154623828854636
3147204,Paraguaçu,MG,Sudeste,-2.89,35,24.02881605906673,38.99000024795532,0.6162815056746974
3204302,Presidente Kennedy,ES,Sudeste,-1.87,36,24.898323164005458,40.389999985694885,0.6164477141080419
3305158,São José do Vale do Rio Preto,RJ,Sudeste,-1.35,30,20.92398981932319,33.87999975681305,0.6175912033504519
5105259,Lucas do Rio Verde,MT,Centro-Oeste,-2.63,166,118.00081810806151,190.63000118732452,0.6190044451193535
3152501,Pouso Alegre,MG,Sudeste,-8.756667,154,108.1430230277553,174.6199984550476,0.6193049134380478
4124020,Santa Tereza do Oeste,PR,Sul,-1.04,35,24.885417488435394,40.169999837875366,0.619502553867862
2108009,Pastos Bons,MA,Nordeste,-0.9,31,20.17380996483105,32.53999936580658,0.6199695869087795
2614600,Tabira,PE,Nordeste,-1.1,55,34.32607484496659,55.359999656677246,0.6200519338483477
4218202,Timbó,SC,Sul,-7.07,68,51.386936613930835,82.86000049114227,0.6201657773273136
3131703,Itabira,MG,Sudeste,-3.9033334,145,102.63220430166946,165.4199994802475,0.62043407462303
3516200,Franca,SP,Sudeste,3.99,501,335.3059530957083,540.2784482240677,0.6206169322464776
3135100,Janaúba,MG,Sudeste,-2.27,118,76.84846640301191,123.69999885559082,0.6212487236376286
2106409,Mata Roma,MA,Nordeste,-1.65,33,21.32318036862456,34.320000529289246,0.6213047797137128
3144607,Nepomuceno,MG,Sudeste,-4.36,33,22.436962042380202,36.06999957561493,0.622039431837107
5201702,Aragarças,GO,Centro-Oeste,-2.7,32,21.617816137325235,34.71999967098236,0.6226329591642414
3122009,Divino,MG,Sudeste,2.69,30,20.643864598590923,33.14999973773956,0.6227410184588614
3118601,Contagem,MG,Sudeste,-1.19,726,551.450434270201,885.4199981689453,0.6228122646999212
5004502,Itaporã,MS,Centro-Oeste,-3.39,35,25.520927223498628,40.9700003862381,0.6229174269686157
4119608,Pitanga,PR,Sul,-1.09,52,35.2701195374212,56.61999988555908,0.6229268740499739
3525904,Jundiaí,SP,Sudeste,-1.72,544,372.3614819438784,597.723553776741,0.6229660510968607
3169703,Turmalina,MG,Sudeste,-3.91,31,20.26371278861562,32.50999975204468,0.6233070729980906
4115606,Matelândia,PR,Sul,-1.0,35,25.739321227145766,41.290000319480896,0.6233790512954243
4203907,Capinzal,SC,Sul,-1.21,48,39.28957214006028,62.9700003862381,0.6239411132137598
3127701,Governador Valadares,MG,Sudeste,2.51,304,222.99340693117895,357.37999963760376,0.6239672258025136
5106224,Nova Mutum,MT,Centro-Oeste,-2.59,134,91.77297774114697,147.0300006866455,0.624178584727998
4109807,Ibiporã,PR,Sul,-1.03,99,71.31948512854042,114.1699994802475,0.6246779841746375
4119400,Piraí do Sul,PR,Sul,-1.09,43,31.6787750162919,50.71000027656555,0.6247046902685881
3117306,Conceição das Alagoas,MG,Sudeste,-4.08,40,27.726804108523545,44.37000048160553,0.6248997928232668
4113502,Loanda,PR,Sul,-1.18,38,25.96986290374369,41.549999356269836,0.6250267943704522
5208707,Goiânia,GO,Centro-Oeste,-2.18,1367,989.9173212242067,1583.069995880127,0.6253149410957348
3132404,Itajubá,MG,Sudeste,-3.35,123,90.47562105073871,144.6199995279312,0.6256093302867469
3160702,Santos Dumont,MG,Sudeste,-3.21,52,34.72311287609853,55.47999918460846,0.6258672203753671
3520442,Ilha Solteira,SP,Sudeste,-2.19,35,25.426885688321548,40.613765001297,0.6260657116499675
4104907,Castro,PR,Sul,-0.88,121,83.55205225948417,133.34000158309937,0.6266090540535456
4104600,Capitão Leônidas Marques,PR,Sul,-1.09,31,22.24377743037987,35.489999890327454,0.6267618342946868
3203320,Marataízes,ES,Sudeste,-1.04,95,69.95490187724378,111.48999977111816,0.6274544983483427
5217104,Piracanjuba,GO,Centro-Oeste,-4.6833334,30,20.143959326278583,32.0900000333786,0.6277332285860308
3170701,Varginha,MG,Sudeste,-4.83,141,99.1956875838604,157.90000069141388,0.6282184113331316
3113305,Carangola,MG,Sudeste,-9.78,32,24.430647243002163,38.87000036239624,0.628521919609678
5217609,Planaltina,GO,Centro-Oeste,-2.36,240,166.41435910971794,264.770001411438,0.6285242218627298
3102605,Andradas,MG,Sudeste,-3.93,35,25.283034428437787,40.21999990940094,0.6286184606014428
3127107,Frutal,MG,Sudeste,-4.32,71,50.69738719018859,80.6000007390976,0.6289998353014432
3554300,Teodoro Sampaio,SP,Sudeste,8.003333,36,24.718451614539195,39.28911113739014,0.6291425511791604
4208906,Jaraguá do Sul,SC,Sul,-1.1533333,251,217.58399030345268,345.4800007343292,0.629801985182849
4125704,São Miguel do Iguaçu,PR,Sul,-0.99,46,31.144126824306372,49.41999912261963,0.6301927838370124
3538808,Piraju,SP,Sudeste,-2.5,41,27.267354036402978,43.265952706336975,0.6302265946037806
4207007,Içara,SC,Sul,-6.826667,90,78.15818400544057,124.01000010967255,0.6302571077842003
3169307,Três Corações,MG,Sudeste,-4.83,79,53.346248584610805,84.6100001335144,0.6304957865551417
4210605,Massaranduba,SC,Sul,1.5766667,34,24.59261648162468,38.99999952316284,0.6305799174950928
3146107,Ouro Preto,MG,Sudeste,6.98,93,67.58402793109926,107.16999852657318,0.6306245111531056
4201208,Antônio Carlos,SC,Sul,-3.6733334,33,24.038099054278675,38.09999966621399,0.6309212405478047
5203302,Bela Vista de Goiás,GO,Centro-Oeste,-3.1,47,32.04463663212619,50.790000677108765,0.6309241229557381
3106200,Belo Horizonte,MG,Sudeste,-0.12,2328,1731.3334093214892,2742.960000395775,0.6311916357043775
3125101,Extrema,MG,Sudeste,-3.7,104,76.26909811834564,120.80000054836273,0.6313667034116529
4127601,Tijucas do Sul,PR,Sul,-0.18,32,22.439090496338405,35.49999976158142,0.6320870604799916
2112209,Timon,MA,Nordeste,-1.97,245,164.89166114363664,260.81999707221985,0.6322048270630833
3144805,Nova Lima,MG,Sudeste,-3.86,147,101.56230787351531,160.6299990415573,0.632274845791661
3526209,Juquitiba,SP,Sudeste,5.82,53,36.34970777823698,57.48397672176361,0.6323450438054832
3167202,Sete Lagoas,MG,Sudeste,-0.39333335,250,172.60475827490785,272.94999945163727,0.6323676813397132
3118403,Conselheiro Pena,MG,Sudeste,2.9933333,34,23.492620106429822,37.13000023365021,0.6327126301803497
4206306,Guabiruba,SC,Sul,-1.56,46,39.38529972924032,62.200000166893005,0.6332041740122665
3139409,Manhuaçu,MG,Sudeste,3.9433334,159,110.18735346468891,173.9700005054474,0.633369851954669
3300233,Armação dos Búzios,RJ,Sudeste,-2.07,94,74.422433253968,117.49999928474426,0.633382414527646
4217501,Seara,SC,Sul,-7.5,41,32.861484788711955,51.88000047206879,0.633413347912438
4101705,Araruna,PR,Sul,-0.6,33,22.85846959017449,36.079999566078186,0.6335496082340767
3157708,Santa Juliana,MG,Sudeste,-2.81,34,23.028637750311063,36.330000042915344,0.6338738707158863
4208500,Ituporanga,SC,Sul,2.15,43,34.64961427205541,54.63000023365021,0.6342598228786467
5209101,Goiatuba,GO,Centro-Oeste,-1.9,69,44.563278845524195,70.25999963283539,0.6342624406262869
3162922,São Joaquim de Bicas,MG,Sudeste,-5.2,68,49.01195727406655,77.24999976158142,0.6344589957971957
3304706,Santo Antônio de Pádua,RJ,Sudeste,-2.21,44,30.851257899816368,48.6199996471405,0.6345384229477432
4212908,Pinhalzinho,SC,Sul,-6.0833335,38,29.807203189141248,46.93999981880188,0.635006461529681
3205010,Sooretama,ES,Sudeste,-2.07,67,45.77782853368827,72.03999888896942,0.635450156020167
3551603,Serra Negra,SP,Sudeste,,36,24.660060830874986,38.766425013542175,0.6361190339903808
3106309,Belo Oriente,MG,Sudeste,-3.8,41,29.12308093753835,45.769999980926514,0.6362919150027235
4114302,Mandirituba,PR,Sul,-0.09,54,39.72212195939848,62.4099999666214,0.6364704691658865
3105400,Barão de Cocais,MG,Sudeste,-3.52,47,34.60264451489934,54.31000030040741,0.63713209949365
3120904,Curvelo,MG,Sudeste,6.6,96,69.58635275312622,109.18999910354614,0.6372960282483076
4205506,Fraiburgo,SC,Sul,-1.67,56,44.02877772124113,69.04000055789948,0.637728524992073
3162104,São Gotardo,MG,Sudeste,0.053333335,80,58.061307514505366,90.87000000476837,0.6389491307522683
3103405,Araçuaí,MG,Sudeste,7.85,36,24.237103137446173,37.91999959945679,0.6391641190258182
3101607,Alfenas,MG,Sudeste,-8.096666,101,71.7345747834069,112.19999969005585,0.6393455880710189
3134202,Ituiutaba,MG,Sudeste,-3.78,130,89.14942904734578,139.41999876499176,0.6394307117848801
2103257,Cidelândia,MA,Nordeste,-2.2,32,21.269384918757968,33.24000000953674,0.6398731923181608
3509403,Cajuru,SP,Sudeste,-1.29,34,24.680252007223082,38.54963994026184,0.6402200395507882
5201108,Anápolis,GO,Centro-Oeste,-9.55,506,364.6994334747159,568.4199966192245,0.6416020471549705
4101606,Arapoti,PR,Sul,-0.7,51,36.26631990978504,56.47999918460846,0.6421090728285295
3114402,Carmo do Rio Claro,MG,Sudeste,-2.76,30,21.811024003686473,33.92999994754791,0.6428241685058633
4128203,União da Vitória,PR,Sul,-0.77,83,61.821592454595276,96.17000043392181,0.6428365620843763
2108108,Paulo Ramos,MA,Nordeste,-0.56,30,19.318708289296634,30.049999952316284,0.64288546821803
4118501,Pato Branco,PR,Sul,-0.26,137,104.81539782178523,162.6700005531311,0.644343747866101
3518602,Guariba,SP,Sudeste,-1.64,64,44.861676350695085,69.55084872245789,0.6450198261377837
3506508,Birigui,SP,Sudeste,-1.41,155,104.83486104656399,162.35741758346558,0.6457041668125197
5001102,Aquidauana,MS,Centro-Oeste,-1.59,97,67.60353931570148,104.6100001335144,0.6462435639940604
3512407,Cordeirópolis,SP,Sudeste,-0.85,41,28.118144763016836,43.49000263214111,0.6465427238727328
5107305,São José do Rio Claro,MT,Centro-Oeste,-1.06,36,25.66015405615748,39.67999994754791,0.6466772704152484
4200200,Agrolândia,SC,Sul,1.23,30,21.79316296659889,33.69999945163727,0.6466814041903522
3162955,São José da Lapa,MG,Sudeste,-2.9,50,34.18163988038446,52.81999969482422,0.6471344202550968
3139508,Manhumirim,MG,Sudeste,-1.83,39,28.003423322550294,43.260000228881836,0.6473283211832779
4106407,Cornélio Procópio,PR,Sul,-0.48,60,44.38162223158386,68.46000003814697,0.6482854543799844
4113304,Laranjeiras do Sul,PR,Sul,-1.23,59,48.06292258055769,74.07000017166138,0.6488851420165948
5217401,Pires do Rio,GO,Centro-Oeste,-2.04,32,24.87527768065282,38.3199999332428,0.6491460783921711
5204904,Campos Belos,GO,Centro-Oeste,-2.41,32,21.845162268983344,33.649999499320984,0.6491875956617519
3522703,Itápolis,SP,Sudeste,0.67333335,57,38.660831269812945,59.5179181098938,0.6495662566427415
5206206,Cristalina,GO,Centro-Oeste,-1.95,142,99.08525736503208,152.44000041484833,0.6499951265769003
1100155,Ouro Preto do Oeste,RO,Norte,-1.19,52,36.83662304462316,56.64999973773956,0.6502493065341187
3140704,Mateus Leme,MG,Sudeste,-3.86,66,48.3871607288461,74.37999999523163,0.6505399399293912
3202405,Guarapari,ES,Sudeste,-1.29,220,160.11796451680115,246.0499986410141,0.6507537711894589
4101507,Arapongas,PR,Sul,-0.61,172,127.79960365312844,196.0200002193451,0.6519722656367796
3520004,Igaraçu do Tietê,SP,Sudeste,-1.84,34,23.376829727902905,35.82815134525299,0.6524709997631567
4204301,Concórdia,SC,Sul,-9.956667,142,115.69128146028739,177.24000012874603,0.652737990161645
5008305,Três Lagoas,MS,Centro-Oeste,-5.8966665,229,150.04442721126145,229.75999927520752,0.6530485188221888
2612208,Salgueiro,PE,Nordeste,-0.61,112,75.05335547012638,114.87000024318695,0.653376471761415
4104659,Carambeí,PR,Sul,-0.75,43,31.549955208426816,48.239999651908875,0.6540206350764012
3205309,Vitória,ES,Sudeste,-2.3,389,277.5560008112301,424.3199963569641,0.6541195399561912
5220108,São Luís de Montes Belos,GO,Centro-Oeste,-2.19,54,38.156833047262054,58.32999932765961,0.6541545257513555
5107107,São José dos Quatro Marcos,MT,Centro-Oeste,10.1,34,23.71643546676404,36.24000000953674,0.6544270270563725
4119905,Ponta Grossa,PR,Sul,-0.64,478,362.0662110887257,553.0600019693375,0.6546599099545789
3141405,Medina,MG,Sudeste,6.5533333,30,20.356043036204273,31.070000410079956,0.6551671312369928
3204906,São Mateus,ES,Sudeste,3.5366666,238,173.7310641209649,265.1099981069565,0.6553169075534998
3147402,Paraopeba,MG,Sudeste,-11.506667,32,22.973237420931607,35.049999952316284,0.6554418673947364
5205109,Catalão,GO,Centro-Oeste,-2.47,126,92.55662578240288,141.05999875068665,0.6561507628111498
4114609,Marechal Cândido Rondon,PR,Sul,-0.71,97,72.71131106757512,110.70000052452087,0.6568320751856639
4118402,Paranavaí,PR,Sul,0.45,148,109.45348517252836,166.6299992799759,0.6568654242662624
3167608,Simonésia,MG,Sudeste,8.706667,35,27.916976846876587,42.49999976158142,0.6568700471408614
4106209,Contenda,PR,Sul,-0.24,36,25.945917015671032,39.46999979019165,0.6573579212969398
4121703,Reserva,PR,Sul,-1.11,48,37.41053111867742,56.8199999332428,0.6584042795253545
4105409,Chopinzinho,PR,Sul,0.73,40,29.303051248217447,44.5,0.6584955336678078
5218508,Quirinópolis,GO,Centro-Oeste,-2.11,80,54.520333924007495,82.74999952316284,0.658856002878242
3200607,Aracruz,ES,Sudeste,-1.44,180,134.40579116481314,203.8399999141693,0.6593690699637326
5000203,Água Clara,MS,Centro-Oeste,-1.56,65,48.15509649740385,73.01999986171722,0.659478178425066
4110102,Imbituva,PR,Sul,0.43,80,60.05066444329686,91.04000043869019,0.6596074709351223
3137601,Lagoa Santa,MG,Sudeste,5.73,94,77.79834569544256,117.89999973773956,0.6598672253477492
3149309,Pedro Leopoldo,MG,Sudeste,-3.9633334,92,66.46208807284722,100.65999960899353,0.6602631465429604
3546801,Santa Isabel,SP,Sudeste,-1.21,79,59.52128788599963,90.13384711742401,0.6603655540016711
3159605,Santa Rita do Sapucaí,MG,Sudeste,11.67,45,33.21762669448188,50.29999923706055,0.660390202749893
3128006,Guanhães,MG,Sudeste,-1.7533333,44,31.474088810689718,47.62999927997589,0.6608038901214455
3147303,Paraisópolis,MG,Sudeste,-3.18,30,21.351304199609885,32.299999713897705,0.6610310956263901
5210109,Ipameri,GO,Centro-Oeste,-2.61,35,23.5901242140267,35.679999589920044,0.6611581974538796
2202604,Castelo do Piauí,PI,Nordeste,-0.75,30,20.3513919729489,30.72000002861023,0.6624802068357809
3205101,Viana,ES,Sudeste,-1.57,155,112.48687910288427,169.7799997329712,0.6625449362693066
3200805,Baixo Guandu,ES,Sudeste,-1.79,41,30.43217751131578,45.920000433921814,0.6627216294369862
4104501,Capanema,PR,Sul,-0.23,35,26.989055255998164,40.69999921321869,0.663121763580589
5209200,Guapó,GO,Centro-Oeste,-2.59,33,26.135031884822624,39.39000046253204,0.6634940740780745
3540606,Porto Feliz,SP,Sudeste,-0.98,77,55.38915819867438,83.43179500102997,0.6638854911127179
3158953,Santana do Paraíso,MG,Sudeste,-1.63,68,47.911770844963314,72.15999948978424,0.6639657869142063
3157203,Santa Bárbara,MG,Sudeste,-1.61,42,30.523644076917854,45.96999967098236,0.6639905219791701
4102307,Balsa Nova,PR,Sul,-0.63,34,25.76766736301,38.75999987125397,0.6648005017698768
3205036,Vargem Alta,ES,Sudeste,-1.43,38,26.96408632531499,40.549999833106995,0.6649589750010356
2107803,Parnarama,MA,Nordeste,10.73,47,33.85605452122934,50.90999901294708,0.6650177799575148
3148103,Patrocínio,MG,Sudeste,-3.7833333,144,103.09587061964008,155.01999926567078,0.6650488395562177
2304400,Fortaleza,CE,Nordeste,4.8733335,2647,1798.9698963674307,2704.4199863672256,0.6651961993462185
3202306,Guaçuí,ES,Sudeste,-0.92,53,38.457164337572955,57.80999934673309,0.6652337791411204
3527108,Lins,SP,Sudeste,-8.173333,94,67.10842554488475,100.84584712982178,0.6654555190408004
3144003,Mutum,MG,Sudeste,8.23,48,35.1304236961497,52.769999742507935,0.665727190971559
2308708,Morada Nova,CE,Nordeste,-1.26,89,60.19601776415849,90.4199994802475,0.6657378689468858
3539202,Pirapozinho,SP,Sudeste,-0.75,36,28.07338191778895,42.16200602054596,0.665845498530324
4108403,Francisco Beltrão,PR,Sul,-0.05,157,119.45498371897234,179.2899992465973,0.6662668538175002
3526001,Junqueirópolis,SP,Sudeste,-0.46,32,22.140710763405835,33.18255007266998,0.667239579686237
1100098,Espigão D'Oeste,RO,Norte,-1.28,58,43.01006112808573,64.44999885559082,0.6673399828052092
4113205,Lapa,PR,Sul,1.08,78,57.947166203126926,86.77999925613403,0.6677479453772978
3114204,Carmo do Cajuru,MG,Sudeste,-2.07,31,22.965674877421133,34.35999929904938,0.6683840321864184
2615300,Timbaúba,PE,Nordeste,-0.91,51,34.94321643142681,52.2700001001358,0.6685138007362664
3162906,São João Nepomuceno,MG,Sudeste,-1.84,35,26.682236125030617,39.85000002384186,0.6695667781447152
3121605,Diamantina,MG,Sudeste,-3.6466668,75,54.104601720198644,80.76999998092651,0.6698601180261881
4104303,Campo Mourão,PR,Sul,-0.36,169,127.83386096716787,190.8100016117096,0.6699536706011063
3145307,Novo Cruzeiro,MG,Sudeste,-4.7266665,55,38.60313567261247,57.58999967575073,0.6703097046355252
3171303,Viçosa,MG,Sudeste,-3.87,73,53.603160037991444,79.88999915122986,0.6709620804541748
3529401,Mauá,SP,Sudeste,6.63,556,395.89147970333147,589.9139190912247,0.6711004214194691
3169356,Três Marias,MG,Sudeste,9.326667,48,36.83683233125636,54.81999897956848,0.671959741279556
3156908,Sacramento,MG,Sudeste,-2.6233332,40,30.794684933395644,45.799999833106995,0.6723730359303494
2102002,Bom Jardim,MA,Nordeste,9.63,47,32.372241081076986,48.12999951839447,0.6726000707459984
3111606,Campos Gerais,MG,Sudeste,-2.35,31,27.37142067974766,40.670000433921814,0.6730125494888821
4104808,Cascavel,PR,Sul,0.11,501,401.9383133983768,596.9100019931793,0.673365016595868
3147006,Paracatu,MG,Sudeste,-0.50666666,157,116.60394780515337,173.0799994468689,0.6736997236988539
2210607,São Raimundo Nonato,PI,Nordeste,-1.9,57,40.20551643882253,59.65000009536743,0.6740237447534386
4106308,Corbélia,PR,Sul,-0.82,38,28.873775077452176,42.80999994277954,0.6744633290363298
3116605,Cláudio,MG,Sudeste,-3.13,42,29.952447446322743,44.399999260902405,0.6746046834441767
3143906,Muriaé,MG,Sudeste,-2.3933334,148,117.86628272079808,174.62999784946442,0.6749486581475073
2600302,Agrestina,PE,Nordeste,-1.3,40,27.258882708845874,40.37999987602234,0.6750590092258076
1100940,Cujubim,RO,Norte,-0.37,41,30.229740496073216,44.74000012874603,0.6756759143737734
3529302,Matão,SP,Sudeste,6.04,86,62.232995324788696,92.10191297531128,0.6756970980773308
2309706,Pacatuba,CE,Nordeste,-7.3166666,132,90.52656537376194,133.80999886989594,0.6765306489672818
3204054,Pedro Canário,ES,Sudeste,-3.2233334,54,39.490965767395735,58.3400000333786,0.6769106229825403
3544251,Rosana,SP,Sudeste,13.67,30,21.905579108775182,32.31182157993317,0.677943181091943
4105508,Cianorte,PR,Sul,-0.06,123,89.74859357035659,132.3400000333786,0.6781667942248778
4103909,Campina da Lagoa,PR,Sul,0.15,42,31.01016569479294,45.71999967098236,0.6782625966306496
2609006,Macaparana,PE,Nordeste,-1.15,31,21.61264854333114,31.769999861717224,0.6802848170413224
1100148,Nova Brasilândia D'Oeste,RO,Norte,-0.79,39,28.770212362761068,42.269999742507935,0.6806295845284548
2301851,Banabuiú,CE,Nordeste,0.28,36,24.930038647136445,36.60000014305115,0.6811485942540262
3164704,São Sebastião do Paraíso,MG,Sudeste,-2.37,122,88.93331897226928,130.49999868869781,0.6814813782827379
3162500,São João del Rei,MG,Sudeste,1.4366666,103,75.49269033940577,110.5599993467331,0.6828210092752364
2301703,Aurora,CE,Nordeste,-1.11,30,20.675522100683988,30.270000100135803,0.6830367371089381
3138401,Leopoldina,MG,Sudeste,-5.9566665,61,46.01644710933472,67.28000020980835,0.6839543247002883
3151800,Poços de Caldas,MG,Sudeste,-3.5366666,140,110.7130900456728,161.73999905586243,0.684512740768808
3169901,Ubá,MG,Sudeste,1.3933333,136,104.56874759990109,152.62999892234802,0.6851126799332642
3203007,Iúna,ES,Sudeste,-1.3433334,57,42.09121758717295,61.25999927520752,0.6870913823893505
4113700,Londrina,PR,Sul,2.69,707,579.5309101743889,842.1199967861176,0.6881809152925016
3110608,Cambuí,MG,Sudeste,-2.42,37,28.319357254013337,41.13999950885773,0.6883655224136788
3131307,Ipatinga,MG,Sudeste,0.6166667,298,231.32710169277865,335.84999907016754,0.6887810103713848
4103701,Cambé,PR,Sul,-0.13,155,123.46339319122028,179.2300000190735,0.6888545063777348
2305407,Icó,CE,Nordeste,0.08,73,51.02566779576561,74.02999973297119,0.6892566254196539
3203056,Jaguaré,ES,Sudeste,-1.22,73,56.919672768516534,82.50999987125397,0.6898518101724909
4203808,Canoinhas,SC,Sul,1.0933334,84,74.03075737569446,107.25999939441681,0.6901991217011696
3201605,Conceição da Barra,ES,Sudeste,0.7633333,58,43.07239333615607,62.32999908924103,0.6910379266087768
3132503,Itamarandiba,MG,Sudeste,8.943334,50,36.43478797677619,52.709999680519104,0.6912310415027757
5208400,Goianápolis,GO,Centro-Oeste,-0.86,32,24.614510081843296,35.59999918937683,0.6914188382675119
2613909,Serra Talhada,PE,Nordeste,-0.58,136,97.57688023009881,141.00000023841858,0.6920346103908149
3145901,Ouro Branco,MG,Sudeste,-2.39,66,48.94720752622902,70.70999896526337,0.6922246958350908
4215802,São Bento do Sul,SC,Sul,-2.08,112,103.20140290129706,148.7400003671646,0.6938375867052874
4124053,Santa Terezinha de Itaipu,PR,Sul,1.3,34,28.174797375760868,40.589998960494995,0.6941315126216814
4102000,Assis Chateaubriand,PR,Sul,0.21,54,41.05243907633866,59.089999318122864,0.6947442807593315
4123501,Santa Helena,PR,Sul,-0.11,57,43.22376352225587,62.209999442100525,0.6948041136455027
3152006,Pompéu,MG,Sudeste,2.5533333,32,24.755179033587712,35.62000000476837,0.6949797594125152
2307502,Lavras da Mangabeira,CE,Nordeste,-0.7,34,23.946279766796714,34.44999957084656,0.6951024692337396
4122156,Rio Bonito do Iguaçu,PR,Sul,-1.5766667,33,25.91524407599656,37.27999997138977,0.695151397421808
3101508,Além Paraíba,MG,Sudeste,-1.77,33,26.695046291471375,38.40000021457672,0.6951834932890932
3152204,Porteirinha,MG,Sudeste,-1.44,57,40.79156072460328,58.669999957084656,0.6952711906330507
4112108,Jandaia do Sul,PR,Sul,-0.45,34,26.120848973028032,37.56000018119812,0.6954432600376736
4102901,Bituruna,PR,Sul,0.76,32,26.246171162680884,37.72999966144562,0.6956313649135948
3172004,Visconde do Rio Branco,MG,Sudeste,-1.3233334,48,35.26724702486698,50.67999875545502,0.6958809765375328
5211503,Itumbiara,GO,Centro-Oeste,-1.63,165,124.72163676149485,179.21999847888947,0.6959136135479097
3303856,Paty do Alferes,RJ,Sudeste,-2.2,40,35.42591220275357,50.890000343322754,0.6961271755503492
3105608,Barbacena,MG,Sudeste,2.7566667,134,104.54709849743581,149.84999871253967,0.6976783409787721
3159803,Santa Vitória,MG,Sudeste,-3.01,42,31.575657984532466,45.16000032424927,0.6991952559304454
5200308,Alexânia,GO,Centro-Oeste,-0.56,53,40.98872304827674,58.60000002384186,0.6994662633378868
4106506,Coronel Vivida,PR,Sul,0.52,45,34.351215972693694,49.09999978542328,0.6996174363098842
3113206,Carandaí,MG,Sudeste,5.7166667,35,27.743080751510284,39.639999866485596,0.6998759042622048
3110004,Caeté,MG,Sudeste,-1.01,67,54.805938207826536,78.2999997138977,0.6999481278171559
3126109,Formiga,MG,Sudeste,1.7866666,65,52.65694845032836,75.1999980211258,0.7002253967551374
3165537,Sarzedo,MG,Sudeste,0.06,73,56.204126708484274,80.26000010967255,0.7002756869135716
3137205,Lagoa da Prata,MG,Sudeste,-7.7066665,82,59.80530001652344,85.36999976634979,0.7005423471969697
3122306,Divinópolis,MG,Sudeste,2.8033333,273,205.61073924925088,293.41999769210815,0.7007386710738189
3104007,Araxá,MG,Sudeste,-1.8,175,136.1943844710351,194.34999883174896,0.7007686405439094
2304954,Guaiúba,CE,Nordeste,-1.13,41,28.896963601049293,41.19999980926514,0.7013826149229954
2105708,Lago da Pedra,MA,Nordeste,12.18,64,48.67562337748261,69.38999915122986,0.7014789447020751
5107925,Sorriso,MT,Centro-Oeste,-0.13,261,208.14813705737686,296.70000100135803,0.7015441063528144
3134608,Jaboticatubas,MG,Sudeste,-1.7,31,26.680025161535692,38.02999985218048,0.7015520711343356
4125605,São Mateus do Sul,PR,Sul,3.07,71,54.03845601191674,77.02000033855438,0.701615889046762
4124400,Santo Antônio do Sudoeste,PR,Sul,-0.07,37,29.70170127027554,42.329999923706055,0.7016702415263106
3124203,Espera Feliz,MG,Sudeste,-1.3133334,31,24.770729167444006,35.28000032901764,0.7021181671325041
3147105,Pará de Minas,MG,Sudeste,4.2766666,138,108.11531283116139,153.93999791145325,0.7023211270494472
2202703,Cocal,PI,Nordeste,-1.06,47,33.349356405986185,47.450000047683716,0.7028315357739213
5221403,Trindade,GO,Centro-Oeste,-2.22,220,166.2265513500471,236.48999905586243,0.7028904055717888
3111200,Campo Belo,MG,Sudeste,-1.68,55,40.97347289157451,58.279999017715454,0.7030451884379707
3204351,Rio Bananal,ES,Sudeste,-0.82,42,32.776826628420366,46.62000000476837,0.7030636341713405
3168705,Timóteo,MG,Sudeste,8.55,106,81.33625922953965,115.67999947071075,0.7031142773313492
4101408,Apucarana,PR,Sul,2.14,175,137.8296536720601,196.00000154972076,0.703212513174883
2302206,Beberibe,CE,Nordeste,-0.28,94,67.42691502089833,95.8799991607666,0.7032427577292777
5221601,Uruaçu,GO,Centro-Oeste,2.0533333,67,47.96732525747217,68.07999897003174,0.7045729433484127
2305357,Icapuí,CE,Nordeste,2.16,36,25.858773032116105,36.65999937057495,0.7053675252616501
3131901,Itabirito,MG,Sudeste,-15.353333,85,63.63191536512835,90.18999993801117,0.7055318262430806
4127700,Toledo,PR,Sul,-0.06,229,187.558677842542,265.7399991750717,0.7057976910693704
3168002,Taiobeiras,MG,Sudeste,-19.166666,59,43.12655086021793,61.09999990463257,0.7058355307288323
3203346,Marechal Floriano,ES,Sudeste,-0.26,33,24.90040608490808,35.269999623298645,0.7059939424683004
4208401,Itapiranga,SC,Sul,9.0633335,39,32.28034426544064,45.71000039577484,0.7061987308235604
2708303,São José da Laje,AL,Nordeste,-0.11,33,23.63816261164454,33.46999955177307,0.7062492658561242
3114303,Carmo do Paranaíba,MG,Sudeste,1.4866667,50,38.06285444855323,53.88999891281128,0.7063064616151725
4102406,Bandeirantes,PR,Sul,-0.7,41,32.261605503046916,45.66999959945679,0.7064069583094685
5107875,Sapezal,MT,Centro-Oeste,-1.63,64,57.86467270589017,81.9000004529953,0.7065283563594157
3146008,Ouro Fino,MG,Sudeste,2.9566667,37,28.771742738698187,40.709999680519104,0.7067487832102903
4115804,Medianeira,PR,Sul,-0.11,96,76.89940385523714,108.80000007152557,0.7067959908518672
3143302,Montes Claros,MG,Sudeste,-1.5533333,528,426.3712407941672,603.0099983215332,0.7070715941376816
4217808,Taió,SC,Sul,,31,28.439064814825475,40.16999900341034,0.707967774965866
4112009,Jaguariaíva,PR,Sul,0.92,62,50.29820886785341,70.99000012874603,0.7085252680185039
2307106,Jardim,CE,Nordeste,-0.31,32,22.82620687385008,32.209999799728394,0.7086683333056885
5214507,Nerópolis,GO,Centro-Oeste,-1.92,53,41.64451131837925,58.74000084400177,0.7089634102828205
4102109,Astorga,PR,Sul,-0.06,37,29.62579290189185,41.72999942302704,0.709939930781404
3162708,São João do Paraíso,MG,Sudeste,-1.51,34,26.44135423809939,37.15999948978424,0.7115542142396546
4128500,Wenceslau Braz,PR,Sul,1.05,30,23.783864005670843,33.37999904155731,0.7125184148765401
3139003,Machado,MG,Sudeste,7.25,46,34.564878180389314,48.459999561309814,0.7132661678351667
3124302,Espinosa,MG,Sudeste,9.033334,39,28.838425972038202,40.41999971866608,0.7134692274310069
3200201,Alegre,ES,Sudeste,4.32,36,26.509913738683395,37.12999963760376,0.7139755991765545
3133808,Itaúna,MG,Sudeste,-1.8233334,98,80.15484017078418,112.18000078201294,0.7145198753077232
2307700,Maranguape,CE,Nordeste,-0.03,177,129.19306192185493,180.799999833107,0.7145633962450806
3202553,Ibitirama,ES,Sudeste,-1.75,34,24.821400383630696,34.71999967098236,0.7149020915566271
4110706,Irati,PR,Sul,2.74,108,86.21576341377508,120.25999867916107,0.7169113949833656
3136306,João Pinheiro,MG,Sudeste,2.15,83,62.8642463063289,87.63999843597412,0.7173008606595848
2308302,Milagres,CE,Nordeste,-0.72,31,22.631653346513033,31.46999955177307,0.719150100694486
5214606,Niquelândia,GO,Centro-Oeste,-1.11,56,42.10915052978682,58.49000024795532,0.7199376021760037
3149804,Perdizes,MG,Sudeste,-1.95,44,35.87563620683081,49.81000006198883,0.7202496719972571
3162005,São Gonçalo do Sapucaí,MG,Sudeste,-2.0133333,36,28.261153047232003,39.21999990940094,0.7205801405536942
4120606,Prudentópolis,PR,Sul,2.7,68,52.817567801681875,73.27999866008759,0.7207637659312527
3160405,Santo Antônio do Monte,MG,Sudeste,2.37,45,33.3353387399512,46.209999561309814,0.7213879908335215
5220405,São Simão,GO,Centro-Oeste,-1.12,37,29.67835584365236,41.100000500679016,0.7221011066207175
5213087,Minaçu,GO,Centro-Oeste,-0.66,40,30.37019182659406,42.03999960422516,0.7224118009635222
3200904,Barra de São Francisco,ES,Sudeste,0.21333334,79,61.44077783674001,85.02999866008759,0.7225776644117464
3108602,Brasília de Minas,MG,Sudeste,-1.2,41,31.90149223093755,44.05000042915344,0.7242109402982958
5004601,Itaquiraí,MS,Centro-Oeste,-1.03,61,44.588390922266285,61.4399995803833,0.7257225134568941
2302404,Boa Viagem,CE,Nordeste,0.04,60,44.37852299691354,61.079999923706055,0.726563900660543
3151404,Pitangui,MG,Sudeste,-1.3766667,40,30.08445626012563,41.36999976634979,0.7272046514391383
3202454,Ibatiba,ES,Sudeste,0.52,50,40.000504888598556,54.99999976158142,0.7272819102181105
3141801,Minas Novas,MG,Sudeste,-1.57,43,32.46918815387676,44.60999929904938,0.727845520377954
3163706,São Lourenço,MG,Sudeste,-1.7266667,58,47.14867034563614,64.76000034809113,0.7280523485516921
4103453,Cafelândia,PR,Sul,7.02,32,25.491407495206293,34.99999976158142,0.7283259333957922
4127965,Turvo,PR,Sul,2.63,34,28.04537944035844,38.49999976158142,0.7284514185463583
4107207,Dois Vizinhos,PR,Sul,3.75,90,75.99242209547958,104.2099997997284,0.7292238963777221
4107603,Faxinal,PR,Sul,3.44,39,30.118884562926894,41.299999475479126,0.7292708219235996
3112604,Capinópolis,MG,Sudeste,-4.75,37,29.69751471842228,40.69999921321869,0.7296686804056993
3148004,Patos de Minas,MG,Sudeste,-0.7966667,186,150.2009151667381,205.82999897003174,0.7297328665322829
3131158,Ipaba,MG,Sudeste,-2.8,36,26.39323274656331,36.14999985694885,0.730103260055475
2313807,Uruburetama,CE,Nordeste,1.36,34,25.05028142167489,34.299999952316284,0.7303289054373086
3112307,Capelinha,MG,Sudeste,8.433333,71,53.67099081361608,73.39999949932098,0.7312124138926266
2605004,Cupira,PE,Nordeste,-0.3,53,40.14987172053059,54.78999996185303,0.7327956150480841
2308401,Missão Velha,CE,Nordeste,-0.8,54,40.385035316131635,55.079999566078186,0.7332068924162327
5215702,Palmeiras de Goiás,GO,Centro-Oeste,-1.94,62,50.5299088669865,68.88000023365021,0.7335933318173965
2501104,Areia,PB,Nordeste,5.08,35,27.180917027408388,37.03000009059906,0.7340242225467589
4115200,Maringá,PR,Sul,5.31,489,428.49338824412627,583.5700041055679,0.7342621883057097
3136207,João Monlevade,MG,Sudeste,4.1266665,99,79.62614160583831,108.4300000667572,0.7343552665942527
4101903,Assaí,PR,Sul,8.72,33,26.595464762786094,36.19999885559082,0.7346813702641491
2208304,Piracuruca,PI,Nordeste,-0.66,68,50.50392016265955,68.62999939918518,0.735886938726378
2302107,Baturité,CE,Nordeste,-0.32,46,34.45955289101664,46.66999936103821,0.7383662601843684
2312403,São Gonçalo do Amarante,CE,Nordeste,1.99,155,116.73590146924886,157.31999921798706,0.7420283628879013
3204708,São Gabriel da Palha,ES,Sudeste,4.0466666,53,43.120547046111454,58.09999966621399,0.7421780945583497
3140902,Matipó,MG,Sudeste,-6.34,40,30.161652543230826,40.62999987602234,0.7423493141832527
3201506,Colatina,ES,Sudeste,5.213333,176,143.80154119029797,193.6299990415573,0.7426614775711224
4128005,Ubiratã,PR,Sul,5.59,30,25.270905225011973,34.00999939441681,0.7430433894438859
3143104,Monte Carmelo,MG,Sudeste,2.77,56,45.37935377322314,60.94000017642975,0.7446562789931673
3107307,Bocaiúva,MG,Sudeste,1.27,75,60.38298919488206,80.88999903202057,0.7464827533373966
3119302,Coromandel,MG,Sudeste,11.406667,61,49.375724408553666,66.08999979496002,0.7470982684481567
4126603,Siqueira Campos,PR,Sul,5.7,47,37.42847354659328,50.080000042915344,0.7473736724145265
3200409,Anchieta,ES,Sudeste,1.82,51,41.20962382748102,55.03000009059906,0.7488574188558103
2702108,Colônia Leopoldina,AL,Nordeste,4.66,31,24.29688358071355,32.43999946117401,0.7489791610444818
5218300,Posse,GO,Centro-Oeste,-0.58,56,42.69833654162817,56.95999991893768,0.7496196734970871
3203908,Nova Venécia,ES,Sudeste,-0.7966667,76,60.55576642792104,80.71000003814697,0.7502882715809667
4112801,Joaquim Távora,PR,Sul,5.53,34,29.48572327797917,39.290000915527344,0.7504637971725386
3201407,Castelo,ES,Sudeste,-1.22,50,40.46308100299679,53.869998931884766,0.7511245926356861
3147907,Passos,MG,Sudeste,-4.9166665,150,122.3191607371309,162.8299993276596,0.7512077703260961
5208806,Goianira,GO,Centro-Oeste,-1.74,151,128.01357800600738,170.31999933719635,0.7516062617671134
2300754,Amontada,CE,Nordeste,3.0,92,71.40456880595123,94.93999993801117,0.7521020523759548
4110508,Ipiranga,PR,Sul,8.2,37,29.30396888939323,38.87999975681305,0.7537029082480438
2310308,Parambu,CE,Nordeste,3.15,30,22.721769099526718,30.140000104904175,0.7538742209834826
3118304,Conselheiro Lafaiete,MG,Sudeste,3.6766667,184,155.50744148769704,206.19999766349792,0.7541583086798714
3169406,Três Pontas,MG,Sudeste,-13.153334,77,61.6834976433167,81.75999796390533,0.7544459292984348
3119104,Corinto,MG,Sudeste,-6.27,40,31.99551608818651,42.39999973773956,0.7546112331625279
4119103,Piên,PR,Sul,5.9,31,25.40851377726754,33.64000046253204,0.7553065822804412
3201902,Domingos Martins,ES,Sudeste,1.3433334,54,44.0814857113642,58.34000027179718,0.7555962548165113
3108552,Brasilândia de Minas,MG,Sudeste,-0.49,31,25.24694617196598,33.38000023365021,0.7563494905705442
4110953,Itaipulândia,PR,Sul,6.91,33,29.83627098922533,39.3799991607666,0.7576503713832105
4127205,Terra Boa,PR,Sul,5.98,37,33.11906472069207,43.669999957084656,0.7583939719083768
1600709,Tartarugalzinho,AP,Norte,-12.476666,40,33.798901844155125,44.510000348091125,0.7593552365722378
4114203,Mandaguari,PR,Sul,5.06,60,49.9232592026445,65.66000151634216,0.7603298515035682
3204104,Pinheiros,ES,Sudeste,1.4166666,54,43.552749934142746,57.199999928474426,0.7614117130874678
4122305,Rio Negro,PR,Sul,5.17,48,40.19049234830629,52.62999963760376,0.7636422691439746
4210506,Maravilha,SC,Sul,5.71,55,50.866945718754806,66.36000049114227,0.7665302191422455
5208608,Goianésia,GO,Centro-Oeste,-0.03,141,114.22180198393359,148.8499983549118,0.7673617954068621
2302701,Campos Sales,CE,Nordeste,4.18,34,26.218974659947307,34.14999997615814,0.7677591413836635
2110500,São Bento,MA,Nordeste,13.75,47,39.694608707871105,51.70000100135803,0.7677873876023411
5203500,Bom Jesus de Goiás,GO,Centro-Oeste,-0.64,42,33.65727618244024,43.65999984741211,0.7708950137441476
3203700,Muniz Freire,ES,Sudeste,4.2033334,30,24.064340472467325,31.209999442100525,0.7710458475691573
3157005,Salinas,MG,Sudeste,-5.77,54,43.48089446313471,56.369998931884766,0.7713481512688207
2308377,Miraíma,CE,Nordeste,6.66,33,25.956430431283923,33.60000026226044,0.7725128044251303
5210406,Itaberaí,GO,Centro-Oeste,-0.15,77,61.94928599156565,80.15999937057495,0.7728204400947879
2107100,Morros,MA,Nordeste,14.83,35,29.294685665405865,37.77000021934509,0.7756072410717559
5210901,Itapaci,GO,Centro-Oeste,-0.17,33,26.47985633767633,34.00999927520752,0.7785903234928769
2605103,Custódia,PE,Nordeste,2.05,62,49.695411718896665,63.6899995803833,0.7802702472336488
2607752,Itapissuma,PE,Nordeste,-0.34,43,34.31061657656366,43.80999946594238,0.7831686143533628
5213103,Mineiros,GO,Centro-Oeste,0.26,129,104.42332008224807,133.2699979543686,0.7835470975095417
2301950,Barreira,CE,Nordeste,8.76,38,29.903875185561805,38.11999988555908,0.784466822542941
2110039,Santa Luzia do Paruá,MA,Nordeste,13.66,37,29.805666443945206,37.989999532699585,0.7845661176776331
2307650,Maracanaú,CE,Nordeste,8.3,465,371.17919251798264,473.05999660491943,0.7846344970656576
5211800,Jaraguá,GO,Centro-Oeste,2.9,61,50.00171385276115,63.36999952793121,0.7890439360145836
3205176,Vila Valério,ES,Sudeste,6.8233333,43,36.584128849949835,46.329999685287476,0.7896423289112922
5211206,Itapuranga,GO,Centro-Oeste,1.61,47,40.79915598659168,51.640000104904175,0.7900688594831556
2308104,Mauriti,CE,Nordeste,4.73,66,52.93628877966254,66.91999983787537,0.7910383877452084
5210000,Inhumas,GO,Centro-Oeste,1.28,78,65.78636087414084,83.12000048160553,0.791462469838404
3104205,Arcos,MG,Sudeste,-0.17,41,35.35441933851485,44.64999973773956,0.7918123078650816
5210208,Iporá,GO,Centro-Oeste,-0.24,51,43.03095467225804,54.11999976634979,0.7951026396532509
2309458,Ocara,CE,Nordeste,9.45,50,40.129852267628486,50.36999976634979,0.7967014582842554
2301901,Barbalha,CE,Nordeste,5.38,100,80.22355858643921,100.39999961853027,0.7990394311877347
2307007,Jaguaruana,CE,Nordeste,4.18,65,55.10666325151576,68.84999930858612,0.8003872738549692
2306405,Itapipoca,CE,Nordeste,4.81,223,186.72896849806142,233.07000017166138,0.8011711861695253
2303204,Caririaçu,CE,Nordeste,10.05,56,45.85264984743961,57.06999957561493,0.8034457716560364
2311603,Redenção,CE,Nordeste,4.99,46,36.98819591121591,46.0,0.8040912154612154
2311504,Quixeré,CE,Nordeste,6.21,32,26.622761702705997,33.09999990463257,0.8043130446952044
2303501,Cascavel,CE,Nordeste,7.56,148,121.57942349962781,150.96999871730804,0.8053217495701632
3109006,Brumadinho,MG,Sudeste,-1.54,58,53.68380982080812,66.63999962806702,0.8055793835598689
3204609,Santa Teresa,ES,Sudeste,9.88,30,26.134121291973806,32.399999260902405,0.8066087002511221
2301208,Aracoiaba,CE,Nordeste,7.25,49,41.5100297680413,51.33999979496002,0.8085319426143879
3145604,Oliveira,MG,Sudeste,17.08,45,38.697676031031655,47.859999775886536,0.8085598874266781
2307403,Jucás,CE,Nordeste,6.69,36,29.31860364765246,36.22000002861023,0.8094589625757497
5218904,Rubiataba,GO,Centro-Oeste,-0.37,40,34.91197720622719,43.12000036239624,0.8096469599446702
3205069,Venda Nova do Imigrante,ES,Sudeste,3.76,38,33.4269717010499,41.19999933242798,0.8113342777348049
2301000,Aquiraz,CE,Nordeste,7.89,170,141.59018932703458,174.24999904632568,0.8125692401834204
2306256,Itaitinga,CE,Nordeste,5.82,130,107.84274083166945,132.43999803066254,0.8142762189312451
2610202,Panelas,PE,Nordeste,-0.48,40,32.804361761392244,40.24000012874603,0.8152177350008994
3200102,Afonso Cláudio,ES,Sudeste,7.886667,41,35.57842788161799,43.639999866485596,0.8152710355286071
2313302,Tauá,CE,Nordeste,7.18,86,71.00135973786553,87.02999997138977,0.8158262640607434
2306900,Jaguaribe,CE,Nordeste,5.97,47,38.79448381467137,47.53000020980835,0.8162104700909657
2303402,Carnaubal,CE,Nordeste,7.03,42,34.595647983311494,42.31999969482422,0.8174775102265083
5205513,Cocalzinho de Goiás,GO,Centro-Oeste,-0.07,45,37.24641577196213,45.50999963283539,0.8184226779270044
2314102,Viçosa do Ceará,CE,Nordeste,8.59,112,93.21647205097699,113.61999952793121,0.8204230983829707
2709301,União dos Palmares,AL,Nordeste,9.35,95,79.41507400801835,96.30999910831451,0.8245776632050907
5220603,Silvânia,GO,Centro-Oeste,6.01,35,30.199964776626853,36.59000051021576,0.8253611466388245
2313104,Tabuleiro do Norte,CE,Nordeste,8.99,38,32.290439468637864,39.09999930858612,0.8258424562566956
2313401,Tianguá,CE,Nordeste,4.36,159,135.3027381381464,163.6499993801117,0.8267811711008761
2309607,Pacajus,CE,Nordeste,5.7,81,70.46434219120992,84.17999911308289,0.8370675093088551
2311306,Quixadá,CE,Nordeste,8.36,121,103.7348187177691,123.90999972820282,0.8371787502648045
3204559,Santa Maria de Jetibá,ES,Sudeste,5.6466665,71,62.63780381706802,74.71000051498413,0.8384125737558406
2605400,Feira Nova,PE,Nordeste,5.66,32,27.456011387862688,32.72000026702881,0.8391201455927089
2702306,Coruripe,AL,Nordeste,14.13,127,110.55501635193636,130.68999874591827,0.8459332574244839
3201159,Brejetuba,ES,Sudeste,5.09,35,32.98605037685099,38.71999990940094,0.8519124600731781
2603900,Carnaíba,PE,Nordeste,11.81,43,37.23014080269536,43.55999994277954,0.8546864291001127
2302503,Brejo Santo,CE,Nordeste,13.05,65,56.911113343565304,66.339998960495,0.8578702778915549
2310852,Pindoretama,CE,Nordeste,10.29,45,40.74473233255179,47.31999945640564,0.8610467624812332
2309508,Orós,CE,Nordeste,10.9,35,31.165966389744312,36.14999985694885,0.8621290874985579
2307601,Limoeiro do Norte,CE,Nordeste,7.84,89,83.70538879502989,97.07000005245209,0.8623198593777626
3537107,Pedreira,SP,Sudeste,14.37,52,46.2449536880011,53.599690079689026,0.8627839754156541
2611903,Rio Formoso,PE,Nordeste,13.31,30,26.00665296940085,30.08999991416931,0.864295548141706
2512507,Queimadas,PB,Nordeste,5.04,90,82.84071946781673,95.69999945163727,0.8656292574973412
5218805,Rio Verde,GO,Centro-Oeste,6.06,403,365.1508000527451,421.55999779701233,0.8661893964345518
2313500,Trairi,CE,Nordeste,9.87,126,111.90745414680445,128.7099996805191,0.8694542337392469
2306306,Itapajé,CE,Nordeste,10.68,85,76.70081864368785,88.03999996185303,0.8712042103239624
2301109,Aracati,CE,Nordeste,9.12,150,132.1806980269249,151.58999919891357,0.8719618624278759
2313559,Tururu,CE,Nordeste,9.24,38,33.86915818633017,38.74000012874603,0.8742684066538869
2312106,Santana do Cariri,CE,Nordeste,9.48,31,27.36341934145105,31.24999976158142,0.8756294256069559
2301604,Assaré,CE,Nordeste,10.73,47,41.342950543555794,47.19999980926514,0.8759099726826772
5220207,São Miguel do Araguaia,GO,Centro-Oeste,6.66,41,37.16915937159735,42.140000224113464,0.8820398475064154
2311801,Russas,CE,Nordeste,12.93,133,128.7792400571871,145.23999893665314,0.8866651129166874
2306553,Itarema,CE,Nordeste,12.56,64,60.06280638829768,67.1999980211258,0.8937917880505832
2311108,Porteiras,CE,Nordeste,13.46,36,32.42259266886019,36.24999976158142,0.8944163553684322
2304285,Eusébio,CE,Nordeste,12.64,148,136.1577524539956,151.8999992609024,0.8963644049802264
2310704,Pentecoste,CE,Nordeste,13.06,59,53.88280552870778,59.799999713897705,0.9010502639882998
2308500,Mombaça,CE,Nordeste,13.52,63,57.08335828201439,63.28000020980835,0.9020758232103563
2305803,Ipu,CE,Nordeste,14.21,65,58.99599534077655,65.16999983787537,0.9052630886533988
2304202,Crato,CE,Nordeste,13.55,180,164.2205651492782,181.0099993944168,0.9072458190082925
2302602,Camocim,CE,Nordeste,14.5,105,96.00091170423109,105.72999978065491,0.9079817639590696
2307809,Marco,CE,Nordeste,14.18,81,75.67356828688092,82.53999960422516,0.9168108632145819
2310209,Paracuru,CE,Nordeste,14.86,86,79.39268493873426,86.51999950408936,0.917622346206576
2305233,Horizonte,CE,Nordeste,13.36,134,130.62466302223757,142.24999868869781,0.9182753196933147
2313906,Uruoca,CE,Nordeste,15.51,33,30.816481786682775,33.44999957084656,0.9212700203901039
2305308,Ibiapina,CE,Nordeste,14.97,49,45.52023845828549,49.37999963760376,0.9218355364997007
2312304,São Benedito,CE,Nordeste,12.556666,95,88.01741216246444,95.11999988555908,0.9253302383132893
2310803,Pereiro,CE,Nordeste,15.85,39,36.54952663207916,39.359999656677246,0.9285957050530282
2300200,Acaraú,CE,Nordeste,15.81,129,125.52647527058636,134.88000011444092,0.9306529890575443
2308005,Massapê,CE,Nordeste,19.41,60,56.123860617080446,60.11999988555908,0.9335306174969152
2302305,Bela Cruz,CE,Nordeste,15.85,39,36.670378978143845,39.27999973297119,0.9335636259529589
2314003,Várzea Alegre,CE,Nordeste,15.17,73,68.5840902515289,73.42999982833862,0.9340064062625866
2304103,Crateús,CE,Nordeste,16.663334,108,101.8520758993354,109.02999913692474,0.9341656122680971
2310258,Paraipaba,CE,Nordeste,18.24,68,65.06372065580167,69.49000060558319,0.9363033542781998
2112704,Vargem Grande,MA,Nordeste,18.85,71,66.84275575278858,71.23999977111816,0.9382756312119992
2305209,Hidrolândia,CE,Nordeste,19.02,30,28.436670309520142,30.300000071525574,0.9385039683958122
2309201,Nova Olinda,CE,Nordeste,20.0,31,29.199083599716094,31.0,0.9419059225714869
2303303,Cariús,CE,Nordeste,17.11,31,29.65741644894246,31.4399995803833,0.9433020624926132
2313609,Ubajara,CE,Nordeste,16.98,66,63.00076064094679,66.71999931335449,0.9442560145281166
2313005,Solonópole,CE,Nordeste,18.1,30,28.361164788718916,30.0,0.9453721596239639
2306108,Irauçuba,CE,Nordeste,16.53,57,53.899465240772074,57.0,0.9456046533468785
2308609,Monsenhor Tabosa,CE,Nordeste,16.82,38,36.92800699546572,39.0,0.9468719742427109
2302057,Barroquinha,CE,Nordeste,16.36,38,36.472235079682896,38.49999988079071,0.947330784223728
2302800,Canindé,CE,Nordeste,16.87,138,133.07429644704348,140.2199991941452,0.9490393468252132
2309300,Nova Russas,CE,Nordeste,16.69,43,41.138779837201064,43.33999967575073,0.9492104325099643
2303956,Chorozinho,CE,Nordeste,18.33,34,32.60330754220687,34.30999994277954,0.9502567063999124
2304707,Granja,CE,Nordeste,13.26,97,92.39848462740294,97.08000004291534,0.951776726272735
2305902,Ipueiras,CE,Nordeste,17.9,76,72.48638824200229,76.0,0.9537682663421354
2304236,Croatá,CE,Nordeste,18.5,32,30.534081812119545,32.0,0.9541900566287358
2305001,Guaraciaba do Norte,CE,Nordeste,18.55,105,100.39583633002849,105.0,0.9561508221907475
2312205,Santa Quitéria,CE,Nordeste,18.21,63,60.42064889699306,63.11999988555908,0.9572346167069054
2201903,Bom Jesus,PI,Nordeste,19.08,37,35.93151089016596,37.50999987125397,0.9579181821779292
2308203,Meruoca,CE,Nordeste,18.47,30,28.945925003635324,30.079999923706055,0.9622980411254268
2311405,Quixeramobim,CE,Nordeste,18.53,125,122.09654935901624,126.37999999523163,0.9661065782847206
2307254,Jijoca de Jericoacoara,CE,Nordeste,19.76,65,63.10001763955512,65.21999979019165,0.9674949071227174
2311702,Reriutaba,CE,Nordeste,19.52,41,39.912170895835004,41.239999771118164,0.9678024034274344
2309409,Novo Oriente,CE,Nordeste,19.156666,46,44.71036123703294,46.14999985694885,0.968805230240989
2311959,Salitre,CE,Nordeste,16.62,42,41.090435324687384,42.24000012874603,0.9727849242292894
2304350,Forquilha,CE,Nordeste,20.0,32,31.236825544427365,32.07000005245209,0.9740201276376045
2312007,Santana do Acaraú,CE,Nordeste,19.18,40,38.968920764412935,40.0,0.9742230191103234
2301257,Ararendá,CE,Nordeste,18.92,30,29.950307951594386,30.729999899864197,0.9746276618675401
2304509,Frecheirinha,CE,Nordeste,19.67,34,33.28120577217714,34.049999952316284,0.9774216099496104
2308906,Morrinhos,CE,Nordeste,18.9,38,37.174151121793486,38.0,0.9782671347840391
2306603,Itatira,CE,Nordeste,19.62,31,30.41880418012129,31.0900000333786,0.9784111980528559
2300705,Alto Santo,CE,Nordeste,19.61,31,30.660935891453203,31.299999713897705,0.9795826252943782
2310506,Pedra Branca,CE,Nordeste,19.44,54,52.91434119849355,54.0,0.9798952073795102
2312908,Sobral,CE,Nordeste,18.74,345,346.7331589940381,353.7599973678589,0.9801367072984403
2304251,Cruz,CE,Nordeste,19.53,59,58.88149581095321,60.07000029087067,0.9802146749764861
2313955,Varjota,CE,Nordeste,19.57,36,35.40887606649415,36.11999988555908,0.9803121865637314
2304004,Coreaú,CE,Nordeste,20.0,47,46.49737815891262,47.0,0.9893059182747366
