ano,id_municipio,rede,taxa_alfabetizacao,meta_alfabetizacao_2024,meta_alfabetizacao_2025,meta_alfabetizacao_2026,meta_alfabetizacao_2027,meta_alfabetizacao_2028,meta_alfabetizacao_2029,meta_alfabetizacao_2030,nivel_alfabetizacao,percentual_participacao
2023,4301750,Municipal,,,14.05,23.65,37,52.68,67.85,80,,
2024,4301750,Municipal,4.4,,14.05,23.65,37,52.68,67.85,80,0,92.59
2024,2406908,Municipal,42.86,7.94,14.05,23.65,37,52.68,67.85,80,1,84
2023,2406908,Municipal,4.4,7.94,14.05,23.65,37,52.68,67.85,80,0,82.14
2023,1718501,Municipal,4.6,8.25,14.48,24.16,37.49,53.03,68,80,0,95.65
2024,1718501,Municipal,50.29,8.25,14.48,24.16,37.49,53.03,68,80,2,90.57
2024,2919900,Municipal,12.5,8.39,14.66,24.38,37.7,53.17,68.06,80,0,100
2023,2919900,Municipal,4.7,8.39,14.66,24.38,37.7,53.17,68.06,80,0,87.76
2023,2414456,Municipal,,,18.14,28.32,41.34,55.7,69.16,80,,
2024,2414456,Municipal,10.95,,18.14,28.32,41.34,55.7,69.16,80,0,80.43
2023,1716307,Municipal,6.5,11.05,18.14,28.32,41.34,55.7,69.16,80,0,82.69
2024,1716307,Municipal,37.96,11.05,18.14,28.32,41.34,55.7,69.16,80,0,93.55
2024,2406205,Municipal,11.65,,19.26,29.54,42.43,56.43,69.47,80,0,74.29
2023,2406205,Municipal,,,19.26,29.54,42.43,56.43,69.47,80,,
2023,2205581,Municipal,7.2,11.95,19.26,29.54,42.43,56.43,69.47,80,0,91.23
2024,2205581,Municipal,44.87,11.95,19.26,29.54,42.43,56.43,69.47,80,1,84.62
2023,1718006,Municipal,7.6,12.49,19.92,30.24,43.04,56.84,69.65,80,0,91.67
2024,1718006,Municipal,37.89,12.49,19.92,30.24,43.04,56.84,69.65,80,0,85.45
2024,3167509,Municipal,48.25,14.14,21.89,32.29,44.8,58,70.15,80,1,88.89
2023,3167509,Municipal,8.8,14.14,21.89,32.29,44.8,58,70.15,80,0,87.5
2024,2408706,Municipal,14.29,,22.17,32.58,45.04,58.16,70.22,80,0,70
2023,2408706,Municipal,,,22.17,32.58,45.04,58.16,70.22,80,,
2024,1715705,Municipal,31.27,14.38,22.17,32.58,45.04,58.16,70.22,80,0,83.51
2023,1715705,Municipal,9,14.38,22.17,32.58,45.04,58.16,70.22,80,0,87.1
2024,1717800,Municipal,44.56,15.03,22.93,33.35,45.69,58.59,70.4,80,1,89.36
2023,1717800,Municipal,9.5,15.03,22.93,33.35,45.69,58.59,70.4,80,0,95.45
2023,1200435,Municipal,,,23.62,34.04,46.27,58.96,70.57,80,,
2024,1200435,Municipal,15.62,,23.62,34.04,46.27,58.96,70.57,80,0,76.32
2023,2804300,Municipal,10,15.64,23.62,34.04,46.27,58.96,70.57,80,0,88.89
2024,2804300,Municipal,22.01,15.64,23.62,34.04,46.27,58.96,70.57,80,0,94.59
2023,2515005,Municipal,10.1,15.73,23.72,34.14,46.35,59.02,70.59,80,0,85.71
2024,2515005,Municipal,100,15.73,23.72,34.14,46.35,59.02,70.59,80,5,82.14
2023,2505238,Municipal,10.3,16.05,24.09,34.51,46.65,59.21,70.67,80,0,81.08
2024,2505238,Municipal,22.16,16.05,24.09,34.51,46.65,59.21,70.67,80,0,78.31
2024,2907400,Municipal,25.71,16.24,24.3,34.72,46.83,59.32,70.72,80,0,94.59
2023,2907400,Municipal,10.5,16.24,24.3,34.72,46.83,59.32,70.72,80,0,81.82
2023,2505808,Municipal,11.1,16.94,25.09,35.49,47.46,59.73,70.9,80,0,90.24
2024,2505808,Municipal,60,16.94,25.09,35.49,47.46,59.73,70.9,80,3,94.59
2023,2400604,Municipal,11.1,17.02,25.17,35.57,47.53,59.77,70.91,80,0,90
2024,2400604,Municipal,21.43,17.02,25.17,35.57,47.53,59.77,70.91,80,0,100
2024,2805901,Municipal,31.48,17.27,25.46,35.84,47.75,59.92,70.98,80,0,98.92
2023,2805901,Municipal,11.3,17.27,25.46,35.84,47.75,59.92,70.98,80,0,94.64
2024,1703073,Municipal,18.26,18,26.26,36.62,48.38,60.32,71.15,80,0,94.74
2023,1703073,Municipal,11.9,18,26.26,36.62,48.38,60.32,71.15,80,0,87.36
2023,1707702,Municipal,12,18.04,26.3,36.65,48.41,60.34,71.16,80,0,91.21
2024,1707702,Municipal,12.63,18.04,26.3,36.65,48.41,60.34,71.16,80,0,84.62
2024,2514602,Municipal,29.62,18.06,26.33,36.68,48.43,60.35,71.16,80,0,91.18
2023,2514602,Municipal,12,18.06,26.33,36.68,48.43,60.35,71.16,80,0,90
2024,1709005,Municipal,38.49,18.74,27.07,37.38,48.99,60.71,71.32,80,0,77.44
2023,1709005,Municipal,12.5,18.74,27.07,37.38,48.99,60.71,71.32,80,0,88.07
2024,5004809,Municipal,41.76,18.91,27.25,37.56,49.13,60.8,71.35,80,1,86.92
2023,5004809,Municipal,12.7,18.91,27.25,37.56,49.13,60.8,71.35,80,0,81.61
2023,2205599,Municipal,12.7,18.93,27.27,37.58,49.15,60.81,71.36,80,0,93.94
2024,2205599,Municipal,62.96,18.93,27.27,37.58,49.15,60.81,71.36,80,3,96.43
2024,2101939,Municipal,87.88,19.1,27.45,37.75,49.28,60.9,71.4,80,5,100
2023,2101939,Municipal,12.8,19.1,27.45,37.75,49.28,60.9,71.4,80,0,96.55
2023,2111250,Municipal,12.9,19.22,27.58,37.87,49.38,60.96,71.42,80,0,98.44
2024,2111250,Municipal,56.16,19.22,27.58,37.87,49.38,60.96,71.42,80,2,100
2023,1301506,Municipal,,,27.7,37.99,49.47,61.02,71.45,80,,
2024,1301506,Municipal,19.3,,27.7,37.99,49.47,61.02,71.45,80,0,74.59
2024,2506608,Municipal,58.62,19.37,27.74,38.02,49.5,61.04,71.45,80,2,100
2023,2506608,Municipal,13.1,19.37,27.74,38.02,49.5,61.04,71.45,80,0,97.87
2024,2907202,Municipal,20.93,19.44,27.82,38.09,49.56,61.07,71.47,80,0,87.76
2023,2907202,Municipal,13.1,19.44,27.82,38.09,49.56,61.07,71.47,80,0,86.93
2023,1200328,Municipal,,,28.13,38.39,49.79,61.22,71.53,80,,
2024,1200328,Municipal,19.59,,28.13,38.39,49.79,61.22,71.53,80,0,93.88
2023,2513158,Municipal,13.4,19.74,28.13,38.39,49.79,61.22,71.53,80,0,87.36
2024,2513158,Municipal,48.11,19.74,28.13,38.39,49.79,61.22,71.53,80,1,91.53
2023,1304260,Municipal,13.4,19.75,28.14,38.4,49.8,61.23,71.54,80,0,80
2024,1304260,Municipal,11.25,19.75,28.14,38.4,49.8,61.23,71.54,80,0,83.72
2024,2202307,Municipal,36.45,20.06,28.48,38.71,50.05,61.38,71.6,80,0,95.71
2023,2202307,Municipal,13.7,20.06,28.48,38.71,50.05,61.38,71.6,80,0,93.96
2024,2404705,Municipal,43.03,20.1,28.51,38.75,50.08,61.4,71.61,80,1,82.09
2023,2404705,Municipal,13.7,20.1,28.51,38.75,50.08,61.4,71.61,80,0,84.67
2023,2208601,Municipal,14.3,20.78,29.23,39.41,50.6,61.73,71.75,80,0,94.23
2024,2208601,Municipal,47.93,20.78,29.23,39.41,50.6,61.73,71.75,80,1,98.04
2024,5214804,Municipal,84.21,20.79,29.25,39.42,50.61,61.74,71.75,80,5,100
2023,5214804,Municipal,14.3,20.79,29.25,39.42,50.61,61.74,71.75,80,0,95.45
2024,2515807,Municipal,85.71,21.09,29.56,39.71,50.84,61.88,71.82,80,5,100
2023,2515807,Municipal,14.6,21.09,29.56,39.71,50.84,61.88,71.82,80,0,85.45
2023,3125309,Municipal,14.7,21.31,29.78,39.92,51,61.98,71.86,80,0,84.38
2024,3125309,Municipal,69.23,21.31,29.78,39.92,51,61.98,71.86,80,3,76.47
2024,2805109,Municipal,11.52,21.39,29.87,40,51.06,62.02,71.88,80,0,95.38
2023,2805109,Municipal,14.8,21.39,29.87,40,51.06,62.02,71.88,80,0,88.52
2024,2408953,Municipal,31.56,21.44,29.91,40.04,51.09,62.04,71.89,80,0,70.97
2023,2408953,Municipal,14.9,21.44,29.91,40.04,51.09,62.04,71.89,80,0,76.81
2024,2401602,Municipal,29.29,21.48,29.96,40.08,51.13,62.06,71.89,80,0,82.09
2023,2401602,Municipal,14.9,21.48,29.96,40.08,51.13,62.06,71.89,80,0,75
2023,2916302,Municipal,15,21.57,30.06,40.17,51.19,62.1,71.91,80,0,82.65
2024,2916302,Municipal,23.44,21.57,30.06,40.17,51.19,62.1,71.91,80,0,82.05
2023,2929800,Municipal,15,21.63,30.12,40.22,51.24,62.13,71.92,80,0,82.18
2024,2929800,Municipal,20.73,21.63,30.12,40.22,51.24,62.13,71.92,80,0,94.25
2023,1300839,Municipal,,,30.23,40.33,51.32,62.18,71.95,80,,
2024,1300839,Municipal,21.72,,30.23,40.33,51.32,62.18,71.95,80,0,89.87
2024,2911006,Municipal,41.03,21.74,30.23,40.33,51.32,62.18,71.95,80,1,98.73
2023,2911006,Municipal,15.1,21.74,30.23,40.33,51.32,62.18,71.95,80,0,87.84
2024,2405405,Municipal,31.34,21.97,30.47,40.54,51.49,62.29,71.99,80,0,92.11
2023,2405405,Municipal,15.3,21.97,30.47,40.54,51.49,62.29,71.99,80,0,87.88
2023,2929701,Municipal,15.4,22.02,30.51,40.59,51.52,62.31,72,80,0,84.26
2024,2929701,Municipal,30.68,22.02,30.51,40.59,51.52,62.31,72,80,0,91.67
2023,1703867,Municipal,15.8,22.48,30.99,41.02,51.85,62.52,72.09,80,0,82.26
2024,1703867,Municipal,52.01,22.48,30.99,41.02,51.85,62.52,72.09,80,2,89.06
2023,1700400,Municipal,15.9,22.65,31.16,41.17,51.97,62.59,72.12,80,0,86.87
2024,1700400,Municipal,48.18,22.65,31.16,41.17,51.97,62.59,72.12,80,1,96.18
2024,2203271,Municipal,48.34,22.86,31.38,41.37,52.12,62.69,72.16,80,1,98.65
2023,2203271,Municipal,16.1,22.86,31.38,41.37,52.12,62.69,72.16,80,0,97.37
2023,1703842,Municipal,16.2,22.91,31.43,41.42,52.16,62.71,72.17,80,0,91.36
2024,1703842,Municipal,38.52,22.91,31.43,41.42,52.16,62.71,72.17,80,0,88.62
2023,2928307,Municipal,,,31.5,41.48,52.21,62.74,72.19,80,,
2024,2928307,Municipal,22.95,,31.5,41.48,52.21,62.74,72.19,80,0,82.43
2023,2805208,Municipal,16.2,22.98,31.5,41.48,52.21,62.74,72.19,80,0,90.24
2024,2805208,Municipal,40.26,22.98,31.5,41.48,52.21,62.74,72.19,80,1,91.3
2024,2803609,Municipal,27.35,23.05,31.57,41.54,52.26,62.77,72.2,80,0,89.75
2023,2803609,Municipal,16.3,23.05,31.57,41.54,52.26,62.77,72.2,80,0,78.9
2023,2405504,Municipal,16.6,23.43,31.95,41.89,52.52,62.93,72.27,80,0,71.43
2024,2405504,Municipal,31.58,23.43,31.95,41.89,52.52,62.93,72.27,80,0,84.44
2024,1718865,Municipal,31.33,23.48,32.01,41.94,52.56,62.96,72.28,80,0,75.27
2023,1718865,Municipal,16.7,23.48,32.01,41.94,52.56,62.96,72.28,80,0,81.82
2023,2902252,Municipal,16.9,23.69,32.22,42.13,52.71,63.05,72.32,80,0,75.79
2024,2902252,Municipal,13.11,23.69,32.22,42.13,52.71,63.05,72.32,80,0,79.22
2023,2804904,Municipal,16.9,23.74,32.27,42.16,52.74,63.07,72.33,80,0,73.96
2024,2804904,Municipal,28.56,23.74,32.27,42.16,52.74,63.07,72.33,80,0,89.83
2023,2805406,Municipal,16.9,23.75,32.28,42.17,52.74,63.07,72.33,80,0,88.4
2024,2805406,Municipal,26.61,23.75,32.28,42.17,52.74,63.07,72.33,80,0,87.12
2023,2409803,Municipal,17,23.8,32.33,42.22,52.78,63.1,72.34,80,0,73.47
2024,2409803,Municipal,23.56,23.8,32.33,42.22,52.78,63.1,72.34,80,0,73.08
2023,1703909,Municipal,17,23.89,32.42,42.3,52.84,63.13,72.35,80,0,82.35
2024,1703909,Municipal,31.53,23.89,32.42,42.3,52.84,63.13,72.35,80,0,81.08
2023,2407609,Municipal,17.1,23.97,32.5,42.37,52.9,63.17,72.37,80,0,77.27
2024,2407609,Municipal,26.32,23.97,32.5,42.37,52.9,63.17,72.37,80,0,77.55
2023,2414704,Municipal,17.3,24.12,32.65,42.51,53,63.23,72.4,80,0,81.08
2024,2414704,Municipal,45.68,24.12,32.65,42.51,53,63.23,72.4,80,1,77.78
2023,2515609,Municipal,17.4,24.28,32.81,42.65,53.1,63.3,72.43,80,0,100
2024,2515609,Municipal,48.92,24.28,32.81,42.65,53.1,63.3,72.43,80,1,90.62
2023,2807303,Municipal,17.4,24.28,32.81,42.65,53.1,63.3,72.43,80,0,92
2024,2807303,Municipal,42.47,24.28,32.81,42.65,53.1,63.3,72.43,80,1,100
2023,1718709,Municipal,17.5,24.42,32.95,42.77,53.2,63.36,72.45,80,0,90.63
2024,1718709,Municipal,46.58,24.42,32.95,42.77,53.2,63.36,72.45,80,1,92.86
2023,1718659,Municipal,17.6,24.46,32.99,42.81,53.23,63.38,72.46,80,0,97.56
2024,1718659,Municipal,19.61,24.46,32.99,42.81,53.23,63.38,72.46,80,0,92.11
2023,2414209,Municipal,17.6,24.51,33.04,42.85,53.26,63.39,72.47,80,0,72.16
2024,2414209,Municipal,24.98,24.51,33.04,42.85,53.26,63.39,72.47,80,0,82.76
2023,2202174,Municipal,17.7,24.57,33.1,42.91,53.3,63.42,72.48,80,0,93.1
2024,2202174,Municipal,64.31,24.57,33.1,42.91,53.3,63.42,72.48,80,3,96.77
2023,2400505,Municipal,17.8,24.68,33.21,43,53.38,63.47,72.5,80,0,84.8
2024,2400505,Municipal,58.98,24.68,33.21,43,53.38,63.47,72.5,80,2,87.58
2024,2901908,Municipal,16.52,24.7,33.23,43.02,53.39,63.48,72.5,80,0,96.64
2023,2901908,Municipal,17.8,24.7,33.23,43.02,53.39,63.48,72.5,80,0,94.64
2023,1713957,Municipal,17.9,24.82,33.35,43.13,53.47,63.53,72.52,80,0,91.89
2024,1713957,Municipal,49.28,24.82,33.35,43.13,53.47,63.53,72.52,80,1,80
2023,2507002,Municipal,18,24.9,33.43,43.19,53.52,63.56,72.54,80,0,74.87
2024,2507002,Municipal,48.7,24.9,33.43,43.19,53.52,63.56,72.54,80,1,93.68
2024,1503754,Municipal,24.95,,33.52,43.28,53.59,63.6,72.55,80,0,81.3
2023,1503754,Municipal,,,33.52,43.28,53.59,63.6,72.55,80,,
2023,2412302,Municipal,18.1,25,33.52,43.28,53.59,63.6,72.55,80,0,70.24
2024,2412302,Municipal,49.42,25,33.52,43.28,53.59,63.6,72.55,80,1,73.81
2023,1718303,Municipal,18.1,25.02,33.54,43.3,53.6,63.61,72.56,80,0,76.81
2024,1718303,Municipal,38.49,25.02,33.54,43.3,53.6,63.61,72.56,80,0,90.7
2024,1713809,Municipal,49.53,25.06,33.59,43.34,53.63,63.62,72.57,80,1,89.13
2023,1713809,Municipal,18.1,25.06,33.59,43.34,53.63,63.62,72.57,80,0,80
2023,2910859,Municipal,18.3,25.25,33.77,43.5,53.75,63.7,72.6,80,0,84.97
2024,2910859,Municipal,36.76,25.25,33.77,43.5,53.75,63.7,72.6,80,0,93.79
2023,2516151,Municipal,18.5,25.43,33.95,43.66,53.87,63.77,72.63,80,0,92.68
2024,2516151,Municipal,66.62,25.43,33.95,43.66,53.87,63.77,72.63,80,3,93.22
2023,2926103,Municipal,18.5,25.46,33.98,43.68,53.89,63.79,72.64,80,0,91.54
2024,2926103,Municipal,23.58,25.46,33.98,43.68,53.89,63.79,72.64,80,0,98.4
2024,1505205,Municipal,31.03,25.53,34.05,43.74,53.94,63.81,72.65,80,0,79.36
2023,1505205,Municipal,18.5,25.53,34.05,43.74,53.94,63.81,72.65,80,0,83.66
2023,2919603,Municipal,18.6,25.55,34.07,43.76,53.95,63.82,72.65,80,0,90.67
2024,2919603,Municipal,30.14,25.55,34.07,43.76,53.95,63.82,72.65,80,0,95.42
2023,2906824,Municipal,18.9,25.86,34.38,44.03,54.15,63.95,72.71,80,0,87.23
2024,2906824,Municipal,30.13,25.86,34.38,44.03,54.15,63.95,72.71,80,0,96.89
2023,2931103,Municipal,18.9,25.95,34.46,44.1,54.21,63.98,72.72,80,0,92
2024,2931103,Municipal,30.67,25.95,34.46,44.1,54.21,63.98,72.72,80,0,96.15
2024,2804706,Municipal,58.77,26.18,34.69,44.3,54.36,64.08,72.76,80,2,98.36
2023,2804706,Municipal,19.2,26.18,34.69,44.3,54.36,64.08,72.76,80,0,85.45
2023,2802304,Municipal,19.2,26.27,34.77,44.38,54.42,64.11,72.77,80,0,81.25
2024,2802304,Municipal,37.21,26.27,34.77,44.38,54.42,64.11,72.77,80,0,93
2023,1712801,Municipal,19.3,26.36,34.87,44.46,54.48,64.15,72.79,80,0,94.87
2024,1712801,Municipal,20.67,26.36,34.87,44.46,54.48,64.15,72.79,80,0,95
2023,2400802,Municipal,19.3,26.39,34.89,44.47,54.49,64.16,72.79,80,0,79.52
2024,2400802,Municipal,51.81,26.39,34.89,44.47,54.49,64.16,72.79,80,2,78.12
2024,2803104,Municipal,33.65,26.4,34.9,44.48,54.5,64.16,72.8,80,0,83.33
2023,2803104,Municipal,19.4,26.4,34.9,44.48,54.5,64.16,72.8,80,0,93.94
2023,2415008,Municipal,19.4,26.43,34.93,44.51,54.52,64.17,72.8,80,0,88.46
2024,2415008,Municipal,39.06,26.43,34.93,44.51,54.52,64.17,72.8,80,0,80.65
2024,2802403,Municipal,36.4,26.47,34.97,44.55,54.55,64.19,72.81,80,0,94
2023,2802403,Municipal,19.4,26.47,34.97,44.55,54.55,64.19,72.81,80,0,90.35
2023,2409704,Municipal,19.5,26.54,35.03,44.6,54.59,64.22,72.82,80,0,85.71
2024,2409704,Municipal,21.89,26.54,35.03,44.6,54.59,64.22,72.82,80,0,92.59
2024,2204352,Municipal,53.59,26.56,35.05,44.62,54.6,64.22,72.82,80,2,91.49
2023,2204352,Municipal,19.5,26.56,35.05,44.62,54.6,64.22,72.82,80,0,93.75
2023,1200138,Municipal,,,35.2,44.74,54.69,64.28,72.85,80,,
2024,1200138,Municipal,26.69,,35.2,44.74,54.69,64.28,72.85,80,0,79.67
2023,2805703,Municipal,19.6,26.71,35.2,44.74,54.69,64.28,72.85,80,0,88.19
2024,2805703,Municipal,29.59,26.71,35.2,44.74,54.69,64.28,72.85,80,0,86.63
2023,2911105,Municipal,19.7,26.73,35.22,44.76,54.71,64.29,72.85,80,0,90
2024,2911105,Municipal,28.21,26.73,35.22,44.76,54.71,64.29,72.85,80,0,88.97
2024,2900306,Municipal,59.14,26.77,35.26,44.8,54.73,64.31,72.86,80,2,91.18
2023,2900306,Municipal,19.7,26.77,35.26,44.8,54.73,64.31,72.86,80,0,86.99
2023,2412807,Municipal,19.8,26.88,35.36,44.89,54.8,64.35,72.88,80,0,88.89
2024,2412807,Municipal,25.47,26.88,35.36,44.89,54.8,64.35,72.88,80,0,80.39
2024,2202059,Municipal,52.34,26.93,35.42,44.93,54.84,64.37,72.89,80,2,96.55
2023,2202059,Municipal,19.9,26.93,35.42,44.93,54.84,64.37,72.89,80,0,96.97
2023,2804805,Municipal,19.9,26.93,35.42,44.93,54.84,64.37,72.89,80,0,86.35
2024,2804805,Municipal,29.8,26.93,35.42,44.93,54.84,64.37,72.89,80,0,89.37
2023,2910602,Municipal,19.9,26.95,35.44,44.95,54.85,64.38,72.89,80,0,85.12
2024,2910602,Municipal,23.96,26.95,35.44,44.95,54.85,64.38,72.89,80,0,94.97
2024,2930105,Municipal,24.02,27.01,35.5,45,54.89,64.4,72.9,80,0,95.87
2023,2930105,Municipal,19.9,27.01,35.5,45,54.89,64.4,72.9,80,0,84.72
2023,2802601,Municipal,20,27.09,35.57,45.07,54.93,64.43,72.91,80,0,87.72
2024,2802601,Municipal,16.67,27.09,35.57,45.07,54.93,64.43,72.91,80,0,100
2024,2404002,Municipal,47.06,27.09,35.57,45.07,54.93,64.43,72.91,80,1,89.47
2024,2802502,Municipal,21.91,27.09,35.57,45.07,54.93,64.43,72.91,80,0,94.12
2023,2802502,Municipal,20,27.09,35.57,45.07,54.93,64.43,72.91,80,0,95.24
2023,2404002,Municipal,20,27.09,35.57,45.07,54.93,64.43,72.91,80,0,86.96
2023,2912608,Municipal,20.1,27.17,35.65,45.14,54.99,64.46,72.93,80,0,81.82
2024,2912608,Municipal,15.62,27.17,35.65,45.14,54.99,64.46,72.93,80,0,94.12
2024,2412906,Municipal,37.72,27.18,35.66,45.14,54.99,64.47,72.93,80,0,81.36
2023,2412906,Municipal,20.1,27.18,35.66,45.14,54.99,64.47,72.93,80,0,84.29
2023,3135209,Municipal,20.1,27.24,35.71,45.19,55.03,64.49,72.94,80,0,79.87
2024,3135209,Municipal,47.12,27.24,35.71,45.19,55.03,64.49,72.94,80,1,84.21
2023,2915403,Municipal,20.2,27.27,35.74,45.21,55.05,64.5,72.94,80,0,85.87
2024,2915403,Municipal,15.25,27.27,35.74,45.21,55.05,64.5,72.94,80,0,74.68
2024,2902104,Municipal,24.47,27.37,35.84,45.3,55.11,64.54,72.96,80,0,91.18
2023,2902104,Municipal,20.3,27.37,35.84,45.3,55.11,64.54,72.96,80,0,87.32
2023,2202653,Municipal,20.4,27.47,35.94,45.38,55.17,64.58,72.98,80,0,98.36
2024,2202653,Municipal,46.21,27.47,35.94,45.38,55.17,64.58,72.98,80,1,97.73
2024,2706109,Municipal,52.43,27.52,35.99,45.43,55.2,64.6,72.98,80,2,94.12
2023,2706109,Municipal,20.4,27.52,35.99,45.43,55.2,64.6,72.98,80,0,94.44
2023,2408607,Municipal,,,36.07,45.49,55.26,64.63,73,80,,
2024,2408607,Municipal,27.59,,36.07,45.49,55.26,64.63,73,80,0,89.74
2024,1703008,Municipal,19.17,27.6,36.07,45.49,55.26,64.63,73,80,0,81.93
2023,1703008,Municipal,20.5,27.6,36.07,45.49,55.26,64.63,73,80,0,85.22
2023,2403400,Municipal,20.5,27.64,36.1,45.52,55.28,64.64,73,80,0,85.19
2024,2403400,Municipal,59.19,27.64,36.1,45.52,55.28,64.64,73,80,2,81.03
2023,2924108,Municipal,20.7,27.85,36.3,45.69,55.41,64.72,73.04,80,0,92.68
2023,1718451,Municipal,20.7,27.85,36.3,45.69,55.41,64.72,73.04,80,0,87.88
2024,2924108,Municipal,13.33,27.85,36.3,45.69,55.41,64.72,73.04,80,0,93.75
2024,1718451,Municipal,40.91,27.85,36.3,45.69,55.41,64.72,73.04,80,1,88
2024,1711951,Municipal,15.09,27.88,36.33,45.72,55.42,64.73,73.04,80,0,98.11
2023,1711951,Municipal,20.8,27.88,36.33,45.72,55.42,64.73,73.04,80,0,87.32
2023,2508406,Municipal,20.8,27.9,36.35,45.74,55.44,64.74,73.05,80,0,97.06
2024,2508406,Municipal,82.76,27.9,36.35,45.74,55.44,64.74,73.05,80,5,100
2023,2414308,Municipal,20.8,27.96,36.41,45.79,55.48,64.76,73.06,80,0,92.31
2024,2414308,Municipal,40,27.96,36.41,45.79,55.48,64.76,73.06,80,1,100
2023,1718907,Municipal,20.9,27.99,36.44,45.81,55.5,64.78,73.06,80,0,94.2
2024,1718907,Municipal,36.92,27.99,36.44,45.81,55.5,64.78,73.06,80,0,89.29
2023,2915353,Municipal,20.9,28.02,36.47,45.84,55.51,64.79,73.07,80,0,92.37
2024,2915353,Municipal,32.8,28.02,36.47,45.84,55.51,64.79,73.07,80,0,96.9
2024,1302801,Municipal,48.41,28.09,36.53,45.89,55.55,64.81,73.08,80,1,81.97
2023,1302801,Municipal,21,28.09,36.53,45.89,55.55,64.81,73.08,80,0,83.96
2024,2900405,Municipal,30.43,28.14,36.58,45.93,55.59,64.83,73.09,80,0,93.24
2023,2900405,Municipal,21,28.14,36.58,45.93,55.59,64.83,73.09,80,0,81.32
2023,2927507,Municipal,21,28.15,36.59,45.94,55.59,64.84,73.09,80,0,74.04
2024,2927507,Municipal,31.58,28.15,36.59,45.94,55.59,64.84,73.09,80,0,92.36
2024,2923704,Municipal,24.46,28.27,36.71,46.05,55.67,64.88,73.11,80,0,89.62
2023,2923704,Municipal,21.1,28.27,36.71,46.05,55.67,64.88,73.11,80,0,83.11
2023,2920809,Municipal,21.2,28.29,36.73,46.06,55.68,64.89,73.11,80,0,86.76
2024,2920809,Municipal,18.57,28.29,36.73,46.06,55.68,64.89,73.11,80,0,88.61
2024,2804409,Municipal,25.49,28.33,36.76,46.09,55.7,64.9,73.12,80,0,100
2023,2804409,Municipal,21.2,28.33,36.76,46.09,55.7,64.9,73.12,80,0,89.01
2024,2925600,Municipal,20,28.43,36.86,46.17,55.76,64.94,73.13,80,0,95.24
2023,2925600,Municipal,21.3,28.43,36.86,46.17,55.76,64.94,73.13,80,0,89.26
2024,2905503,Municipal,28.19,28.45,36.88,46.19,55.78,64.95,73.14,80,0,96.13
2023,2905503,Municipal,21.3,28.45,36.88,46.19,55.78,64.95,73.14,80,0,82.35
2023,2932457,Municipal,21.3,28.46,36.89,46.2,55.78,64.95,73.14,80,0,86.59
2024,1718550,Municipal,54.32,28.46,36.89,46.2,55.78,64.95,73.14,80,2,91.07
2024,2932457,Municipal,22.95,28.46,36.89,46.2,55.78,64.95,73.14,80,0,92.42
2023,1718550,Municipal,21.3,28.46,36.89,46.2,55.78,64.95,73.14,80,0,85.25
2023,2411205,Municipal,21.4,28.5,36.93,46.23,55.81,64.97,73.14,80,0,78.41
2024,2411205,Municipal,32.73,28.5,36.93,46.23,55.81,64.97,73.14,80,0,81.44
2024,2804003,Municipal,31.19,28.54,36.97,46.27,55.83,64.98,73.15,80,0,91.79
2023,2804003,Municipal,21.4,28.54,36.97,46.27,55.83,64.98,73.15,80,0,86.5
2024,2800209,Municipal,20.53,28.59,37.01,46.3,55.86,65,73.16,80,0,88.78
2023,2800209,Municipal,21.4,28.59,37.01,46.3,55.86,65,73.16,80,0,85.71
2023,2905305,Municipal,21.6,28.79,37.2,46.47,55.98,65.08,73.19,80,0,82.63
2024,2905305,Municipal,30.37,28.79,37.2,46.47,55.98,65.08,73.19,80,0,75.84
2023,2205557,Municipal,21.7,28.81,37.22,46.48,55.99,65.08,73.19,80,0,91.89
2024,2205557,Municipal,58.86,28.81,37.22,46.48,55.99,65.08,73.19,80,2,96.91
2024,2411403,Municipal,51.92,28.87,37.27,46.53,56.03,65.1,73.2,80,2,84
2023,2411403,Municipal,21.7,28.87,37.27,46.53,56.03,65.1,73.2,80,0,85.07
2024,2902203,Municipal,17.95,28.9,37.3,46.55,56.04,65.11,73.21,80,0,89.66
2023,2902203,Municipal,21.7,28.9,37.3,46.55,56.04,65.11,73.21,80,0,88.89
2023,2501401,Municipal,21.7,28.9,37.3,46.55,56.04,65.11,73.21,80,0,90.68
2024,2501401,Municipal,44.76,28.9,37.3,46.55,56.04,65.11,73.21,80,1,94.87
2024,2206753,Municipal,95.24,28.91,37.31,46.56,56.05,65.12,73.21,80,5,100
2023,2206753,Municipal,21.7,28.91,37.31,46.56,56.05,65.12,73.21,80,0,95.83
2024,2923050,Municipal,39.06,28.92,37.32,46.57,56.06,65.12,73.21,80,0,94.12
2023,2923050,Municipal,21.8,28.92,37.32,46.57,56.06,65.12,73.21,80,0,86.89
2024,1503408,Municipal,45.41,29,37.4,46.64,56.11,65.15,73.22,80,1,82.35
2023,1503408,Municipal,21.8,29,37.4,46.64,56.11,65.15,73.22,80,0,84.38
2023,1717503,Municipal,21.9,29.05,37.45,46.68,56.14,65.17,73.23,80,0,84.71
2024,1717503,Municipal,43.07,29.05,37.45,46.68,56.14,65.17,73.23,80,1,87.67
2023,1722107,Municipal,22,29.18,37.57,46.78,56.21,65.22,73.25,80,0,83.58
2024,1722107,Municipal,42.82,29.18,37.57,46.78,56.21,65.22,73.25,80,1,88.15
2023,2800605,Municipal,22.1,29.32,37.7,46.89,56.3,65.27,73.27,80,0,85.89
2024,2800605,Municipal,28.04,29.32,37.7,46.89,56.3,65.27,73.27,80,0,85.27
2023,2922904,Municipal,22.1,29.32,37.7,46.89,56.3,65.27,73.27,80,0,90.43
2024,2922904,Municipal,31.41,29.32,37.7,46.89,56.3,65.27,73.27,80,0,96.8
2023,2206001,Municipal,22.2,29.37,37.75,46.93,56.33,65.29,73.28,80,0,95.95
2024,2206001,Municipal,80.95,29.37,37.75,46.93,56.33,65.29,73.28,80,5,100
2023,2915809,Municipal,22.2,29.39,37.77,46.95,56.34,65.3,73.29,80,0,87.46
2024,2915809,Municipal,26.98,29.39,37.77,46.95,56.34,65.3,73.29,80,0,91.97
2024,5101209,Municipal,100,29.4,37.78,46.96,56.35,65.3,73.29,80,5,83.33
2023,2903607,Municipal,22.2,29.4,37.78,46.96,56.35,65.3,73.29,80,0,93.81
2024,2903607,Municipal,29.82,29.4,37.78,46.96,56.35,65.3,73.29,80,0,93.44
2023,5101209,Municipal,22.2,29.4,37.78,46.96,56.35,65.3,73.29,80,0,90
2024,2801603,Municipal,45.3,29.4,37.78,46.96,56.35,65.3,73.29,80,1,88.89
2023,2801603,Municipal,22.2,29.4,37.78,46.96,56.35,65.3,73.29,80,0,87.8
2024,2919108,Municipal,19.57,29.42,37.8,46.97,56.36,65.31,73.29,80,0,97.87
2023,2919108,Municipal,22.2,29.42,37.8,46.97,56.36,65.31,73.29,80,0,91.78
2024,2200509,Municipal,32.94,29.44,37.82,46.99,56.37,65.31,73.29,80,0,99
2023,2200509,Municipal,22.3,29.44,37.82,46.99,56.37,65.31,73.29,80,0,94.81
2024,2110658,Municipal,36.83,29.51,37.88,47.04,56.41,65.34,73.3,80,0,93.55
2024,2920908,Municipal,26.73,29.51,37.88,47.04,56.41,65.34,73.3,80,0,73.19
2024,1715259,Municipal,61.24,29.51,37.88,47.04,56.41,65.34,73.3,80,3,87.18
2023,2110658,Municipal,22.3,29.51,37.88,47.04,56.41,65.34,73.3,80,0,94.74
2023,1715259,Municipal,22.3,29.51,37.88,47.04,56.41,65.34,73.3,80,0,78.95
2023,2920908,Municipal,22.3,29.51,37.88,47.04,56.41,65.34,73.3,80,0,85.06
2023,2922052,Municipal,22.5,29.66,38.02,47.16,56.5,65.39,73.33,80,0,89.43
2024,2922052,Municipal,28.83,29.66,38.02,47.16,56.5,65.39,73.33,80,0,98.23
2023,2404200,Municipal,22.5,29.73,38.09,47.22,56.54,65.42,73.34,80,0,80.04
2024,2404200,Municipal,35.33,29.73,38.09,47.22,56.54,65.42,73.34,80,0,82.89
2023,2405801,Municipal,22.6,29.74,38.1,47.23,56.55,65.42,73.34,80,0,74.84
2024,2405801,Municipal,35.88,29.74,38.1,47.23,56.55,65.42,73.34,80,0,80.06
2023,5005152,Municipal,22.6,29.82,38.18,47.29,56.59,65.45,73.35,80,0,88.31
2024,5005152,Municipal,47.67,29.82,38.18,47.29,56.59,65.45,73.35,80,1,88.4
2024,2923357,Municipal,34.04,29.85,38.2,47.31,56.61,65.46,73.36,80,0,75.81
2023,2923357,Municipal,22.7,29.85,38.2,47.31,56.61,65.46,73.36,80,0,86.04
2024,2801207,Municipal,26.66,29.89,38.24,47.34,56.63,65.47,73.36,80,0,96.45
2024,2911808,Municipal,22.64,29.89,38.24,47.34,56.63,65.47,73.36,80,0,91.91
2023,2911808,Municipal,22.7,29.89,38.24,47.34,56.63,65.47,73.36,80,0,72.92
2023,2801207,Municipal,22.7,29.89,38.24,47.34,56.63,65.47,73.36,80,0,85.04
2024,2800670,Municipal,33.02,29.96,38.3,47.4,56.67,65.5,73.37,80,0,81.82
2023,2800670,Municipal,22.8,29.96,38.3,47.4,56.67,65.5,73.37,80,0,88.96
2023,2406601,Municipal,22.8,30.02,38.36,47.45,56.71,65.52,73.38,80,0,75.68
2024,2406601,Municipal,64.22,30.02,38.36,47.45,56.71,65.52,73.38,80,3,87.23
2023,2911907,Municipal,22.9,30.13,38.47,47.54,56.77,65.56,73.4,80,0,83.99
2024,2911907,Municipal,28.52,30.13,38.47,47.54,56.77,65.56,73.4,80,0,97.77
2024,2100550,Municipal,43,30.17,38.5,47.57,56.8,65.58,73.41,80,1,99.03
2023,2100550,Municipal,23,30.17,38.5,47.57,56.8,65.58,73.41,80,0,92.63
2024,2703601,Municipal,27.69,30.27,38.6,47.65,56.86,65.61,73.42,80,0,82.35
2023,2703601,Municipal,23.1,30.27,38.6,47.65,56.86,65.61,73.42,80,0,93.7
2023,2925253,Municipal,23.2,30.38,38.69,47.73,56.92,65.65,73.44,80,0,88.05
2024,2925253,Municipal,36.99,30.38,38.69,47.73,56.92,65.65,73.44,80,0,95.58
2023,2929370,Municipal,23.2,30.39,38.7,47.74,56.92,65.65,73.44,80,0,75.79
2024,2929370,Municipal,28.41,30.39,38.7,47.74,56.92,65.65,73.44,80,0,94.62
2023,2918506,Municipal,23.2,30.4,38.71,47.75,56.93,65.66,73.44,80,0,91.76
2024,2918506,Municipal,43.44,30.4,38.71,47.75,56.93,65.66,73.44,80,1,93.85
2024,2512036,Municipal,81.67,30.45,38.76,47.79,56.96,65.67,73.45,80,5,91.49
2023,2512036,Municipal,23.2,30.45,38.76,47.79,56.96,65.67,73.45,80,0,85.71
2023,2931707,Municipal,23.3,30.46,38.77,47.79,56.96,65.68,73.45,80,0,78.86
2024,2931707,Municipal,28.42,30.46,38.77,47.79,56.96,65.68,73.45,80,0,93.14
2023,2927101,Municipal,23.3,30.48,38.79,47.81,56.97,65.69,73.45,80,0,81.33
2024,2927101,Municipal,26.35,30.48,38.79,47.81,56.97,65.69,73.45,80,0,94.87
2023,2507200,Municipal,23.3,30.53,38.84,47.85,57,65.7,73.46,80,0,96.12
2024,2507200,Municipal,36.64,30.53,38.84,47.85,57,65.7,73.46,80,0,95.18
2023,2412559,Municipal,,,38.85,47.86,57.01,65.71,73.46,80,,
2024,2412559,Municipal,30.54,,38.85,47.86,57.01,65.71,73.46,80,0,75
2024,1704105,Municipal,66.67,30.54,38.85,47.86,57.01,65.71,73.46,80,3,88.24
2023,1704105,Municipal,23.3,30.54,38.85,47.86,57.01,65.71,73.46,80,0,93.75
2024,2922300,Municipal,51.72,30.55,38.86,47.87,57.02,65.71,73.47,80,2,92.55
2023,2922300,Municipal,23.3,30.55,38.86,47.87,57.02,65.71,73.47,80,0,85.78
2024,2405207,Municipal,37.93,30.69,38.99,47.98,57.1,65.76,73.49,80,0,96.67
2023,2405207,Municipal,23.5,30.69,38.99,47.98,57.1,65.76,73.49,80,0,79.17
2024,2805604,Municipal,16.87,30.74,39.04,48.02,57.13,65.78,73.49,80,0,91.3
2023,2805604,Municipal,23.5,30.74,39.04,48.02,57.13,65.78,73.49,80,0,89.77
2024,1507300,Municipal,30.95,,39.2,48.15,57.23,65.84,73.52,80,0,75.37
2023,1507300,Municipal,,,39.2,48.15,57.23,65.84,73.52,80,,
2024,2206654,Municipal,19.39,30.91,39.2,48.15,57.23,65.84,73.52,80,0,93.51
2023,2206654,Municipal,23.7,30.91,39.2,48.15,57.23,65.84,73.52,80,0,82.93
2024,3137007,Municipal,54.47,31.02,39.29,48.23,57.28,65.88,73.54,80,2,83.33
2023,3137007,Municipal,23.8,31.02,39.29,48.23,57.28,65.88,73.54,80,0,86.11
2023,2402907,Municipal,23.9,31.08,39.35,48.28,57.32,65.9,73.55,80,0,92.68
2024,2402907,Municipal,47.83,31.08,39.35,48.28,57.32,65.9,73.55,80,1,86.96
2024,2413201,Municipal,27.46,31.11,39.38,48.3,57.34,65.91,73.55,80,0,82.26
2023,2413201,Municipal,23.9,31.11,39.38,48.3,57.34,65.91,73.55,80,0,84.06
2024,2924405,Municipal,22.51,31.12,39.38,48.31,57.34,65.91,73.55,80,0,85
2023,2924405,Municipal,23.9,31.12,39.38,48.31,57.34,65.91,73.55,80,0,79.84
2023,3551405,Municipal,23.9,31.16,39.42,48.34,57.36,65.92,73.56,80,0,78.52
2024,3551405,Municipal,44.65,31.16,39.42,48.34,57.36,65.92,73.56,80,1,81.25
2023,2908804,Municipal,24,31.22,39.48,48.39,57.4,65.95,73.57,80,0,100
2024,2908804,Municipal,40.62,31.22,39.48,48.39,57.4,65.95,73.57,80,1,96.97
2023,3139300,Municipal,24,31.24,39.5,48.4,57.41,65.95,73.57,80,0,87.93
2024,3139300,Municipal,41.04,31.24,39.5,48.4,57.41,65.95,73.57,80,1,84.62
2023,2402105,Municipal,24,31.26,39.52,48.42,57.42,65.96,73.57,80,0,82.28
2024,2402105,Municipal,39.72,31.26,39.52,48.42,57.42,65.96,73.57,80,0,83.87
2023,2210383,Municipal,24.1,31.36,39.61,48.5,57.48,65.99,73.59,80,0,100
2024,2210383,Municipal,80,31.36,39.61,48.5,57.48,65.99,73.59,80,5,88.24
2024,2918308,Municipal,40.82,31.37,39.62,48.5,57.49,66,73.59,80,1,97.03
2023,2918308,Municipal,24.2,31.37,39.62,48.5,57.49,66,73.59,80,0,78.57
2023,1712504,Municipal,24.2,31.37,39.62,48.5,57.49,66,73.59,80,0,93.62
2024,1712504,Municipal,36.72,31.37,39.62,48.5,57.49,66,73.59,80,0,81.69
2024,2408409,Municipal,30.77,31.39,39.64,48.52,57.5,66.01,73.59,80,0,100
2023,2408409,Municipal,24.2,31.39,39.64,48.52,57.5,66.01,73.59,80,0,75.68
2024,2904704,Municipal,29.37,31.49,39.73,48.6,57.55,66.04,73.61,80,0,90
2023,2904704,Municipal,24.3,31.49,39.73,48.6,57.55,66.04,73.61,80,0,83.19
2023,2903235,Municipal,24.3,31.51,39.75,48.61,57.57,66.05,73.61,80,0,96.21
2024,2903235,Municipal,29.75,31.51,39.75,48.61,57.57,66.05,73.61,80,0,98.37
2023,2803203,Municipal,24.3,31.53,39.77,48.63,57.58,66.05,73.61,80,0,80.85
2024,2803203,Municipal,39.49,31.53,39.77,48.63,57.58,66.05,73.61,80,0,88.41
2023,2111078,Municipal,24.4,31.6,39.83,48.68,57.62,66.08,73.62,80,0,94.32
2024,2111078,Municipal,53.45,31.6,39.83,48.68,57.62,66.08,73.62,80,2,96.99
2023,2206100,Municipal,24.4,31.65,39.88,48.72,57.64,66.1,73.63,80,0,89.22
2024,2206100,Municipal,52.06,31.65,39.88,48.72,57.64,66.1,73.63,80,2,97.37
2023,1718881,Municipal,24.6,31.78,40,48.82,57.72,66.14,73.65,80,0,90.74
2024,1718881,Municipal,39.73,31.78,40,48.82,57.72,66.14,73.65,80,0,83.67
2024,2409100,Municipal,41.07,31.79,40.01,48.83,57.72,66.14,73.65,80,1,79.63
2023,2409100,Municipal,24.6,31.79,40.01,48.83,57.72,66.14,73.65,80,0,73.68
2023,1701309,Municipal,24.6,31.83,40.05,48.86,57.75,66.16,73.66,80,0,83.95
2024,1701309,Municipal,52.57,31.83,40.05,48.86,57.75,66.16,73.66,80,2,73.33
2024,2414407,Municipal,38.35,31.91,40.12,48.92,57.79,66.19,73.67,80,0,80.5
2023,2414407,Municipal,24.7,31.91,40.12,48.92,57.79,66.19,73.67,80,0,83.75
2023,2707107,Municipal,24.7,31.96,40.17,48.96,57.82,66.2,73.68,80,0,85.29
2024,2801702,Municipal,34.73,31.96,40.17,48.96,57.82,66.2,73.68,80,0,96.86
2023,2801702,Municipal,24.7,31.96,40.17,48.96,57.82,66.2,73.68,80,0,95.1
2024,2707107,Municipal,25.08,31.96,40.17,48.96,57.82,66.2,73.68,80,0,92.82
2023,2401206,Municipal,24.8,31.97,40.17,48.97,57.83,66.21,73.68,80,0,81.55
2024,2401206,Municipal,31.22,31.97,40.17,48.97,57.83,66.21,73.68,80,0,82.32
2023,2804201,Municipal,24.8,31.99,40.19,48.98,57.84,66.21,73.68,80,0,90.08
2024,2804201,Municipal,35.07,31.99,40.19,48.98,57.84,66.21,73.68,80,0,96.02
2023,2924009,Municipal,24.8,32.01,40.21,49,57.85,66.22,73.69,80,0,77.28
2024,2924009,Municipal,30.51,32.01,40.21,49,57.85,66.22,73.69,80,0,84.89
2024,2108702,Municipal,63.6,32.07,40.27,49.04,57.88,66.24,73.69,80,3,88.66
2023,2904902,Municipal,24.9,32.07,40.27,49.04,57.88,66.24,73.69,80,0,85.91
2023,2801504,Municipal,24.9,32.07,40.27,49.04,57.88,66.24,73.69,80,0,89.67
2024,2801504,Municipal,16.16,32.07,40.27,49.04,57.88,66.24,73.69,80,0,89.16
2023,2108702,Municipal,24.9,32.07,40.27,49.04,57.88,66.24,73.69,80,0,82.61
2024,2904902,Municipal,33.06,32.07,40.27,49.04,57.88,66.24,73.69,80,0,89.63
2023,2905156,Municipal,24.9,32.08,40.28,49.05,57.89,66.24,73.7,80,0,88.71
2024,2905156,Municipal,46.43,32.08,40.28,49.05,57.89,66.24,73.7,80,1,75.68
2024,1721307,Municipal,53.85,32.22,40.4,49.16,57.96,66.29,73.72,80,2,100
2024,2410702,Municipal,37.5,32.22,40.4,49.16,57.96,66.29,73.72,80,0,80
2023,1721307,Municipal,25,32.22,40.4,49.16,57.96,66.29,73.72,80,0,94.12
2023,2806503,Municipal,25,32.22,40.4,49.16,57.96,66.29,73.72,80,0,93.02
2023,2501153,Municipal,25,32.22,40.4,49.16,57.96,66.29,73.72,80,0,75
2024,2806503,Municipal,26.74,32.22,40.4,49.16,57.96,66.29,73.72,80,0,95.45
2024,1712454,Municipal,48.91,32.22,40.4,49.16,57.96,66.29,73.72,80,1,95.92
2023,2508109,Municipal,25,32.22,40.4,49.16,57.96,66.29,73.72,80,0,84.62
2023,1712454,Municipal,25,32.22,40.4,49.16,57.96,66.29,73.72,80,0,90.91
2023,2410702,Municipal,25,32.22,40.4,49.16,57.96,66.29,73.72,80,0,86.96
2024,2508109,Municipal,59.38,32.22,40.4,49.16,57.96,66.29,73.72,80,2,88.24
2024,2501153,Municipal,36.36,32.22,40.4,49.16,57.96,66.29,73.72,80,0,100
2023,2505600,Municipal,25,32.22,40.4,49.16,57.96,66.29,73.72,80,0,94.12
2024,2505600,Municipal,72.15,32.22,40.4,49.16,57.96,66.29,73.72,80,4,96.55
2023,1502806,Municipal,25.1,32.28,40.46,49.2,58,66.31,73.73,80,0,79.49
2024,1502806,Municipal,24.03,32.28,40.46,49.2,58,66.31,73.73,80,0,74.13
2024,2928000,Municipal,29.15,32.3,40.48,49.22,58.01,66.32,73.73,80,0,93.43
2023,2928000,Municipal,25.1,32.3,40.48,49.22,58.01,66.32,73.73,80,0,86.22
2024,2919157,Municipal,25.25,32.3,40.48,49.22,58.01,66.32,73.73,80,0,96.78
2023,2919157,Municipal,25.1,32.3,40.48,49.22,58.01,66.32,73.73,80,0,90.62
2023,2207900,Municipal,25.1,32.31,40.49,49.23,58.01,66.32,73.73,80,0,93.3
2024,2207900,Municipal,41.98,32.31,40.49,49.23,58.01,66.32,73.73,80,1,93.15
2024,2926004,Municipal,35.26,32.32,40.5,49.23,58.02,66.33,73.73,80,0,92.42
2023,2926004,Municipal,25.1,32.32,40.5,49.23,58.02,66.33,73.73,80,0,86.74
2024,1703883,Municipal,27.47,32.34,40.51,49.25,58.03,66.33,73.73,80,0,83.72
2023,1703883,Municipal,25.1,32.34,40.51,49.25,58.03,66.33,73.73,80,0,79.49
2023,2205102,Municipal,25.2,32.37,40.54,49.27,58.05,66.34,73.74,80,0,80.88
2024,2205102,Municipal,85.9,32.37,40.54,49.27,58.05,66.34,73.74,80,5,98.46
2024,2402600,Municipal,32.38,,40.56,49.29,58.06,66.35,73.74,80,0,74.64
2023,2402600,Municipal,,,40.56,49.29,58.06,66.35,73.74,80,,
2023,5005202,Municipal,25.2,32.39,40.56,49.29,58.06,66.35,73.74,80,0,91.48
2024,5005202,Municipal,33.36,32.39,40.56,49.29,58.06,66.35,73.74,80,0,83.84
2023,2930501,Municipal,25.2,32.42,40.59,49.31,58.08,66.36,73.75,80,0,80.97
2023,1700301,Municipal,25.2,32.42,40.59,49.31,58.08,66.36,73.75,80,0,93.24
2024,2930501,Municipal,19.92,32.42,40.59,49.31,58.08,66.36,73.75,80,0,92.76
2024,1700301,Municipal,40.89,32.42,40.59,49.31,58.08,66.36,73.75,80,1,88.51
2023,2400901,Municipal,25.2,32.45,40.62,49.33,58.09,66.37,73.75,80,0,76.32
2023,2920205,Municipal,25.2,32.45,40.62,49.33,58.09,66.37,73.75,80,0,93.48
2024,2400901,Municipal,37.67,32.45,40.62,49.33,58.09,66.37,73.75,80,0,91.89
2024,2402303,Municipal,39.56,32.45,40.62,49.33,58.09,66.37,73.75,80,0,80
2023,2402303,Municipal,25.2,32.45,40.62,49.33,58.09,66.37,73.75,80,0,77.05
2024,2920205,Municipal,33.68,32.45,40.62,49.33,58.09,66.37,73.75,80,0,98.45
2023,2928950,Municipal,25.3,32.49,40.65,49.36,58.11,66.38,73.76,80,0,89.13
2024,2928950,Municipal,52.94,32.49,40.65,49.36,58.11,66.38,73.76,80,2,91.07
2024,2910503,Municipal,32.55,,40.71,49.41,58.15,66.4,73.77,80,0,88.85
2023,2910503,Municipal,,,40.71,49.41,58.15,66.4,73.77,80,,
2024,2506905,Municipal,54.38,32.55,40.71,49.41,58.15,66.4,73.77,80,2,93.59
2023,2506905,Municipal,25.3,32.55,40.71,49.41,58.15,66.4,73.77,80,0,81.29
2024,2807600,Municipal,39.34,32.62,40.77,49.46,58.19,66.43,73.78,80,0,86.38
2023,2807600,Municipal,25.4,32.62,40.77,49.46,58.19,66.43,73.78,80,0,90.87
2024,1714880,Municipal,40.7,32.67,40.82,49.5,58.21,66.44,73.78,80,1,89.13
2023,1714880,Municipal,25.5,32.67,40.82,49.5,58.21,66.44,73.78,80,0,84.02
2024,2930808,Municipal,31.82,32.71,40.85,49.53,58.24,66.46,73.79,80,0,97.06
2023,2930808,Municipal,25.5,32.71,40.85,49.53,58.24,66.46,73.79,80,0,97.18
2023,2502201,Municipal,25.6,32.78,40.92,49.58,58.27,66.48,73.8,80,0,97.22
2024,2502201,Municipal,68.42,32.78,40.92,49.58,58.27,66.48,73.8,80,3,100
2024,2927606,Municipal,28.39,32.87,41,49.65,58.32,66.51,73.81,80,0,90.12
2023,2927606,Municipal,25.7,32.87,41,49.65,58.32,66.51,73.81,80,0,86.26
2024,1502400,Municipal,32.97,,41.06,49.7,58.36,66.53,73.82,80,0,77.17
2023,1502400,Municipal,,,41.06,49.7,58.36,66.53,73.82,80,,
2023,1507003,Municipal,25.7,32.94,41.06,49.7,58.36,66.53,73.82,80,0,80.85
2024,1507003,Municipal,31.66,32.94,41.06,49.7,58.36,66.53,73.82,80,0,85.75
2023,2805307,Municipal,25.8,33.03,41.14,49.77,58.41,66.56,73.84,80,0,80.52
2024,2805307,Municipal,37.68,33.03,41.14,49.77,58.41,66.56,73.84,80,0,87.72
2024,2413409,Municipal,31.59,33.05,41.16,49.78,58.42,66.57,73.84,80,0,85.71
2023,2413409,Municipal,25.8,33.05,41.16,49.78,58.42,66.57,73.84,80,0,92.5
2024,2917805,Municipal,46.85,33.07,41.18,49.8,58.43,66.58,73.84,80,1,94.08
2023,2917805,Municipal,25.9,33.07,41.18,49.8,58.43,66.58,73.84,80,0,79.14
2024,2806305,Municipal,22.15,33.12,41.22,49.84,58.46,66.59,73.85,80,0,93.94
2023,2806305,Municipal,25.9,33.12,41.22,49.84,58.46,66.59,73.85,80,0,92.05
2024,5001508,Municipal,52.42,33.17,41.27,49.87,58.49,66.61,73.86,80,2,90.78
2023,5001508,Municipal,26,33.17,41.27,49.87,58.49,66.61,73.86,80,0,97.53
2024,2905800,Municipal,28.39,33.17,41.28,49.88,58.49,66.61,73.86,80,0,93.28
2023,2905800,Municipal,26,33.17,41.28,49.88,58.49,66.61,73.86,80,0,79.67
2024,2211357,Municipal,31.25,33.18,41.29,49.89,58.5,66.62,73.86,80,0,100
2023,2211357,Municipal,26,33.18,41.29,49.89,58.5,66.62,73.86,80,0,100
2023,2210623,Municipal,26,33.21,41.31,49.91,58.51,66.63,73.86,80,0,93.55
2024,2210623,Municipal,50,33.21,41.31,49.91,58.51,66.63,73.86,80,2,100
2023,2401404,Municipal,26,33.22,41.32,49.92,58.52,66.63,73.86,80,0,80.6
2024,2401404,Municipal,35.36,33.22,41.32,49.92,58.52,66.63,73.86,80,0,81.32
2024,1711902,Municipal,35.66,33.23,41.33,49.93,58.52,66.63,73.87,80,0,88.5
2023,1711902,Municipal,26,33.23,41.33,49.93,58.52,66.63,73.87,80,0,84.09
2023,2803401,Municipal,26.1,33.27,41.37,49.96,58.55,66.65,73.87,80,0,89.19
2024,2803401,Municipal,39.3,33.27,41.37,49.96,58.55,66.65,73.87,80,0,99.28
2024,4300307,Municipal,33.3,,41.39,49.98,58.56,66.66,73.88,80,0,92.31
2023,4300307,Municipal,,,41.39,49.98,58.56,66.66,73.88,80,,
2023,1717206,Municipal,26.1,33.29,41.39,49.97,58.56,66.65,73.87,80,0,90
2024,1717206,Municipal,54.55,33.29,41.39,49.97,58.56,66.65,73.87,80,2,88
2024,1600501,Municipal,21.03,33.3,41.39,49.98,58.56,66.66,73.88,80,0,75
2023,1600501,Municipal,26.1,33.3,41.39,49.98,58.56,66.66,73.88,80,0,79.8
2024,2913101,Municipal,28,33.31,41.4,49.98,58.57,66.66,73.88,80,0,97.09
2023,2913101,Municipal,26.1,33.31,41.4,49.98,58.57,66.66,73.88,80,0,82.14
2023,2406155,Municipal,,,41.43,50.01,58.58,66.67,73.88,80,,
2024,2406155,Municipal,33.33,,41.43,50.01,58.58,66.67,73.88,80,0,78.95
2023,1703305,Municipal,26.1,33.34,41.43,50.01,58.58,66.67,73.88,80,0,86.11
2024,1703305,Municipal,28.56,33.34,41.43,50.01,58.58,66.67,73.88,80,0,95.16
2023,1300680,Municipal,26.2,33.37,41.46,50.03,58.6,66.68,73.89,80,0,87.59
2024,1300680,Municipal,31.41,33.37,41.46,50.03,58.6,66.68,73.89,80,0,86.98
2024,2906873,Municipal,29.34,33.41,41.49,50.06,58.62,66.69,73.89,80,0,92.02
2023,2906873,Municipal,26.2,33.41,41.49,50.06,58.62,66.69,73.89,80,0,85.71
2024,2407005,Municipal,26.6,33.44,41.52,50.08,58.64,66.7,73.9,80,0,86.27
2023,2407005,Municipal,26.2,33.44,41.52,50.08,58.64,66.7,73.9,80,0,92.86
2023,2205300,Municipal,26.3,33.53,41.6,50.15,58.69,66.73,73.91,80,0,100
2024,2205300,Municipal,75.31,33.53,41.6,50.15,58.69,66.73,73.91,80,4,98.28
2024,3120300,Municipal,54.17,33.57,41.64,50.18,58.71,66.75,73.91,80,2,94.44
2023,3120300,Municipal,26.4,33.57,41.64,50.18,58.71,66.75,73.91,80,0,91.53
2023,2930204,Municipal,26.4,33.62,41.68,50.21,58.73,66.76,73.92,80,0,85.65
2024,2930204,Municipal,24.24,33.62,41.68,50.21,58.73,66.76,73.92,80,0,87.73
2024,2930774,Municipal,34.44,33.65,41.71,50.24,58.75,66.77,73.93,80,0,97.42
2023,2930774,Municipal,26.4,33.65,41.71,50.24,58.75,66.77,73.93,80,0,87.75
2023,4304101,Municipal,26.5,33.67,41.73,50.25,58.76,66.78,73.93,80,0,80.77
2024,4304101,Municipal,33.9,33.67,41.73,50.25,58.76,66.78,73.93,80,0,88.57
2024,1200385,Municipal,33.78,,41.81,50.32,58.81,66.81,73.94,80,0,80.6
2023,1200385,Municipal,,,41.81,50.32,58.81,66.81,73.94,80,,
2023,1720309,Municipal,26.6,33.77,41.81,50.32,58.81,66.81,73.94,80,0,84.91
2024,1720309,Municipal,58.96,33.77,41.81,50.32,58.81,66.81,73.94,80,2,98
2023,5005608,Municipal,26.6,33.82,41.86,50.36,58.84,66.83,73.95,80,0,83.33
2023,2922102,Municipal,26.6,33.82,41.86,50.36,58.84,66.83,73.95,80,0,91.76
2024,2922102,Municipal,33.33,33.82,41.86,50.36,58.84,66.83,73.95,80,0,96.92
2024,5005608,Municipal,38.78,33.82,41.86,50.36,58.84,66.83,73.95,80,0,84.98
2024,2802908,Municipal,41.79,33.84,41.88,50.37,58.85,66.83,73.95,80,1,88.19
2023,2802908,Municipal,26.6,33.84,41.88,50.37,58.85,66.83,73.95,80,0,87.73
2024,2928505,Municipal,27.63,33.84,41.88,50.37,58.85,66.83,73.95,80,0,96.2
2023,2928505,Municipal,26.6,33.84,41.88,50.37,58.85,66.83,73.95,80,0,88.17
2023,5007802,Municipal,26.7,33.87,41.91,50.4,58.87,66.85,73.96,80,0,88.82
2024,2907004,Municipal,33.04,33.87,41.91,50.4,58.87,66.85,73.96,80,0,98.29
2023,2907004,Municipal,26.7,33.87,41.91,50.4,58.87,66.85,73.96,80,0,89.31
2024,5007802,Municipal,59.83,33.87,41.91,50.4,58.87,66.85,73.96,80,2,98.98
2024,1303601,Municipal,36.02,33.91,41.95,50.43,58.89,66.86,73.96,80,0,88.24
2023,1303601,Municipal,26.7,33.91,41.95,50.43,58.89,66.86,73.96,80,0,73.91
2023,2701308,Municipal,26.8,33.95,41.98,50.46,58.91,66.87,73.97,80,0,87.5
2024,2701308,Municipal,33.4,33.95,41.98,50.46,58.91,66.87,73.97,80,0,95.1
2024,2405702,Municipal,56.51,33.95,41.98,50.46,58.91,66.87,73.97,80,2,77.94
2023,2405702,Municipal,26.8,33.95,41.98,50.46,58.91,66.87,73.97,80,0,93.65
2024,1500701,Municipal,33.83,34.01,42.04,50.51,58.95,66.89,73.98,80,0,82.68
2023,1500701,Municipal,26.8,34.01,42.04,50.51,58.95,66.89,73.98,80,0,80.41
2023,2211100,Municipal,26.8,34.02,42.05,50.51,58.95,66.89,73.98,80,0,94.2
2024,2211100,Municipal,35.21,34.02,42.05,50.51,58.95,66.89,73.98,80,0,93.3
2024,2902708,Municipal,28.48,34.04,42.06,50.53,58.96,66.9,73.98,80,0,88.27
2023,2902708,Municipal,26.8,34.04,42.06,50.53,58.96,66.9,73.98,80,0,76.95
2024,2407302,Municipal,22.73,34.1,42.12,50.57,58.99,66.92,73.99,80,0,100
2023,2407302,Municipal,26.9,34.1,42.12,50.57,58.99,66.92,73.99,80,0,91.18
2023,2413300,Municipal,26.9,34.12,42.13,50.59,59,66.93,73.99,80,0,77.61
2024,2413300,Municipal,42.09,34.12,42.13,50.59,59,66.93,73.99,80,1,84.31
2023,2209872,Municipal,26.9,34.14,42.15,50.6,59.02,66.93,74,80,0,95.56
2024,2209872,Municipal,43.37,34.14,42.15,50.6,59.02,66.93,74,80,1,86.54
2023,2802700,Municipal,27,34.17,42.18,50.62,59.03,66.94,74,80,0,83.96
2024,2802700,Municipal,16.26,34.17,42.18,50.62,59.03,66.94,74,80,0,89.15
2024,1720200,Municipal,36.9,34.18,42.19,50.63,59.04,66.95,74,80,0,88.24
2023,1720200,Municipal,27,34.18,42.19,50.63,59.04,66.95,74,80,0,86.62
2024,3146701,Municipal,75.61,34.19,42.2,50.64,59.04,66.95,74,80,4,91.67
2023,3146701,Municipal,27,34.19,42.2,50.64,59.04,66.95,74,80,0,81.25
2024,2918100,Municipal,29.53,34.24,42.24,50.67,59.07,66.97,74.01,80,0,89.35
2023,2918100,Municipal,27,34.24,42.24,50.67,59.07,66.97,74.01,80,0,82.06
2024,1300607,Municipal,34.3,,42.28,50.7,59.09,66.98,74.01,80,0,95.82
2023,1300607,Municipal,,,42.28,50.7,59.09,66.98,74.01,80,,
2023,2210938,Municipal,27.1,34.28,42.28,50.7,59.09,66.98,74.01,80,0,88.24
2024,2210938,Municipal,55.84,34.28,42.28,50.7,59.09,66.98,74.01,80,2,96.88
2023,2800506,Municipal,27.1,34.29,42.28,50.71,59.09,66.98,74.02,80,0,79.92
2024,2800506,Municipal,44.81,34.29,42.28,50.71,59.09,66.98,74.02,80,1,89.76
2023,4304630,Municipal,,,42.44,50.84,59.19,67.04,74.04,80,,
2024,4304630,Municipal,34.4,,42.44,50.84,59.19,67.04,74.04,80,0,75.7
2024,1709807,Municipal,21.43,34.46,42.44,50.84,59.19,67.04,74.04,80,0,93.33
2024,2407203,Municipal,32.32,34.46,42.44,50.84,59.19,67.04,74.04,80,0,80.56
2024,2800704,Municipal,34.6,34.46,42.44,50.84,59.19,67.04,74.04,80,0,97.89
2023,2407203,Municipal,27.3,34.46,42.44,50.84,59.19,67.04,74.04,80,0,74.59
2023,2800704,Municipal,27.3,34.46,42.44,50.84,59.19,67.04,74.04,80,0,90.59
2023,1709807,Municipal,27.3,34.46,42.44,50.84,59.19,67.04,74.04,80,0,100
2023,2925808,Municipal,27.4,34.54,42.51,50.9,59.23,67.06,74.05,80,0,91.72
2024,2925808,Municipal,30.32,34.54,42.51,50.9,59.23,67.06,74.05,80,0,95.43
2024,5000708,Municipal,40.97,34.56,42.53,50.91,59.24,67.07,74.06,80,1,90.97
2023,5000708,Municipal,27.4,34.56,42.53,50.91,59.24,67.07,74.06,80,0,83
2023,2705606,Municipal,27.4,34.56,42.53,50.91,59.24,67.07,74.06,80,0,94.57
2024,2705606,Municipal,39.85,34.56,42.53,50.91,59.24,67.07,74.06,80,0,99.28
2024,2402501,Municipal,42.31,34.58,42.55,50.93,59.25,67.08,74.06,80,1,79.37
2023,2402501,Municipal,27.4,34.58,42.55,50.93,59.25,67.08,74.06,80,0,78.57
2024,1501204,Municipal,38.16,34.71,42.66,51.02,59.32,67.12,74.08,80,0,86.14
2023,1501204,Municipal,27.5,34.71,42.66,51.02,59.32,67.12,74.08,80,0,71.1
2024,1703826,Municipal,64,34.72,42.68,51.03,59.33,67.12,74.08,80,3,96.15
2023,1703826,Municipal,27.5,34.72,42.68,51.03,59.33,67.12,74.08,80,0,87.88
2023,2406106,Municipal,27.6,34.74,42.7,51.05,59.34,67.13,74.08,80,0,82.73
2024,2406106,Municipal,43.69,34.74,42.7,51.05,59.34,67.13,74.08,80,1,85.12
2024,1712702,Municipal,9.09,34.77,42.72,51.07,59.35,67.14,74.09,80,0,91.67
2023,1712702,Municipal,27.6,34.77,42.72,51.07,59.35,67.14,74.09,80,0,85.29
2023,1705607,Municipal,27.6,34.78,42.73,51.08,59.36,67.14,74.09,80,0,80.56
2024,1705607,Municipal,35.8,34.78,42.73,51.08,59.36,67.14,74.09,80,0,95.83
2023,2911501,Municipal,27.7,34.92,42.85,51.18,59.43,67.19,74.11,80,0,93.18
2023,2209203,Municipal,27.7,34.92,42.85,51.18,59.43,67.19,74.11,80,0,97.3
2024,2209203,Municipal,62.47,34.92,42.85,51.18,59.43,67.19,74.11,80,3,96.15
2024,2911501,Municipal,50,34.92,42.85,51.18,59.43,67.19,74.11,80,2,91.89
2023,1500347,Municipal,27.8,34.94,42.87,51.19,59.44,67.19,74.11,80,0,70.48
2024,1500347,Municipal,51.4,34.94,42.87,51.19,59.44,67.19,74.11,80,2,80.43
2023,2211209,Municipal,27.8,34.96,42.89,51.2,59.45,67.2,74.11,80,0,95.76
2024,2211209,Municipal,31.55,34.96,42.89,51.2,59.45,67.2,74.11,80,0,95.89
2023,1200179,Municipal,,,42.9,51.21,59.46,67.2,74.11,80,,
2024,1200179,Municipal,34.97,,42.9,51.21,59.46,67.2,74.11,80,0,76.65
2024,2917003,Municipal,21.05,34.97,42.9,51.21,59.46,67.2,74.11,80,0,93.92
2023,2917003,Municipal,27.8,34.97,42.9,51.21,59.46,67.2,74.11,80,0,88.6
2024,1718758,Municipal,26.8,35.01,42.93,51.24,59.48,67.22,74.12,80,0,81.61
2023,1718758,Municipal,27.8,35.01,42.93,51.24,59.48,67.22,74.12,80,0,85.37
2023,2204907,Municipal,27.9,35.03,42.95,51.25,59.49,67.22,74.12,80,0,98.36
2024,2204907,Municipal,34.44,35.03,42.95,51.25,59.49,67.22,74.12,80,0,100
2023,2912202,Municipal,27.9,35.04,42.96,51.26,59.49,67.22,74.12,80,0,88.75
2024,2912202,Municipal,32.53,35.04,42.96,51.26,59.49,67.22,74.12,80,0,89.89
2024,2925402,Municipal,27.54,35.06,42.98,51.28,59.5,67.23,74.13,80,0,92
2023,2925402,Municipal,27.9,35.06,42.98,51.28,59.5,67.23,74.13,80,0,88.54
2024,2407500,Municipal,35.11,,42.99,51.29,59.51,67.24,74.13,80,0,83.76
2023,2407500,Municipal,,,42.99,51.29,59.51,67.24,74.13,80,,
2024,2907905,Municipal,31.09,35.07,42.99,51.29,59.51,67.24,74.13,80,0,93.24
2023,2907905,Municipal,27.9,35.07,42.99,51.29,59.51,67.24,74.13,80,0,83.1
2024,2501575,Municipal,49.18,35.21,43.12,51.39,59.59,67.28,74.15,80,1,95.31
2023,2501575,Municipal,28,35.21,43.12,51.39,59.59,67.28,74.15,80,0,96.15
2024,2931509,Municipal,29.57,35.23,43.13,51.4,59.6,67.29,74.15,80,0,88.57
2023,2931509,Municipal,28.1,35.23,43.13,51.4,59.6,67.29,74.15,80,0,90.72
2023,2916500,Municipal,28.1,35.25,43.15,51.42,59.61,67.29,74.15,80,0,84.21
2024,2916500,Municipal,51.23,35.25,43.15,51.42,59.61,67.29,74.15,80,2,97.31
2024,2517209,Municipal,64.36,35.36,43.25,51.49,59.66,67.33,74.17,80,3,95.12
2023,2517209,Municipal,28.2,35.36,43.25,51.49,59.66,67.33,74.17,80,0,90.48
2024,1714203,Municipal,43.89,35.38,43.26,51.51,59.67,67.33,74.17,80,1,86.67
2023,1714203,Municipal,28.2,35.38,43.26,51.51,59.67,67.33,74.17,80,0,86.71
2023,2900207,Municipal,28.3,35.44,43.32,51.56,59.71,67.36,74.18,80,0,92.65
2024,2900207,Municipal,18.24,35.44,43.32,51.56,59.71,67.36,74.18,80,0,98.15
2024,1300805,Municipal,22.82,35.51,43.38,51.61,59.74,67.38,74.19,80,0,82.69
2023,1300805,Municipal,28.4,35.51,43.38,51.61,59.74,67.38,74.19,80,0,87.85
2024,2907103,Municipal,31.96,35.7,43.56,51.75,59.85,67.44,74.22,80,0,94.89
2023,2907103,Municipal,28.6,35.7,43.56,51.75,59.85,67.44,74.22,80,0,83.52
2024,3503356,Municipal,77.27,35.72,43.57,51.76,59.86,67.45,74.22,80,4,100
2023,3503356,Municipal,28.6,35.72,43.57,51.76,59.86,67.45,74.22,80,0,91.3
2024,5215801,Municipal,64.71,35.72,43.57,51.76,59.86,67.45,74.22,80,3,89.47
2024,4311759,Municipal,50,35.72,43.57,51.76,59.86,67.45,74.22,80,2,75
2023,4311759,Municipal,28.6,35.72,43.57,51.76,59.86,67.45,74.22,80,0,95.45
2023,5215801,Municipal,28.6,35.72,43.57,51.76,59.86,67.45,74.22,80,0,82.35
2024,2502102,Municipal,47.71,35.73,43.58,51.77,59.86,67.45,74.22,80,1,96.15
2024,2908408,Municipal,30.94,35.73,43.58,51.77,59.86,67.45,74.22,80,0,87.8
2023,2502102,Municipal,28.6,35.73,43.58,51.77,59.86,67.45,74.22,80,0,91.18
2023,2908408,Municipal,28.6,35.73,43.58,51.77,59.86,67.45,74.22,80,0,87.94
2024,3149150,Municipal,46.09,35.81,43.65,51.82,59.9,67.47,74.23,80,1,86.21
2023,3149150,Municipal,28.7,35.81,43.65,51.82,59.9,67.47,74.23,80,0,89.47
2023,2909208,Municipal,28.7,35.85,43.69,51.85,59.92,67.49,74.24,80,0,74.17
2024,2909208,Municipal,36.04,35.85,43.69,51.85,59.92,67.49,74.24,80,0,93.28
2023,1600808,Municipal,28.7,35.85,43.69,51.85,59.92,67.49,74.24,80,0,93.88
2024,1600808,Municipal,35.39,35.85,43.69,51.85,59.92,67.49,74.24,80,0,94.44
2024,2926509,Municipal,33.95,35.87,43.7,51.87,59.93,67.49,74.24,80,0,95.29
2023,2926509,Municipal,28.7,35.87,43.7,51.87,59.93,67.49,74.24,80,0,88.59
2024,2413706,Municipal,48.74,35.88,43.71,51.87,59.94,67.49,74.24,80,1,92.86
2023,2413706,Municipal,28.7,35.88,43.71,51.87,59.94,67.49,74.24,80,0,79.37
2024,1504406,Municipal,45.42,35.89,43.72,51.88,59.94,67.5,74.24,80,1,86.7
2023,1504406,Municipal,28.7,35.89,43.72,51.88,59.94,67.5,74.24,80,0,81.51
2024,2929404,Municipal,36.76,35.91,43.74,51.89,59.95,67.5,74.24,80,0,93.15
2023,2929404,Municipal,28.8,35.91,43.74,51.89,59.95,67.5,74.24,80,0,86.57
2024,5003504,Municipal,68.7,35.93,43.76,51.92,59.97,67.51,74.25,80,3,85
2023,5003504,Municipal,28.8,35.93,43.76,51.92,59.97,67.51,74.25,80,0,81.25
2024,3115904,Municipal,44.9,35.95,43.78,51.93,59.98,67.52,74.25,80,1,85.96
2023,3115904,Municipal,28.8,35.95,43.78,51.93,59.98,67.52,74.25,80,0,78.95
2024,2206670,Municipal,40.04,35.98,43.81,51.95,59.99,67.53,74.25,80,1,97.47
2023,2206670,Municipal,28.8,35.98,43.81,51.95,59.99,67.53,74.25,80,0,94.12
2023,2507606,Municipal,28.9,36,43.82,51.96,60,67.53,74.26,80,0,95.65
2024,2507606,Municipal,35.79,36,43.82,51.96,60,67.53,74.26,80,0,94.34
2023,2806404,Municipal,28.9,36.03,43.85,51.98,60.02,67.54,74.26,80,0,88.24
2024,2806404,Municipal,22.21,36.03,43.85,51.98,60.02,67.54,74.26,80,0,94.79
2023,4204178,Municipal,28.9,36.07,43.88,52.01,60.04,67.56,74.27,80,0,82.46
2024,4204178,Municipal,49.84,36.07,43.88,52.01,60.04,67.56,74.27,80,1,86.67
2024,2502607,Municipal,79.06,36.1,43.91,52.03,60.05,67.56,74.27,80,4,83.05
2023,2502607,Municipal,29,36.1,43.91,52.03,60.05,67.56,74.27,80,0,89.33
2023,2906303,Municipal,29,36.12,43.93,52.05,60.06,67.57,74.27,80,0,84.7
2023,2931905,Municipal,29,36.12,43.93,52.05,60.06,67.57,74.27,80,0,82.45
2024,2931905,Municipal,35.55,36.12,43.93,52.05,60.06,67.57,74.27,80,0,72.73
2024,2906303,Municipal,28.68,36.12,43.93,52.05,60.06,67.57,74.27,80,0,93.47
2023,2930303,Municipal,29,36.13,43.93,52.05,60.07,67.57,74.27,80,0,87.57
2024,2930303,Municipal,33.09,36.13,43.93,52.05,60.07,67.57,74.27,80,0,90.07
2024,1706258,Municipal,82.61,36.17,43.97,52.08,60.09,67.59,74.28,80,5,100
2023,1706258,Municipal,29,36.17,43.97,52.08,60.09,67.59,74.28,80,0,88.57
2023,5107578,Municipal,29,36.18,43.98,52.09,60.09,67.59,74.28,80,0,84.21
2024,5107578,Municipal,71.43,36.18,43.98,52.09,60.09,67.59,74.28,80,4,78.57
2024,2707008,Municipal,48.15,36.18,43.99,52.1,60.1,67.59,74.28,80,1,100
2023,2707008,Municipal,29.1,36.18,43.99,52.1,60.1,67.59,74.28,80,0,96.88
2024,2406700,Municipal,36.01,36.25,44.05,52.14,60.13,67.61,74.29,80,0,79.27
2023,2406700,Municipal,29.1,36.25,44.05,52.14,60.13,67.61,74.29,80,0,82.79
2023,2924207,Municipal,29.1,36.27,44.06,52.16,60.14,67.62,74.29,80,0,89.47
2024,2924207,Municipal,20.45,36.27,44.06,52.16,60.14,67.62,74.29,80,0,98.51
2023,2407104,Municipal,29.2,36.28,44.07,52.16,60.15,67.62,74.3,80,0,73.14
2024,2407104,Municipal,30.13,36.28,44.07,52.16,60.15,67.62,74.3,80,0,73.25
2023,1100346,Municipal,29.2,36.33,44.11,52.2,60.17,67.64,74.3,80,0,88.42
2023,2911659,Municipal,29.2,36.33,44.11,52.2,60.17,67.64,74.3,80,0,86.25
2024,1100346,Municipal,65.35,36.33,44.11,52.2,60.17,67.64,74.3,80,3,85.04
2024,2911659,Municipal,36.78,36.33,44.11,52.2,60.17,67.64,74.3,80,0,97.75
2023,2906204,Municipal,29.2,36.34,44.12,52.21,60.18,67.64,74.3,80,0,94.12
2024,2906204,Municipal,33.73,36.34,44.12,52.21,60.18,67.64,74.3,80,0,99.22
2024,4311130,Municipal,36.4,,44.16,52.24,60.2,67.66,74.31,80,0,84
2023,4311130,Municipal,,,44.16,52.24,60.2,67.66,74.31,80,,
2024,2505204,Municipal,24.78,36.38,44.16,52.23,60.2,67.65,74.31,80,0,83.82
2023,2505204,Municipal,29.3,36.38,44.16,52.23,60.2,67.65,74.31,80,0,94.23
2023,2900603,Municipal,29.3,36.39,44.16,52.24,60.2,67.66,74.31,80,0,90.77
2024,2900603,Municipal,26.32,36.39,44.16,52.24,60.2,67.66,74.31,80,0,90.48
2024,1713700,Municipal,44.77,36.45,44.22,52.29,60.24,67.68,74.32,80,1,81.25
2023,1713700,Municipal,29.3,36.45,44.22,52.29,60.24,67.68,74.32,80,0,89.47
2024,3150307,Municipal,63.16,36.5,44.27,52.32,60.26,67.69,74.33,80,3,96.49
2023,1600402,Municipal,29.4,36.5,44.27,52.32,60.26,67.69,74.33,80,0,92.63
2024,1600402,Municipal,44.22,36.5,44.27,52.32,60.26,67.69,74.33,80,1,88.07
2023,3150307,Municipal,29.4,36.5,44.27,52.32,60.26,67.69,74.33,80,0,86.21
2023,2919553,Municipal,29.4,36.53,44.29,52.34,60.27,67.7,74.33,80,0,83.37
2024,2919553,Municipal,35.72,36.53,44.29,52.34,60.27,67.7,74.33,80,0,91.05
2024,2922706,Municipal,50,36.6,44.35,52.39,60.31,67.72,74.34,80,2,100
2023,2922706,Municipal,29.5,36.6,44.35,52.39,60.31,67.72,74.34,80,0,85.39
2023,2913705,Municipal,29.5,36.61,44.36,52.4,60.31,67.72,74.34,80,0,84.27
2024,2913705,Municipal,30.13,36.61,44.36,52.4,60.31,67.72,74.34,80,0,80.92
2024,2111003,Municipal,58.4,36.65,44.4,52.43,60.34,67.74,74.35,80,2,90.82
2023,2111003,Municipal,29.5,36.65,44.4,52.43,60.34,67.74,74.35,80,0,83.96
2024,2804508,Municipal,31.24,36.66,44.41,52.44,60.34,67.74,74.35,80,0,94.29
2023,2804508,Municipal,29.6,36.66,44.41,52.44,60.34,67.74,74.35,80,0,85.56
2023,2802205,Municipal,29.6,36.69,44.44,52.46,60.36,67.75,74.35,80,0,92.21
2024,2802205,Municipal,26,36.69,44.44,52.46,60.36,67.75,74.35,80,0,97.75
2024,2514008,Municipal,60.71,36.7,44.44,52.47,60.36,67.75,74.35,80,3,97.62
2023,2514008,Municipal,29.6,36.7,44.44,52.47,60.36,67.75,74.35,80,0,85.71
2023,2806800,Municipal,29.6,36.7,44.44,52.47,60.36,67.75,74.35,80,0,95.15
2024,2806800,Municipal,29.79,36.7,44.44,52.47,60.36,67.75,74.35,80,0,100
2024,2919207,Municipal,28.75,36.74,44.48,52.49,60.38,67.77,74.36,80,0,84.66
2024,3150109,Municipal,75.58,36.74,44.48,52.49,60.38,67.77,74.36,80,4,96.97
2023,2919207,Municipal,29.6,36.74,44.48,52.49,60.38,67.77,74.36,80,0,79.08
2023,3150109,Municipal,29.6,36.74,44.48,52.49,60.38,67.77,74.36,80,0,77.42
2024,1304203,Municipal,36.78,,44.5,52.51,60.4,67.78,74.36,80,0,89.67
2023,1304203,Municipal,,,44.5,52.51,60.4,67.78,74.36,80,,
2023,2909901,Municipal,29.7,36.77,44.5,52.51,60.4,67.78,74.36,80,0,87.76
2024,2909901,Municipal,22.94,36.77,44.5,52.51,60.4,67.78,74.36,80,0,96.52
2024,2906808,Municipal,23.19,36.8,44.53,52.54,60.41,67.78,74.37,80,0,85.35
2024,2800308,Municipal,47.18,36.8,44.53,52.54,60.41,67.78,74.37,80,1,93.79
2023,2906808,Municipal,29.7,36.8,44.53,52.54,60.41,67.78,74.37,80,0,85.29
2023,2800308,Municipal,29.7,36.8,44.53,52.54,60.41,67.78,74.37,80,0,88.95
2023,1300508,Municipal,29.7,36.81,44.54,52.54,60.42,67.79,74.37,80,0,83.43
2024,1300508,Municipal,24.4,36.81,44.54,52.54,60.42,67.79,74.37,80,0,89.19
2024,1703602,Municipal,68.9,36.84,44.56,52.56,60.43,67.8,74.37,80,3,90.62
2023,1703602,Municipal,29.7,36.84,44.56,52.56,60.43,67.8,74.37,80,0,80.95
2023,2703106,Municipal,29.7,36.85,44.57,52.57,60.44,67.8,74.37,80,0,91.96
2024,2703106,Municipal,24.34,36.85,44.57,52.57,60.44,67.8,74.37,80,0,89.63
2024,3113800,Municipal,62.5,36.86,44.58,52.58,60.44,67.8,74.37,80,3,96.77
2023,3113800,Municipal,29.8,36.86,44.58,52.58,60.44,67.8,74.37,80,0,90.91
2024,1508209,Municipal,37.71,36.87,44.6,52.59,60.45,67.81,74.38,80,0,83.71
2023,1508209,Municipal,29.8,36.87,44.6,52.59,60.45,67.81,74.38,80,0,76.89
2023,2932200,Municipal,29.8,36.89,44.61,52.6,60.46,67.81,74.38,80,0,85.64
2024,2932200,Municipal,31.13,36.89,44.61,52.6,60.46,67.81,74.38,80,0,86.29
2023,2912400,Municipal,29.8,36.9,44.62,52.61,60.47,67.82,74.38,80,0,83.91
2024,2912400,Municipal,36.88,36.9,44.62,52.61,60.47,67.82,74.38,80,0,89.39
2024,2920007,Municipal,32.56,36.93,44.65,52.63,60.48,67.83,74.38,80,0,86.87
2023,2920007,Municipal,29.8,36.93,44.65,52.63,60.48,67.83,74.38,80,0,87.41
2024,1507474,Municipal,40.76,36.94,44.66,52.64,60.49,67.83,74.39,80,1,92.5
2023,1507474,Municipal,29.8,36.94,44.66,52.64,60.49,67.83,74.39,80,0,81.7
2023,2210409,Municipal,29.9,36.96,44.67,52.65,60.5,67.84,74.39,80,0,93.1
2024,2210409,Municipal,45.19,36.96,44.67,52.65,60.5,67.84,74.39,80,1,100
2024,2104081,Municipal,77.76,36.99,44.7,52.67,60.51,67.84,74.39,80,4,91.25
2023,2104081,Municipal,29.9,36.99,44.7,52.67,60.51,67.84,74.39,80,0,95.65
2024,2928208,Municipal,38.7,37.01,44.72,52.69,60.52,67.85,74.39,80,0,93.5
2023,2928208,Municipal,29.9,37.01,44.72,52.69,60.52,67.85,74.39,80,0,91.36
2023,2410603,Municipal,29.9,37.03,44.73,52.7,60.53,67.86,74.4,80,0,92
2024,2410603,Municipal,67.22,37.03,44.73,52.7,60.53,67.86,74.4,80,3,86.36
2023,2910305,Municipal,30,37.06,44.76,52.72,60.54,67.87,74.4,80,0,86.36
2024,2910305,Municipal,35.29,37.06,44.76,52.72,60.54,67.87,74.4,80,0,97.14
2024,2914000,Municipal,34.46,37.07,44.77,52.73,60.55,67.87,74.4,80,0,91.41
2023,2914000,Municipal,30,37.07,44.77,52.73,60.55,67.87,74.4,80,0,84.29
2024,3515806,Municipal,27.27,37.09,44.79,52.75,60.56,67.88,74.41,80,0,100
2023,3515806,Municipal,30,37.09,44.79,52.75,60.56,67.88,74.41,80,0,80
2023,2932705,Municipal,30,37.1,44.8,52.75,60.57,67.88,74.41,80,0,73.68
2024,2932705,Municipal,26.42,37.1,44.8,52.75,60.57,67.88,74.41,80,0,82.38
2023,2705309,Municipal,30,37.11,44.81,52.76,60.57,67.88,74.41,80,0,94.67
2024,2929206,Municipal,25.66,37.11,44.81,52.76,60.57,67.88,74.41,80,0,87.72
2023,2929206,Municipal,30,37.11,44.81,52.76,60.57,67.88,74.41,80,0,85.78
2024,2705309,Municipal,27.99,37.11,44.81,52.76,60.57,67.88,74.41,80,0,98.46
2024,1701101,Municipal,35.78,37.16,44.85,52.79,60.6,67.9,74.42,80,0,84.34
2023,1701101,Municipal,30.1,37.16,44.85,52.79,60.6,67.9,74.42,80,0,89.02
2024,2707404,Municipal,27.47,37.21,44.89,52.83,60.62,67.91,74.42,80,0,93.01
2023,2707404,Municipal,30.1,37.21,44.89,52.83,60.62,67.91,74.42,80,0,86.54
2024,4210704,Municipal,37.3,,45.04,52.95,60.71,67.97,74.45,80,0,75
2023,4210704,Municipal,,,45.04,52.95,60.71,67.97,74.45,80,,
2024,2913457,Municipal,43.64,37.38,45.04,52.95,60.71,67.97,74.45,80,1,90.16
2023,2913457,Municipal,30.3,37.38,45.04,52.95,60.71,67.97,74.45,80,0,90
2024,1702901,Municipal,40.2,37.42,45.08,52.98,60.73,67.98,74.45,80,1,86.61
2023,1702901,Municipal,30.3,37.42,45.08,52.98,60.73,67.98,74.45,80,0,91.25
2024,2405603,Municipal,63.05,37.47,45.13,53.02,60.76,68,74.46,80,3,81.91
2023,2405603,Municipal,30.4,37.47,45.13,53.02,60.76,68,74.46,80,0,85.34
2023,2925709,Municipal,30.4,37.48,45.13,53.02,60.76,68,74.46,80,0,94.07
2024,2925709,Municipal,31.78,37.48,45.13,53.02,60.76,68,74.46,80,0,89.92
2023,4309126,Municipal,,,45.15,53.04,60.77,68,74.46,80,,
2024,4309126,Municipal,37.5,,45.15,53.04,60.77,68,74.46,80,0,80
2024,2405108,Municipal,29.91,37.5,45.15,53.04,60.77,68,74.46,80,0,81.13
2023,2405108,Municipal,30.4,37.5,45.15,53.04,60.77,68,74.46,80,0,93.9
2024,5006903,Municipal,67.46,37.55,45.19,53.07,60.8,68.02,74.47,80,3,86.04
2023,5006903,Municipal,30.5,37.55,45.19,53.07,60.8,68.02,74.47,80,0,93.97
2024,2408300,Municipal,28.42,37.61,45.24,53.11,60.83,68.04,74.48,80,0,81.87
2023,2408300,Municipal,30.5,37.61,45.24,53.11,60.83,68.04,74.48,80,0,78.95
2024,2701209,Municipal,54.19,37.62,45.25,53.12,60.83,68.04,74.48,80,2,97.52
2023,2701209,Municipal,30.6,37.62,45.25,53.12,60.83,68.04,74.48,80,0,95
2024,2917706,Municipal,40.77,37.63,45.26,53.12,60.84,68.04,74.48,80,1,87.59
2023,2917706,Municipal,30.6,37.63,45.26,53.12,60.84,68.04,74.48,80,0,88.82
2023,2700508,Municipal,30.6,37.63,45.27,53.13,60.84,68.04,74.48,80,0,92.2
2024,2700508,Municipal,32.98,37.63,45.27,53.13,60.84,68.04,74.48,80,0,94
2023,2916203,Municipal,30.6,37.65,45.28,53.14,60.85,68.05,74.48,80,0,85.58
2024,2916203,Municipal,35.38,37.65,45.28,53.14,60.85,68.05,74.48,80,0,92.86
2024,5006309,Municipal,55.2,37.71,45.33,53.18,60.88,68.07,74.49,80,2,96.16
2023,5006309,Municipal,30.7,37.71,45.33,53.18,60.88,68.07,74.49,80,0,92.15
2024,1500503,Municipal,38.92,37.74,45.36,53.2,60.89,68.08,74.49,80,0,82.37
2023,1500503,Municipal,30.7,37.74,45.36,53.2,60.89,68.08,74.49,80,0,76.67
2024,2920452,Municipal,37.29,37.76,45.38,53.22,60.9,68.08,74.5,80,0,77.63
2023,2920452,Municipal,30.7,37.76,45.38,53.22,60.9,68.08,74.5,80,0,94.31
2023,2917508,Municipal,30.7,37.79,45.4,53.24,60.92,68.09,74.5,80,0,80.73
2024,2917508,Municipal,28.49,37.79,45.4,53.24,60.92,68.09,74.5,80,0,86.38
2023,2805505,Municipal,30.8,37.82,45.43,53.26,60.94,68.1,74.51,80,0,94.89
2024,2805505,Municipal,40.54,37.82,45.43,53.26,60.94,68.1,74.51,80,1,88.64
2024,1502905,Municipal,33.48,37.86,45.47,53.29,60.96,68.12,74.51,80,0,83.11
2023,1502905,Municipal,30.8,37.86,45.47,53.29,60.96,68.12,74.51,80,0,78.1
2024,2705200,Municipal,41.87,37.86,45.47,53.29,60.96,68.12,74.51,80,1,94.67
2023,1500305,Municipal,30.8,37.86,45.47,53.29,60.96,68.12,74.51,80,0,72.68
2024,1500305,Municipal,38.18,37.86,45.47,53.29,60.96,68.12,74.51,80,0,87.98
2023,2705200,Municipal,30.8,37.86,45.47,53.29,60.96,68.12,74.51,80,0,94.24
2023,1507201,Municipal,30.8,37.87,45.48,53.3,60.96,68.12,74.51,80,0,80.98
2024,1507201,Municipal,32.97,37.87,45.48,53.3,60.96,68.12,74.51,80,0,82.51
2023,2907608,Municipal,30.9,37.9,45.5,53.32,60.97,68.13,74.52,80,0,85.58
2024,2907608,Municipal,25.64,37.9,45.5,53.32,60.97,68.13,74.52,80,0,100
2023,2912103,Municipal,,,45.54,53.35,61,68.14,74.52,80,,
2024,2912103,Municipal,37.95,,45.54,53.35,61,68.14,74.52,80,0,97.08
2023,2921500,Municipal,30.9,37.95,45.54,53.35,61,68.14,74.52,80,0,85.11
2024,2921500,Municipal,27.49,37.95,45.54,53.35,61,68.14,74.52,80,0,86.55
2023,2906402,Municipal,30.9,37.97,45.56,53.36,61.01,68.15,74.52,80,0,89.06
2024,2906402,Municipal,30.77,37.97,45.56,53.36,61.01,68.15,74.52,80,0,98.11
2024,2907806,Municipal,36.31,37.98,45.57,53.37,61.01,68.15,74.53,80,0,87.22
2023,2907806,Municipal,30.9,37.98,45.57,53.37,61.01,68.15,74.53,80,0,85.16
2023,2908903,Municipal,31,37.99,45.58,53.38,61.02,68.16,74.53,80,0,83.23
2024,2908903,Municipal,21.3,37.99,45.58,53.38,61.02,68.16,74.53,80,0,84.92
2024,2922250,Municipal,22.03,38.02,45.61,53.4,61.04,68.16,74.53,80,0,89.39
2023,2922250,Municipal,31,38.02,45.61,53.4,61.04,68.16,74.53,80,0,94.74
2023,2207702,Municipal,31,38.04,45.63,53.42,61.05,68.17,74.53,80,0,82.64
2024,2207702,Municipal,38.42,38.04,45.63,53.42,61.05,68.17,74.53,80,0,87.95
2023,2933604,Municipal,31,38.06,45.64,53.43,61.06,68.18,74.54,80,0,85.19
2023,2916609,Municipal,31,38.06,45.64,53.43,61.06,68.18,74.54,80,0,75.95
2024,2916609,Municipal,36.62,38.06,45.64,53.43,61.06,68.18,74.54,80,0,94.67
2024,2933604,Municipal,32.25,38.06,45.64,53.43,61.06,68.18,74.54,80,0,93.07
2024,1200336,Municipal,38.07,,45.65,53.44,61.06,68.18,74.54,80,0,82.69
2023,1200336,Municipal,,,45.65,53.44,61.06,68.18,74.54,80,,
2023,2800407,Municipal,31,38.07,45.65,53.44,61.06,68.18,74.54,80,0,93.55
2024,2800407,Municipal,28.6,38.07,45.65,53.44,61.06,68.18,74.54,80,0,96.43
2023,2932903,Municipal,31,38.08,45.66,53.44,61.07,68.18,74.54,80,0,81.15
2024,2932903,Municipal,31.89,38.08,45.66,53.44,61.07,68.18,74.54,80,0,87.06
2024,5106778,Municipal,53.25,38.13,45.7,53.48,61.09,68.2,74.55,80,2,87.29
2023,5106778,Municipal,31.1,38.13,45.7,53.48,61.09,68.2,74.55,80,0,88.83
2024,2914653,Municipal,24.92,38.14,45.71,53.48,61.09,68.2,74.55,80,0,91.52
2023,2914653,Municipal,31.1,38.14,45.71,53.48,61.09,68.2,74.55,80,0,86.79
2023,2702405,Municipal,31.1,38.15,45.72,53.49,61.1,68.2,74.55,80,0,95
2024,2702405,Municipal,28.13,38.15,45.72,53.49,61.1,68.2,74.55,80,0,89.74
2023,2918407,Municipal,31.2,38.21,45.77,53.54,61.13,68.22,74.56,80,0,87.69
2024,2918407,Municipal,29.31,38.21,45.77,53.54,61.13,68.22,74.56,80,0,91.19
2023,2411007,Municipal,31.2,38.22,45.78,53.54,61.14,68.23,74.56,80,0,86.54
2024,2411007,Municipal,41.06,38.22,45.78,53.54,61.14,68.23,74.56,80,1,87.18
2023,2900900,Municipal,31.2,38.22,45.78,53.54,61.14,68.23,74.56,80,0,82.19
2024,2900900,Municipal,23.91,38.22,45.78,53.54,61.14,68.23,74.56,80,0,97.87
2024,2401859,Municipal,26.47,38.23,45.79,53.55,61.14,68.23,74.56,80,0,77.38
2024,1600105,Municipal,19.03,38.23,45.79,53.55,61.14,68.23,74.56,80,0,86.55
2023,1600105,Municipal,31.2,38.23,45.79,53.55,61.14,68.23,74.56,80,0,93.62
2023,2401859,Municipal,31.2,38.23,45.79,53.55,61.14,68.23,74.56,80,0,90
2024,1706506,Municipal,45.61,38.24,45.8,53.56,61.15,68.23,74.56,80,1,87.23
2023,1706506,Municipal,31.2,38.24,45.8,53.56,61.15,68.23,74.56,80,0,89.52
2023,2912707,Municipal,31.2,38.26,45.82,53.57,61.16,68.24,74.56,80,0,85.77
2024,2912707,Municipal,22.06,38.26,45.82,53.57,61.16,68.24,74.56,80,0,92.31
2024,1501782,Municipal,50.55,38.27,45.82,53.58,61.16,68.24,74.57,80,2,86.72
2023,1501782,Municipal,31.2,38.27,45.82,53.58,61.16,68.24,74.57,80,0,82.78
2023,2922656,Municipal,31.3,38.28,45.83,53.58,61.17,68.24,74.57,80,0,87.97
2024,2922656,Municipal,26.14,38.28,45.83,53.58,61.17,68.24,74.57,80,0,83.41
2024,2500304,Municipal,28.48,38.31,45.86,53.6,61.18,68.25,74.57,80,0,83.65
2023,2500304,Municipal,31.3,38.31,45.86,53.6,61.18,68.25,74.57,80,0,81.25
2023,2929354,Municipal,31.3,38.32,45.87,53.62,61.19,68.26,74.57,80,0,82.35
2024,2929354,Municipal,27.27,38.32,45.87,53.62,61.19,68.26,74.57,80,0,93.9
2023,2204402,Municipal,31.3,38.32,45.87,53.61,61.18,68.25,74.57,80,0,96.8
2024,2204402,Municipal,39.2,38.32,45.87,53.61,61.18,68.25,74.57,80,0,96.45
2024,5101852,Municipal,82.63,38.34,45.89,53.63,61.2,68.26,74.58,80,5,90.4
2023,5101852,Municipal,31.3,38.34,45.89,53.63,61.2,68.26,74.58,80,0,78.85
2024,2102309,Municipal,57.18,38.42,45.96,53.68,61.24,68.29,74.59,80,2,96.08
2023,2911857,Municipal,31.4,38.42,45.96,53.68,61.24,68.29,74.59,80,0,88.6
2024,2911857,Municipal,36.36,38.42,45.96,53.68,61.24,68.29,74.59,80,0,70.97
2023,2102309,Municipal,31.4,38.42,45.96,53.68,61.24,68.29,74.59,80,0,93.8
2023,2407252,Municipal,31.4,38.44,45.97,53.7,61.25,68.29,74.59,80,0,90.16
2024,2407252,Municipal,60.04,38.44,45.97,53.7,61.25,68.29,74.59,80,3,90
2023,5106505,Municipal,31.4,38.45,45.98,53.7,61.25,68.29,74.59,80,0,91.82
2023,2932309,Municipal,31.4,38.45,45.98,53.7,61.25,68.29,74.59,80,0,80.27
2024,2932309,Municipal,41.9,38.45,45.98,53.7,61.25,68.29,74.59,80,1,78.95
2024,5106505,Municipal,38.36,38.45,45.98,53.7,61.25,68.29,74.59,80,0,91.6
2024,3126604,Municipal,37.5,38.49,46.02,53.74,61.27,68.31,74.6,80,0,100
2023,3126604,Municipal,31.5,38.49,46.02,53.74,61.27,68.31,74.6,80,0,100
2024,2100832,Municipal,39.08,38.52,46.05,53.75,61.29,68.32,74.6,80,0,80.1
2023,2100832,Municipal,31.5,38.52,46.05,53.75,61.29,68.32,74.6,80,0,88.21
2023,2914802,Municipal,31.6,38.61,46.12,53.81,61.33,68.34,74.61,80,0,79.28
2024,2914802,Municipal,29.75,38.61,46.12,53.81,61.33,68.34,74.61,80,0,85.26
2024,2709202,Municipal,47.49,38.63,46.14,53.83,61.34,68.35,74.61,80,1,94.67
2023,2709202,Municipal,31.6,38.63,46.14,53.83,61.34,68.35,74.61,80,0,92.61
2024,3544103,Municipal,57.14,38.67,46.18,53.86,61.36,68.36,74.62,80,2,93.33
2023,3544103,Municipal,31.7,38.67,46.18,53.86,61.36,68.36,74.62,80,0,90
2023,2908200,Municipal,31.7,38.68,46.19,53.87,61.37,68.37,74.62,80,0,83.54
2024,2908200,Municipal,27.46,38.68,46.19,53.87,61.37,68.37,74.62,80,0,84.02
2024,1304005,Municipal,38.73,,46.24,53.91,61.4,68.38,74.63,80,0,86.01
2023,1304005,Municipal,,,46.24,53.91,61.4,68.38,74.63,80,,
2023,2706802,Municipal,31.7,38.74,46.24,53.91,61.4,68.38,74.63,80,0,94.78
2024,2706802,Municipal,42.39,38.74,46.24,53.91,61.4,68.38,74.63,80,1,93.78
2023,2921609,Municipal,31.8,38.78,46.27,53.93,61.41,68.39,74.63,80,0,94.74
2024,2921609,Municipal,28.89,38.78,46.27,53.93,61.41,68.39,74.63,80,0,98.9
2023,2700607,Municipal,31.8,38.79,46.28,53.94,61.42,68.4,74.63,80,0,92.04
2024,2700607,Municipal,39.04,38.79,46.28,53.94,61.42,68.4,74.63,80,0,91.04
2024,2930402,Municipal,36.67,38.83,46.32,53.97,61.44,68.41,74.64,80,0,94.74
2023,2930402,Municipal,31.8,38.83,46.32,53.97,61.44,68.41,74.64,80,0,90.38
2024,2707909,Municipal,38.52,38.86,46.34,53.99,61.46,68.42,74.64,80,0,95.77
2023,2707909,Municipal,31.9,38.86,46.34,53.99,61.46,68.42,74.64,80,0,91.87
2024,2922854,Municipal,27.03,38.9,46.37,54.02,61.48,68.43,74.65,80,0,78.72
2023,2922854,Municipal,31.9,38.9,46.37,54.02,61.48,68.43,74.65,80,0,85
2023,1200427,Municipal,,,46.4,54.04,61.49,68.44,74.65,80,,
2024,1200427,Municipal,38.92,,46.4,54.04,61.49,68.44,74.65,80,0,75.66
2024,3301157,Municipal,34.97,38.93,46.4,54.04,61.49,68.44,74.65,80,0,84.9
2023,3301157,Municipal,31.9,38.93,46.4,54.04,61.49,68.44,74.65,80,0,82.72
2023,1504604,Municipal,32,38.95,46.42,54.06,61.5,68.45,74.66,80,0,81.97
2023,2910800,Municipal,32,38.95,46.42,54.05,61.5,68.45,74.66,80,0,72.75
2024,1504604,Municipal,37.29,38.95,46.42,54.06,61.5,68.45,74.66,80,0,77.17
2024,2910800,Municipal,33.19,38.95,46.42,54.05,61.5,68.45,74.66,80,0,82.72
2023,2401453,Municipal,32,38.99,46.46,54.08,61.52,68.46,74.66,80,0,78.48
2024,2401453,Municipal,44.48,38.99,46.46,54.08,61.52,68.46,74.66,80,1,85.51
2023,3149507,Municipal,32,39,46.46,54.09,61.53,68.46,74.66,80,0,97.78
2024,3149507,Municipal,69.05,39,46.46,54.09,61.53,68.46,74.66,80,3,100
2024,1600709,Municipal,94.21,39.04,46.5,54.12,61.55,68.47,74.67,80,5,91.5
2023,1600709,Municipal,32.1,39.04,46.5,54.12,61.55,68.47,74.67,80,0,92.17
2023,2929008,Municipal,32.1,39.05,46.51,54.12,61.55,68.48,74.67,80,0,81.55
2024,2929008,Municipal,31.33,39.05,46.51,54.12,61.55,68.48,74.67,80,0,95.4
2023,3509809,Municipal,32.1,39.06,46.51,54.13,61.55,68.48,74.67,80,0,91.38
2024,3509809,Municipal,86.59,39.06,46.51,54.13,61.55,68.48,74.67,80,5,93.85
2023,2918605,Municipal,32.1,39.08,46.53,54.14,61.56,68.49,74.67,80,0,91.04
2024,2918605,Municipal,33.33,39.08,46.53,54.14,61.56,68.49,74.67,80,0,97.5
2024,1504703,Municipal,34.29,39.09,46.54,54.15,61.57,68.49,74.67,80,0,84.41
2024,5209408,Municipal,64.58,39.09,46.54,54.15,61.57,68.49,74.67,80,3,100
2023,1504703,Municipal,32.1,39.09,46.54,54.15,61.57,68.49,74.67,80,0,83.65
2023,5209408,Municipal,32.1,39.09,46.54,54.15,61.57,68.49,74.67,80,0,83.78
2023,2409308,Municipal,32.2,39.13,46.58,54.18,61.59,68.5,74.68,80,0,83.33
2024,2409308,Municipal,32.76,39.13,46.58,54.18,61.59,68.5,74.68,80,0,83.33
2023,1715002,Municipal,32.2,39.14,46.59,54.19,61.6,68.5,74.68,80,0,87.88
2023,2408201,Municipal,32.2,39.14,46.59,54.19,61.6,68.5,74.68,80,0,77.92
2024,2408201,Municipal,49.76,39.14,46.59,54.19,61.6,68.5,74.68,80,1,79.3
2024,1715002,Municipal,55.38,39.14,46.59,54.19,61.6,68.5,74.68,80,2,96.67
2023,2706307,Municipal,32.2,39.15,46.59,54.19,61.6,68.51,74.68,80,0,97.27
2024,2706307,Municipal,38.67,39.15,46.59,54.19,61.6,68.51,74.68,80,0,93.46
2023,2901155,Municipal,32.2,39.16,46.6,54.2,61.61,68.51,74.68,80,0,89.96
2024,2901155,Municipal,43.23,39.16,46.6,54.2,61.61,68.51,74.68,80,1,96.97
2024,5002605,Municipal,60.41,39.17,46.61,54.21,61.61,68.51,74.68,80,3,92.39
2023,5002605,Municipal,32.2,39.17,46.61,54.21,61.61,68.51,74.68,80,0,95.35
2024,2933000,Municipal,37.25,39.21,46.64,54.23,61.63,68.52,74.69,80,0,91.07
2023,2933000,Municipal,32.2,39.21,46.64,54.23,61.63,68.52,74.69,80,0,95
2024,2111763,Municipal,64.13,39.21,46.64,54.23,61.63,68.52,74.69,80,3,89.86
2023,2111763,Municipal,32.2,39.21,46.64,54.23,61.63,68.52,74.69,80,0,86.41
2024,2913606,Municipal,26.35,39.22,46.65,54.24,61.63,68.53,74.69,80,0,87.93
2023,2913606,Municipal,32.3,39.22,46.65,54.24,61.63,68.53,74.69,80,0,78.25
2024,2914901,Municipal,31.19,39.28,46.71,54.28,61.67,68.55,74.7,80,0,85.83
2023,2914901,Municipal,32.3,39.28,46.71,54.28,61.67,68.55,74.7,80,0,77.57
2024,2928109,Municipal,26.29,39.29,46.72,54.29,61.67,68.55,74.7,80,0,79.68
2023,2928109,Municipal,32.3,39.29,46.72,54.29,61.67,68.55,74.7,80,0,88.11
2024,2700409,Municipal,44.27,39.32,46.74,54.31,61.68,68.56,74.7,80,1,97.74
2023,2700409,Municipal,32.4,39.32,46.74,54.31,61.68,68.56,74.7,80,0,96.5
2023,2704500,Municipal,32.4,39.36,46.77,54.34,61.7,68.57,74.71,80,0,92.05
2024,2704500,Municipal,45.6,39.36,46.77,54.34,61.7,68.57,74.71,80,1,94.01
2023,3535903,Municipal,32.4,39.38,46.79,54.35,61.71,68.58,74.71,80,0,90.91
2024,3535903,Municipal,82.89,39.38,46.79,54.35,61.71,68.58,74.71,80,5,96.67
2024,4314407,Municipal,39.4,,46.81,54.37,61.73,68.58,74.72,80,0,70.03
2023,4314407,Municipal,,,46.81,54.37,61.73,68.58,74.72,80,,
2024,5102702,Municipal,42.06,39.4,46.81,54.37,61.73,68.58,74.72,80,1,83.93
2023,5102702,Municipal,32.5,39.4,46.81,54.37,61.73,68.58,74.72,80,0,85.77
2024,4202602,Municipal,47.34,39.4,46.81,54.37,61.73,68.58,74.72,80,1,82.72
2023,4202602,Municipal,32.5,39.4,46.81,54.37,61.73,68.58,74.72,80,0,81.33
2023,1710706,Municipal,32.5,39.48,46.88,54.42,61.76,68.61,74.73,80,0,95.31
2024,1710706,Municipal,18.09,39.48,46.88,54.42,61.76,68.61,74.73,80,0,81.67
2023,2503555,Municipal,32.5,39.49,46.89,54.43,61.77,68.61,74.73,80,0,97.46
2024,2503555,Municipal,47.9,39.49,46.89,54.43,61.77,68.61,74.73,80,1,98.13
2024,2933059,Municipal,20.73,39.52,46.92,54.45,61.79,68.62,74.73,80,0,92.13
2023,2901809,Municipal,32.6,39.52,46.92,54.45,61.79,68.62,74.73,80,0,81.25
2024,2901809,Municipal,25.32,39.52,46.92,54.45,61.79,68.62,74.73,80,0,96.34
2023,2933059,Municipal,32.6,39.52,46.92,54.45,61.79,68.62,74.73,80,0,88.7
2024,3515004,Municipal,40.5,39.54,46.94,54.47,61.8,68.63,74.73,80,1,83.16
2023,3515004,Municipal,32.6,39.54,46.94,54.47,61.8,68.63,74.73,80,0,83.73
2023,2200103,Municipal,32.6,39.55,46.94,54.47,61.8,68.63,74.74,80,0,100
2024,2200103,Municipal,60.23,39.55,46.94,54.47,61.8,68.63,74.74,80,3,98.44
2023,2203255,Municipal,32.6,39.57,46.96,54.48,61.81,68.63,74.74,80,0,93.94
2024,2203255,Municipal,27.56,39.57,46.96,54.48,61.81,68.63,74.74,80,0,91.11
2023,2928802,Municipal,32.7,39.59,46.98,54.5,61.82,68.64,74.74,80,0,85.85
2024,2928802,Municipal,31.86,39.59,46.98,54.5,61.82,68.64,74.74,80,0,92.75
2023,2906501,Municipal,32.7,39.6,46.98,54.5,61.82,68.64,74.74,80,0,76.46
2024,2906501,Municipal,36.67,39.6,46.98,54.5,61.82,68.64,74.74,80,0,89.47
2024,2413359,Municipal,27.68,39.61,46.99,54.51,61.83,68.65,74.74,80,0,70.4
2023,2413359,Municipal,32.7,39.61,46.99,54.51,61.83,68.65,74.74,80,0,73.83
2024,2513604,Municipal,52.77,39.63,47.01,54.52,61.84,68.65,74.75,80,2,97.44
2023,2513604,Municipal,32.7,39.63,47.01,54.52,61.84,68.65,74.75,80,0,100
2024,2804607,Municipal,28.39,39.64,47.02,54.53,61.84,68.65,74.75,80,0,96.08
2023,2804607,Municipal,32.7,39.64,47.02,54.53,61.84,68.65,74.75,80,0,89.79
2024,1200807,Municipal,39.69,,47.06,54.56,61.86,68.67,74.75,80,0,72.39
2023,1200807,Municipal,,,47.06,54.56,61.86,68.67,74.75,80,,
2024,3506805,Municipal,49.59,39.68,47.06,54.56,61.86,68.67,74.75,80,1,86.25
2023,3506805,Municipal,32.8,39.68,47.06,54.56,61.86,68.67,74.75,80,0,85.98
2023,1503200,Municipal,32.8,39.7,47.07,54.57,61.87,68.67,74.76,80,0,78.88
2024,1503200,Municipal,40.43,39.7,47.07,54.57,61.87,68.67,74.76,80,1,79.41
2024,2912905,Municipal,37.44,39.72,47.09,54.59,61.88,68.68,74.76,80,0,94.2
2024,2504207,Municipal,96.08,39.72,47.09,54.59,61.88,68.68,74.76,80,5,98.04
2023,2912905,Municipal,32.8,39.72,47.09,54.59,61.88,68.68,74.76,80,0,82.2
2023,2504207,Municipal,32.8,39.72,47.09,54.59,61.88,68.68,74.76,80,0,89.47
2024,2933158,Municipal,17.95,39.73,47.1,54.59,61.89,68.68,74.76,80,0,96.89
2023,2933158,Municipal,32.8,39.73,47.1,54.59,61.89,68.68,74.76,80,0,88.96
2023,3129707,Municipal,32.8,39.73,47.1,54.59,61.89,68.68,74.76,80,0,88.79
2024,3129707,Municipal,73.86,39.73,47.1,54.59,61.89,68.68,74.76,80,4,89.76
2024,2915304,Municipal,25,39.74,47.11,54.6,61.89,68.68,74.76,80,0,93.02
2023,2915304,Municipal,32.8,39.74,47.11,54.6,61.89,68.68,74.76,80,0,84.3
2024,2403756,Municipal,58.82,39.77,47.13,54.62,61.91,68.69,74.76,80,2,94.44
2024,2930600,Municipal,25.69,39.77,47.13,54.62,61.91,68.69,74.76,80,0,94.74
2023,2403756,Municipal,32.8,39.77,47.13,54.62,61.91,68.69,74.76,80,0,86.67
2023,2930600,Municipal,32.8,39.77,47.13,54.62,61.91,68.69,74.76,80,0,82.22
2023,1200393,Municipal,,,47.15,54.63,61.92,68.7,74.77,80,,
2024,1200393,Municipal,39.79,,47.15,54.63,61.92,68.7,74.77,80,0,94.57
2023,1506609,Municipal,,,47.15,54.63,61.92,68.7,74.77,80,,
2024,1506609,Municipal,39.79,,47.15,54.63,61.92,68.7,74.77,80,0,91.51
2024,2916906,Municipal,30,39.79,47.15,54.63,61.92,68.7,74.77,80,0,89.55
2023,2916906,Municipal,32.9,39.79,47.15,54.63,61.92,68.7,74.77,80,0,87.18
2023,1600055,Municipal,32.9,39.84,47.19,54.67,61.94,68.72,74.77,80,0,89.47
2024,1600055,Municipal,73.61,39.84,47.19,54.67,61.94,68.72,74.77,80,4,92.45
2024,2111532,Municipal,55.64,39.87,47.22,54.69,61.96,68.72,74.78,80,2,89.2
2023,2111532,Municipal,33,39.87,47.22,54.69,61.96,68.72,74.78,80,0,91.5
2023,2901353,Municipal,33,39.88,47.23,54.7,61.96,68.73,74.78,80,0,83.06
2024,2901353,Municipal,28.44,39.88,47.23,54.7,61.96,68.73,74.78,80,0,97.32
2024,2922805,Municipal,34.65,39.89,47.23,54.7,61.97,68.73,74.78,80,0,95.28
2023,2922805,Municipal,33,39.89,47.23,54.7,61.97,68.73,74.78,80,0,95.19
2024,2101905,Municipal,59.75,39.93,47.27,54.73,61.98,68.74,74.78,80,2,92.77
2023,2101905,Municipal,33,39.93,47.27,54.73,61.98,68.74,74.78,80,0,90.15
2023,2931301,Municipal,33.1,39.97,47.31,54.76,62.01,68.75,74.79,80,0,85.89
2024,2931301,Municipal,41.82,39.97,47.31,54.76,62.01,68.75,74.79,80,1,95.65
2024,2910701,Municipal,32.37,39.98,47.32,54.77,62.01,68.76,74.79,80,0,93.29
2023,2910701,Municipal,33.1,39.98,47.32,54.77,62.01,68.76,74.79,80,0,77.14
2023,4321832,Municipal,,,47.33,54.78,62.02,68.76,74.79,80,,
2024,4321832,Municipal,40,,47.33,54.78,62.02,68.76,74.79,80,1,100
2024,2932408,Municipal,27.71,40,47.33,54.78,62.02,68.76,74.79,80,0,91.21
2023,2932408,Municipal,33.1,40,47.33,54.78,62.02,68.76,74.79,80,0,84.47
2023,2209351,Municipal,33.1,40.02,47.35,54.79,62.03,68.77,74.8,80,0,92.31
2024,2209351,Municipal,68.1,40.02,47.35,54.79,62.03,68.77,74.8,80,3,95.24
2023,1303908,Municipal,33.1,40.03,47.36,54.8,62.03,68.77,74.8,80,0,79.22
2024,1303908,Municipal,32.06,40.03,47.36,54.8,62.03,68.77,74.8,80,0,93.95
2023,2700706,Municipal,33.2,40.06,47.38,54.82,62.05,68.78,74.8,80,0,96.18
2024,2700706,Municipal,45.96,40.06,47.38,54.82,62.05,68.78,74.8,80,1,96.05
2023,2208403,Municipal,33.2,40.06,47.39,54.82,62.05,68.78,74.8,80,0,97.99
2024,2208403,Municipal,54.59,40.06,47.39,54.82,62.05,68.78,74.8,80,2,97.72
2023,2201960,Municipal,33.2,40.07,47.4,54.83,62.06,68.78,74.8,80,0,92.13
2024,2201960,Municipal,42.58,40.07,47.4,54.83,62.06,68.78,74.8,80,1,95.92
2024,2929255,Municipal,33.54,40.09,47.41,54.84,62.07,68.79,74.81,80,0,88.27
2024,2807105,Municipal,30.35,40.09,47.41,54.84,62.07,68.79,74.81,80,0,96.3
2023,2807105,Municipal,33.2,40.09,47.41,54.84,62.07,68.79,74.81,80,0,92.24
2023,2929255,Municipal,33.2,40.09,47.41,54.84,62.07,68.79,74.81,80,0,90.05
2024,2516300,Municipal,64.53,40.1,47.42,54.85,62.07,68.79,74.81,80,3,96.35
2023,2516300,Municipal,33.2,40.1,47.42,54.85,62.07,68.79,74.81,80,0,89.33
2024,1507805,Municipal,35.9,40.12,47.44,54.86,62.08,68.8,74.81,80,0,80.34
2023,1507805,Municipal,33.2,40.12,47.44,54.86,62.08,68.8,74.81,80,0,82.19
2023,3303500,Municipal,33.2,40.13,47.44,54.87,62.08,68.8,74.81,80,0,77.66
2024,3303500,Municipal,33.42,40.13,47.44,54.87,62.08,68.8,74.81,80,0,81.91
2023,2203354,Municipal,33.2,40.14,47.45,54.88,62.09,68.8,74.81,80,0,90.82
2024,5103437,Municipal,92.97,40.14,47.45,54.88,62.09,68.8,74.81,80,5,98.61
2023,5103437,Municipal,33.2,40.14,47.45,54.88,62.09,68.8,74.81,80,0,84.34
2024,2203354,Municipal,11.96,40.14,47.45,54.88,62.09,68.8,74.81,80,0,88
2024,2102150,Municipal,49.3,40.15,47.46,54.88,62.09,68.81,74.81,80,1,93.94
2023,2102150,Municipal,33.3,40.15,47.46,54.88,62.09,68.81,74.81,80,0,91.07
2024,1300086,Municipal,53.48,40.16,47.47,54.89,62.1,68.81,74.81,80,2,82.05
2023,1300086,Municipal,33.3,40.16,47.47,54.89,62.1,68.81,74.81,80,0,70
2024,4209409,Municipal,34.29,40.16,47.47,54.89,62.1,68.81,74.81,80,0,85.06
2024,2911204,Municipal,47.2,40.16,47.47,54.89,62.1,68.81,74.81,80,1,90.3
2023,2911204,Municipal,33.3,40.16,47.47,54.89,62.1,68.81,74.81,80,0,77.96
2023,4209409,Municipal,33.3,40.16,47.47,54.89,62.1,68.81,74.81,80,0,70.09
2023,2400406,Municipal,33.3,40.19,47.49,54.91,62.11,68.82,74.82,80,0,95.12
2024,2400406,Municipal,39.66,40.19,47.49,54.91,62.11,68.82,74.82,80,0,87.88
2023,2110278,Municipal,33.3,40.2,47.51,54.92,62.12,68.82,74.82,80,0,80.43
2024,2110278,Municipal,39.84,40.2,47.51,54.92,62.12,68.82,74.82,80,0,86.71
2024,3554656,Municipal,30.77,40.22,47.52,54.93,62.13,68.83,74.82,80,0,100
2023,3554656,Municipal,33.3,40.22,47.52,54.93,62.13,68.83,74.82,80,0,93.1
2023,2411700,Municipal,33.4,40.24,47.54,54.95,62.14,68.83,74.83,80,0,89.36
2024,2411700,Municipal,33.62,40.24,47.54,54.95,62.14,68.83,74.83,80,0,87.5
2024,2407906,Municipal,32.92,40.25,47.55,54.95,62.14,68.84,74.83,80,0,91.18
2023,2407906,Municipal,33.4,40.25,47.55,54.95,62.14,68.84,74.83,80,0,80.43
2023,3157609,Municipal,33.4,40.26,47.56,54.96,62.15,68.84,74.83,80,0,84.62
2024,3157609,Municipal,72.51,40.26,47.56,54.96,62.15,68.84,74.83,80,4,97.56
2023,1507102,Municipal,33.4,40.26,47.56,54.96,62.15,68.84,74.83,80,0,74.05
2024,1507102,Municipal,69.85,40.26,47.56,54.96,62.15,68.84,74.83,80,3,80.92
2024,2707206,Municipal,48.87,40.27,47.56,54.96,62.15,68.84,74.83,80,1,98.79
2023,2707206,Municipal,33.4,40.27,47.56,54.96,62.15,68.84,74.83,80,0,93.84
2023,2903805,Municipal,33.4,40.29,47.58,54.98,62.16,68.85,74.83,80,0,84.66
2024,2903805,Municipal,32.14,40.29,47.58,54.98,62.16,68.85,74.83,80,0,97.22
2023,2605707,Municipal,33.4,40.31,47.6,54.99,62.17,68.85,74.83,80,0,87.2
2024,2605707,Municipal,51.67,40.31,47.6,54.99,62.17,68.85,74.83,80,2,95
2023,2928059,Municipal,33.5,40.34,47.63,55.02,62.19,68.86,74.84,80,0,73.97
2024,2928059,Municipal,28.42,40.34,47.63,55.02,62.19,68.86,74.84,80,0,82.61
2023,2703809,Municipal,33.5,40.35,47.64,55.02,62.19,68.87,74.84,80,0,95.44
2024,2703809,Municipal,27.93,40.35,47.64,55.02,62.19,68.87,74.84,80,0,94.97
2024,2928703,Municipal,40.9,40.35,47.64,55.02,62.19,68.87,74.84,80,1,82.22
2023,2928703,Municipal,33.5,40.35,47.64,55.02,62.19,68.87,74.84,80,0,70.98
2024,2111052,Municipal,43.97,40.36,47.64,55.03,62.2,68.87,74.84,80,1,93.97
2023,2111052,Municipal,33.5,40.36,47.64,55.03,62.2,68.87,74.84,80,0,85.51
2024,2516102,Municipal,47.26,40.39,47.67,55.05,62.21,68.88,74.85,80,1,78.72
2023,2516102,Municipal,33.5,40.39,47.67,55.05,62.21,68.88,74.85,80,0,86.14
2024,2801405,Municipal,34.24,40.4,47.68,55.05,62.22,68.88,74.85,80,0,98.45
2023,2801405,Municipal,33.5,40.4,47.68,55.05,62.22,68.88,74.85,80,0,84.43
2024,2801306,Municipal,35.78,40.4,47.68,55.05,62.22,68.88,74.85,80,0,91.12
2023,2801306,Municipal,33.5,40.4,47.68,55.05,62.22,68.88,74.85,80,0,85.25
2024,2905701,Municipal,36.56,40.43,47.7,55.07,62.23,68.89,74.85,80,0,92.03
2023,2905701,Municipal,33.6,40.43,47.7,55.07,62.23,68.89,74.85,80,0,84.94
2024,2900702,Municipal,36.64,40.44,47.72,55.09,62.24,68.89,74.85,80,0,90.06
2023,2900702,Municipal,33.6,40.44,47.72,55.09,62.24,68.89,74.85,80,0,86.23
2024,2209971,Municipal,87.8,40.46,47.73,55.1,62.25,68.9,74.85,80,5,98.29
2023,2209971,Municipal,33.6,40.46,47.73,55.1,62.25,68.9,74.85,80,0,97.83
2024,1507508,Municipal,35.42,40.49,47.76,55.12,62.26,68.91,74.86,80,0,89.55
2023,1507508,Municipal,33.6,40.49,47.76,55.12,62.26,68.91,74.86,80,0,84.85
2023,2913903,Municipal,33.6,40.51,47.77,55.13,62.27,68.91,74.86,80,0,71.8
2024,5004403,Municipal,51.7,40.51,47.77,55.13,62.27,68.91,74.86,80,2,99.19
2023,2209658,Municipal,33.6,40.51,47.77,55.13,62.27,68.91,74.86,80,0,100
2024,2209658,Municipal,36.86,40.51,47.77,55.13,62.27,68.91,74.86,80,0,98.28
2024,2913903,Municipal,25.15,40.51,47.77,55.13,62.27,68.91,74.86,80,0,96.45
2023,5004403,Municipal,33.6,40.51,47.77,55.13,62.27,68.91,74.86,80,0,86.4
2023,5006408,Municipal,33.7,40.53,47.79,55.14,62.28,68.92,74.86,80,0,83.47
2024,5006408,Municipal,55.86,40.53,47.79,55.14,62.28,68.92,74.86,80,2,85.94
2023,2806008,Municipal,33.7,40.54,47.8,55.15,62.28,68.92,74.86,80,0,89.91
2024,2806008,Municipal,38.48,40.54,47.8,55.15,62.28,68.92,74.86,80,0,95.92
2023,2921401,Municipal,33.7,40.59,47.84,55.19,62.31,68.94,74.87,80,0,71.26
2024,2706208,Municipal,51.18,40.59,47.84,55.19,62.31,68.94,74.87,80,2,94.12
2024,2921401,Municipal,29.41,40.59,47.84,55.19,62.31,68.94,74.87,80,0,82.07
2023,2706208,Municipal,33.7,40.59,47.84,55.19,62.31,68.94,74.87,80,0,87.5
2023,2806206,Municipal,33.8,40.63,47.88,55.21,62.33,68.95,74.88,80,0,83.89
2024,2806206,Municipal,44.89,40.63,47.88,55.21,62.33,68.95,74.88,80,1,93.12
2023,1505494,Municipal,33.8,40.66,47.9,55.23,62.34,68.96,74.88,80,0,91.18
2024,1505494,Municipal,44.75,40.66,47.9,55.23,62.34,68.96,74.88,80,1,91.94
2023,2932804,Municipal,33.8,40.69,47.93,55.26,62.36,68.97,74.88,80,0,89.4
2024,2932804,Municipal,33.04,40.69,47.93,55.26,62.36,68.97,74.88,80,0,95.04
2024,2921302,Municipal,46.05,40.72,47.96,55.27,62.37,68.98,74.89,80,1,87.36
2023,2921302,Municipal,33.9,40.72,47.96,55.27,62.37,68.98,74.89,80,0,87.04
2023,2903904,Municipal,33.9,40.73,47.96,55.28,62.38,68.98,74.89,80,0,86.56
2024,2903904,Municipal,34.55,40.73,47.96,55.28,62.38,68.98,74.89,80,0,94.99
2023,2515302,Municipal,33.9,40.74,47.97,55.29,62.38,68.98,74.89,80,0,83.41
2024,2501807,Municipal,36.71,40.74,47.97,55.29,62.38,68.98,74.89,80,0,77.36
2024,2901700,Municipal,25.76,40.74,47.97,55.29,62.38,68.98,74.89,80,0,95.65
2023,2501807,Municipal,33.9,40.74,47.97,55.29,62.38,68.98,74.89,80,0,73.31
2023,2901700,Municipal,33.9,40.74,47.97,55.29,62.38,68.98,74.89,80,0,83.54
2024,2515302,Municipal,39,40.74,47.97,55.29,62.38,68.98,74.89,80,0,88.26
2024,2802106,Municipal,29.77,40.81,48.03,55.33,62.41,69,74.9,80,0,90.94
2024,1500958,Municipal,55.54,40.81,48.03,55.33,62.41,69,74.9,80,2,88.89
2023,1500958,Municipal,34,40.81,48.03,55.33,62.41,69,74.9,80,0,84.65
2023,2802106,Municipal,34,40.81,48.03,55.33,62.41,69,74.9,80,0,88.17
2023,2905602,Municipal,34,40.84,48.06,55.36,62.43,69.01,74.9,80,0,80.95
2024,2905602,Municipal,24.61,40.84,48.06,55.36,62.43,69.01,74.9,80,0,83.77
2023,1703891,Municipal,34.1,40.93,48.13,55.41,62.47,69.04,74.91,80,0,88.64
2024,1703891,Municipal,23.86,40.93,48.13,55.41,62.47,69.04,74.91,80,0,94.44
2024,2514503,Municipal,55.77,40.93,48.14,55.42,62.48,69.04,74.92,80,2,96.4
2023,2514503,Municipal,34.1,40.93,48.14,55.42,62.48,69.04,74.92,80,0,92.7
2024,1303536,Municipal,35.31,41,48.19,55.46,62.51,69.06,74.92,80,0,71.66
2023,2924603,Municipal,34.2,41,48.19,55.46,62.51,69.06,74.92,80,0,89.66
2024,2924603,Municipal,39.19,41,48.19,55.46,62.51,69.06,74.92,80,0,98.23
2023,1303536,Municipal,34.2,41,48.19,55.46,62.51,69.06,74.92,80,0,70.38
2023,2705804,Municipal,34.2,41.05,48.24,55.5,62.53,69.07,74.93,80,0,95.49
2024,2705804,Municipal,36.22,41.05,48.24,55.5,62.53,69.07,74.93,80,0,95.86
2023,1508308,Municipal,34.3,41.1,48.28,55.53,62.56,69.09,74.94,80,0,83.56
2024,1508308,Municipal,38.21,41.1,48.28,55.53,62.56,69.09,74.94,80,0,88.8
2023,2803906,Municipal,34.3,41.11,48.29,55.54,62.56,69.09,74.94,80,0,91.3
2024,1702406,Municipal,61.2,41.11,48.29,55.54,62.56,69.09,74.94,80,3,89.47
2024,2803906,Municipal,36.75,41.11,48.29,55.54,62.56,69.09,74.94,80,0,92.09
2023,1702406,Municipal,34.3,41.11,48.29,55.54,62.56,69.09,74.94,80,0,85.53
2023,2908507,Municipal,34.3,41.12,48.3,55.55,62.57,69.09,74.94,80,0,90.17
2024,2908507,Municipal,37.5,41.12,48.3,55.55,62.57,69.09,74.94,80,0,78.49
2024,5007109,Municipal,42.87,41.16,48.34,55.58,62.59,69.11,74.95,80,1,89.72
2023,5007109,Municipal,34.4,41.16,48.34,55.58,62.59,69.11,74.95,80,0,87.81
2023,2916708,Municipal,34.4,41.17,48.34,55.58,62.59,69.11,74.95,80,0,97.33
2023,5211008,Municipal,34.4,41.17,48.34,55.58,62.59,69.11,74.95,80,0,93.07
2024,5211008,Municipal,73.21,41.17,48.34,55.58,62.59,69.11,74.95,80,4,91.26
2024,2916708,Municipal,34.25,41.17,48.34,55.58,62.59,69.11,74.95,80,0,98.65
2023,2915502,Municipal,34.4,41.18,48.35,55.59,62.6,69.11,74.95,80,0,77.4
2024,2915502,Municipal,34.09,41.18,48.35,55.59,62.6,69.11,74.95,80,0,92.63
2023,2926608,Municipal,34.4,41.2,48.37,55.6,62.61,69.12,74.95,80,0,87.69
2024,2926608,Municipal,40.72,41.2,48.37,55.6,62.61,69.12,74.95,80,1,90.27
2024,1721208,Municipal,35.44,41.22,48.38,55.61,62.61,69.12,74.95,80,0,90.08
2023,1721208,Municipal,34.4,41.22,48.38,55.61,62.61,69.12,74.95,80,0,94.84
2024,4216503,Municipal,43.26,41.26,48.42,55.64,62.63,69.13,74.96,80,1,88.84
2023,4216503,Municipal,34.5,41.26,48.42,55.64,62.63,69.13,74.96,80,0,82.18
2023,2923100,Municipal,34.5,41.3,48.45,55.67,62.65,69.15,74.96,80,0,89.13
2024,2923100,Municipal,21.29,41.3,48.45,55.67,62.65,69.15,74.96,80,0,92.66
2024,2708709,Municipal,50.67,41.31,48.46,55.68,62.66,69.15,74.96,80,2,95.09
2023,2708709,Municipal,34.5,41.31,48.46,55.68,62.66,69.15,74.96,80,0,97.48
2024,1505304,Municipal,30.61,41.32,48.47,55.68,62.66,69.15,74.97,80,0,82.29
2023,1505304,Municipal,34.5,41.32,48.47,55.68,62.66,69.15,74.97,80,0,74.67
2024,2702207,Municipal,54.67,41.33,48.48,55.69,62.67,69.16,74.97,80,2,100
2023,2702207,Municipal,34.5,41.33,48.48,55.69,62.67,69.16,74.97,80,0,88.24
2023,2702553,Municipal,34.6,41.35,48.49,55.7,62.68,69.16,74.97,80,0,94.57
2024,2702553,Municipal,36.15,41.35,48.49,55.7,62.68,69.16,74.97,80,0,91.95
2023,2907707,Municipal,34.6,41.36,48.5,55.71,62.68,69.16,74.97,80,0,98.36
2024,2907707,Municipal,36.19,41.36,48.5,55.71,62.68,69.16,74.97,80,0,97.22
2023,2612901,Municipal,34.6,41.36,48.5,55.71,62.68,69.16,74.97,80,0,91.59
2024,2612901,Municipal,71.07,41.36,48.5,55.71,62.68,69.16,74.97,80,4,93.42
2023,2900108,Municipal,34.6,41.37,48.51,55.71,62.69,69.17,74.97,80,0,89.39
2024,2900108,Municipal,42.42,41.37,48.51,55.71,62.69,69.17,74.97,80,1,89.19
2023,2806602,Municipal,34.6,41.37,48.51,55.71,62.69,69.17,74.97,80,0,84.38
2024,2806602,Municipal,26.79,41.37,48.51,55.71,62.69,69.17,74.97,80,0,100
2024,2703908,Municipal,44.34,41.39,48.53,55.73,62.7,69.17,74.98,80,1,94.55
2023,2703908,Municipal,34.6,41.39,48.53,55.73,62.7,69.17,74.98,80,0,97.92
2023,2910727,Municipal,34.6,41.41,48.55,55.75,62.71,69.18,74.98,80,0,81.36
2024,2910727,Municipal,38.37,41.41,48.55,55.75,62.71,69.18,74.98,80,0,86.48
2023,2511806,Municipal,34.6,41.41,48.55,55.75,62.71,69.18,74.98,80,0,75.58
2024,2511806,Municipal,41.49,41.41,48.55,55.75,62.71,69.18,74.98,80,1,80.82
2024,2412203,Municipal,34.77,41.43,48.56,55.76,62.72,69.19,74.98,80,0,81.12
2023,2918357,Municipal,34.6,41.43,48.56,55.76,62.72,69.19,74.98,80,0,88.96
2024,2909802,Municipal,33.56,41.43,48.56,55.76,62.72,69.19,74.98,80,0,85.54
2023,2909802,Municipal,34.6,41.43,48.56,55.76,62.72,69.19,74.98,80,0,78.04
2023,2412203,Municipal,34.6,41.43,48.56,55.76,62.72,69.19,74.98,80,0,76.47
2024,2918357,Municipal,53.15,41.43,48.56,55.76,62.72,69.19,74.98,80,2,93.73
2024,5102694,Municipal,78.89,41.47,48.6,55.78,62.73,69.2,74.98,80,4,90.12
2023,5102694,Municipal,34.7,41.47,48.6,55.78,62.73,69.2,74.98,80,0,91.95
2024,3150539,Municipal,81.43,41.49,48.61,55.79,62.74,69.2,74.99,80,5,92.31
2023,3150539,Municipal,34.7,41.49,48.61,55.79,62.74,69.2,74.99,80,0,85.19
2023,2702801,Municipal,34.7,41.5,48.62,55.8,62.75,69.2,74.99,80,0,95.89
2024,2702801,Municipal,49.34,41.5,48.62,55.8,62.75,69.2,74.99,80,1,93.45
2023,3300456,Municipal,34.7,41.51,48.64,55.81,62.76,69.21,74.99,80,0,79.77
2024,3300456,Municipal,38.9,41.51,48.64,55.81,62.76,69.21,74.99,80,0,70.02
2024,1720655,Municipal,37.39,41.52,48.64,55.82,62.76,69.21,74.99,80,0,85.23
2023,2406502,Municipal,34.7,41.52,48.64,55.82,62.76,69.21,74.99,80,0,92.04
2024,2406502,Municipal,35.61,41.52,48.64,55.82,62.76,69.21,74.99,80,0,87.03
2023,1720655,Municipal,34.7,41.52,48.64,55.82,62.76,69.21,74.99,80,0,90.36
2024,5108501,Municipal,52.77,41.54,48.66,55.83,62.77,69.22,74.99,80,2,91.19
2023,5108501,Municipal,34.8,41.54,48.66,55.83,62.77,69.22,74.99,80,0,89.23
2024,2806909,Municipal,81.25,41.56,48.68,55.84,62.78,69.22,75,80,5,94.12
2023,2507309,Municipal,34.8,41.56,48.68,55.84,62.78,69.22,75,80,0,79.08
2023,2806909,Municipal,34.8,41.56,48.68,55.84,62.78,69.22,75,80,0,76.67
2023,3529658,Municipal,34.8,41.56,48.68,55.84,62.78,69.22,75,80,0,85.19
2024,2507309,Municipal,51.18,41.56,48.68,55.84,62.78,69.22,75,80,2,82.48
2024,3529658,Municipal,56.25,41.56,48.68,55.84,62.78,69.22,75,80,2,94.12
2023,2708006,Municipal,34.8,41.57,48.68,55.85,62.78,69.23,75,80,0,96.12
2024,2708006,Municipal,44.16,41.57,48.68,55.85,62.78,69.23,75,80,1,97.71
2023,2112274,Municipal,34.8,41.57,48.68,55.85,62.78,69.23,75,80,0,86.17
2024,2112274,Municipal,36.17,41.57,48.68,55.85,62.78,69.23,75,80,0,96.05
2023,2913804,Municipal,34.8,41.61,48.71,55.88,62.8,69.24,75,80,0,89.89
2024,2913804,Municipal,46.51,41.61,48.71,55.88,62.8,69.24,75,80,1,94.51
2023,5107859,Municipal,34.8,41.62,48.72,55.88,62.8,69.24,75,80,0,81.12
2024,5107859,Municipal,33.38,41.62,48.72,55.88,62.8,69.24,75,80,0,87.74
2024,2925501,Municipal,28.97,41.65,48.75,55.91,62.82,69.25,75.01,80,0,80.86
2023,2925501,Municipal,34.9,41.65,48.75,55.91,62.82,69.25,75.01,80,0,83.04
2023,1707306,Municipal,35,41.72,48.81,55.95,62.85,69.27,75.02,80,0,85
2024,1707306,Municipal,68.54,41.72,48.81,55.95,62.85,69.27,75.02,80,3,83.33
2024,2106706,Municipal,55.82,41.77,48.86,55.99,62.88,69.28,75.02,80,2,90.76
2023,2106706,Municipal,35,41.77,48.86,55.99,62.88,69.28,75.02,80,0,92.21
2023,3522901,Municipal,35,41.78,48.86,55.99,62.88,69.29,75.02,80,0,86.71
2024,3522901,Municipal,53.04,41.78,48.86,55.99,62.88,69.29,75.02,80,2,89.63
2023,2105500,Municipal,35,41.8,48.88,56.01,62.89,69.29,75.03,80,0,89.44
2024,2105500,Municipal,55.83,41.8,48.88,56.01,62.89,69.29,75.03,80,2,87.5
2024,1600204,Municipal,39.25,41.81,48.89,56.01,62.9,69.3,75.03,80,0,81.05
2023,1600204,Municipal,35.1,41.81,48.89,56.01,62.9,69.3,75.03,80,0,92.63
2023,1710904,Municipal,35.1,41.84,48.92,56.04,62.91,69.31,75.03,80,0,96.08
2024,1710904,Municipal,53.53,41.84,48.92,56.04,62.91,69.31,75.03,80,2,93.75
2023,2506400,Municipal,35.1,41.85,48.93,56.04,62.92,69.31,75.03,80,0,89.92
2024,2506400,Municipal,27.02,41.85,48.93,56.04,62.92,69.31,75.03,80,0,91.58
2023,3537206,Municipal,35.1,41.87,48.94,56.06,62.93,69.31,75.04,80,0,81.25
2024,3537206,Municipal,45.97,41.87,48.94,56.06,62.93,69.31,75.04,80,1,89.08
2024,1702208,Municipal,50.5,41.9,48.97,56.07,62.94,69.32,75.04,80,2,84.55
2023,1702208,Municipal,35.2,41.9,48.97,56.07,62.94,69.32,75.04,80,0,87.46
2023,1722081,Municipal,35.2,41.91,48.97,56.08,62.95,69.32,75.04,80,0,86.18
2024,1722081,Municipal,41.89,41.91,48.97,56.08,62.95,69.32,75.04,80,1,81.74
2024,2501005,Municipal,40.53,41.93,48.99,56.09,62.95,69.33,75.04,80,1,88.67
2023,2501005,Municipal,35.2,41.93,48.99,56.09,62.95,69.33,75.04,80,0,95.24
2023,4316402,Municipal,35.2,41.94,49,56.1,62.96,69.33,75.04,80,0,74.42
2024,2702603,Municipal,44.46,41.94,49,56.1,62.96,69.34,75.05,80,1,96.12
2023,2702603,Municipal,35.2,41.94,49,56.1,62.96,69.34,75.05,80,0,98.54
2024,4316402,Municipal,34.1,41.94,49,56.1,62.96,69.33,75.04,80,0,76.87
2023,3150208,Municipal,35.2,41.95,49.01,56.11,62.97,69.34,75.05,80,0,96.08
2024,3150208,Municipal,80.01,41.95,49.01,56.11,62.97,69.34,75.05,80,5,85.71
2024,1716653,Municipal,61.79,41.97,49.03,56.12,62.98,69.34,75.05,80,3,93.22
2023,1716653,Municipal,35.2,41.97,49.03,56.12,62.98,69.34,75.05,80,0,89.09
2023,2705101,Municipal,35.3,41.99,49.04,56.14,62.98,69.35,75.05,80,0,96.74
2024,2705101,Municipal,48.77,41.99,49.04,56.14,62.98,69.35,75.05,80,1,98.08
2023,2208205,Municipal,35.3,42.01,49.06,56.15,62.99,69.35,75.05,80,0,97.12
2024,2208205,Municipal,58.16,42.01,49.06,56.15,62.99,69.35,75.05,80,2,98.5
2024,5005004,Municipal,53.84,42.02,49.07,56.15,63,69.36,75.06,80,2,83.72
2024,2705408,Municipal,31.11,42.02,49.07,56.15,63,69.36,75.06,80,0,100
2023,2705408,Municipal,35.3,42.02,49.07,56.15,63,69.36,75.06,80,0,97.44
2023,5005004,Municipal,35.3,42.02,49.07,56.15,63,69.36,75.06,80,0,83.83
2023,1303569,Municipal,35.3,42.05,49.09,56.17,63.01,69.36,75.06,80,0,71.03
2024,1303569,Municipal,46.76,42.05,49.09,56.17,63.01,69.36,75.06,80,1,80.73
2024,2108405,Municipal,61.02,42.07,49.11,56.19,63.02,69.37,75.06,80,3,93.33
2023,2108405,Municipal,35.3,42.07,49.11,56.19,63.02,69.37,75.06,80,0,91.3
2023,2500908,Municipal,35.4,42.08,49.12,56.2,63.03,69.38,75.06,80,0,82.35
2024,2500908,Municipal,52.9,42.08,49.12,56.2,63.03,69.38,75.06,80,2,98.15
2024,1711803,Municipal,49.1,42.09,49.13,56.2,63.03,69.38,75.06,80,1,97.3
2023,1711803,Municipal,35.4,42.09,49.13,56.2,63.03,69.38,75.06,80,0,90
2024,2905107,Municipal,36.71,42.1,49.14,56.21,63.04,69.38,75.07,80,0,96.34
2023,2905107,Municipal,35.4,42.1,49.14,56.21,63.04,69.38,75.07,80,0,94.23
2023,3304102,Municipal,35.4,42.11,49.15,56.22,63.04,69.38,75.07,80,0,75
2024,3304102,Municipal,52.38,42.11,49.15,56.22,63.04,69.38,75.07,80,2,88.49
2024,1702109,Municipal,50.51,42.16,49.19,56.25,63.07,69.4,75.07,80,2,87.26
2023,1702109,Municipal,35.4,42.16,49.19,56.25,63.07,69.4,75.07,80,0,86.32
2024,1200203,Municipal,42.18,,49.2,56.26,63.07,69.4,75.08,80,1,72.8
2023,1200203,Municipal,,,49.2,56.26,63.07,69.4,75.08,80,,
2024,2609303,Municipal,57.83,42.17,49.2,56.26,63.07,69.4,75.08,80,2,98.81
2023,2609303,Municipal,35.5,42.17,49.2,56.26,63.07,69.4,75.08,80,0,93.61
2023,4311205,Municipal,,,49.24,56.29,63.09,69.42,75.08,80,,
2024,4311205,Municipal,42.2,,49.24,56.29,63.09,69.42,75.08,80,1,72.39
2023,2910057,Municipal,35.5,42.22,49.24,56.29,63.09,69.42,75.08,80,0,77.76
2024,2910057,Municipal,32.25,42.22,49.24,56.29,63.09,69.42,75.08,80,0,86.05
2023,2209609,Municipal,35.6,42.27,49.29,56.33,63.12,69.43,75.09,80,0,90
2024,2209609,Municipal,64.29,42.27,49.29,56.33,63.12,69.43,75.09,80,3,100
2024,2402006,Municipal,44.58,42.3,49.31,56.34,63.13,69.44,75.09,80,1,77.71
2023,2402006,Municipal,35.6,42.3,49.31,56.34,63.13,69.44,75.09,80,0,85.95
2024,2803500,Municipal,31.27,42.31,49.32,56.35,63.14,69.44,75.09,80,0,92.09
2024,5103353,Municipal,54.24,42.31,49.32,56.35,63.14,69.44,75.09,80,2,92.39
2023,5103353,Municipal,35.6,42.31,49.32,56.35,63.14,69.44,75.09,80,0,86.84
2023,2803500,Municipal,35.6,42.31,49.32,56.35,63.14,69.44,75.09,80,0,88.04
2024,1703057,Municipal,36.96,42.34,49.34,56.37,63.15,69.45,75.1,80,0,97.83
2023,1703057,Municipal,35.6,42.34,49.34,56.37,63.15,69.45,75.1,80,0,80.43
2023,1504950,Municipal,35.6,42.35,49.35,56.38,63.16,69.45,75.1,80,0,75.18
2024,1504950,Municipal,50.02,42.35,49.35,56.38,63.16,69.45,75.1,80,2,87.2
2024,3125002,Municipal,64.41,42.36,49.36,56.38,63.16,69.45,75.1,80,3,100
2023,3125002,Municipal,35.7,42.36,49.36,56.38,63.16,69.45,75.1,80,0,94.74
2024,2102754,Municipal,91.14,42.37,49.37,56.39,63.17,69.46,75.1,80,5,94.39
2023,2102754,Municipal,35.7,42.37,49.37,56.39,63.17,69.46,75.1,80,0,92.13
2024,3116902,Municipal,74.3,42.41,49.4,56.42,63.19,69.47,75.11,80,4,90.7
2023,3116902,Municipal,35.7,42.41,49.4,56.42,63.19,69.47,75.11,80,0,95.12
2024,2702900,Municipal,39.96,42.43,49.42,56.43,63.19,69.48,75.11,80,0,94.27
2023,2702900,Municipal,35.7,42.43,49.42,56.43,63.19,69.48,75.11,80,0,96.35
2023,1200344,Municipal,,,49.47,56.47,63.22,69.49,75.12,80,,
2024,1200344,Municipal,42.51,,49.47,56.47,63.22,69.49,75.12,80,1,85.14
2023,2903409,Municipal,35.8,42.49,49.47,56.47,63.22,69.49,75.12,80,0,79.83
2024,2903409,Municipal,33.93,42.49,49.47,56.47,63.22,69.49,75.12,80,0,90.32
2024,2930907,Municipal,43.31,42.53,49.5,56.5,63.24,69.5,75.12,80,1,96.21
2023,2930907,Municipal,35.8,42.53,49.5,56.5,63.24,69.5,75.12,80,0,89.43
2024,2918555,Municipal,31.58,42.54,49.51,56.5,63.25,69.51,75.12,80,0,91.94
2023,2918555,Municipal,35.9,42.54,49.51,56.5,63.25,69.51,75.12,80,0,84.71
2023,2906857,Municipal,35.9,42.56,49.53,56.52,63.25,69.51,75.12,80,0,81.25
2024,2906857,Municipal,45.45,42.56,49.53,56.52,63.25,69.51,75.12,80,1,90.41
2023,3115458,Municipal,35.9,42.58,49.55,56.53,63.27,69.52,75.13,80,0,92.13
2024,3115458,Municipal,66.72,42.58,49.55,56.53,63.27,69.52,75.13,80,3,89.9
2023,2911402,Municipal,35.9,42.59,49.56,56.54,63.27,69.52,75.13,80,0,85.42
2023,2410405,Municipal,35.9,42.59,49.56,56.54,63.27,69.52,75.13,80,0,86.92
2024,2410405,Municipal,36.22,42.59,49.56,56.54,63.27,69.52,75.13,80,0,78.1
2024,2911402,Municipal,29.69,42.59,49.56,56.54,63.27,69.52,75.13,80,0,98.46
2024,2923308,Municipal,50.59,42.62,49.58,56.56,63.29,69.53,75.13,80,2,94.44
2023,2923308,Municipal,35.9,42.62,49.58,56.56,63.29,69.53,75.13,80,0,87.64
2023,3115300,Municipal,36,42.67,49.63,56.6,63.31,69.55,75.14,80,0,82.48
2024,3115300,Municipal,60.22,42.67,49.63,56.6,63.31,69.55,75.14,80,3,79.08
2023,2100477,Municipal,36,42.71,49.66,56.62,63.33,69.56,75.14,80,0,93.83
2024,2100477,Municipal,56.29,42.71,49.66,56.62,63.33,69.56,75.14,80,2,93.79
2023,2703700,Municipal,36.1,42.72,49.67,56.63,63.33,69.56,75.15,80,0,96
2024,2703700,Municipal,40.27,42.72,49.67,56.63,63.33,69.56,75.15,80,1,96.88
2023,2922607,Municipal,36.1,42.73,49.67,56.63,63.34,69.56,75.15,80,0,86.02
2024,5106422,Municipal,41.77,42.73,49.67,56.63,63.34,69.56,75.15,80,1,89.64
2024,2922607,Municipal,50.52,42.73,49.67,56.63,63.34,69.56,75.15,80,2,98.98
2023,5106422,Municipal,36.1,42.73,49.67,56.63,63.34,69.56,75.15,80,0,84.64
2023,1709302,Municipal,36.1,42.74,49.68,56.64,63.34,69.57,75.15,80,0,81.61
2024,1709302,Municipal,48.16,42.74,49.68,56.64,63.34,69.57,75.15,80,1,83.27
2024,2902906,Municipal,30.6,42.76,49.7,56.65,63.35,69.57,75.15,80,0,96.06
2023,2902906,Municipal,36.1,42.76,49.7,56.65,63.35,69.57,75.15,80,0,91.89
2023,2506301,Municipal,36.1,42.78,49.72,56.67,63.36,69.58,75.15,80,0,87.7
2024,2506301,Municipal,59.62,42.78,49.72,56.67,63.36,69.58,75.15,80,2,89.22
2024,2401305,Municipal,43.77,42.79,49.73,56.67,63.37,69.58,75.15,80,1,91.03
2023,2401305,Municipal,36.1,42.79,49.73,56.67,63.37,69.58,75.15,80,0,80.72
2024,2609907,Municipal,30.78,42.82,49.75,56.69,63.38,69.59,75.16,80,0,89.16
2023,2609907,Municipal,36.2,42.82,49.75,56.69,63.38,69.59,75.16,80,0,91.34
2023,2930154,Municipal,36.2,42.83,49.76,56.7,63.38,69.59,75.16,80,0,73.91
2024,2930154,Municipal,26.65,42.83,49.76,56.7,63.38,69.59,75.16,80,0,97.34
2023,1504901,Municipal,36.2,42.83,49.76,56.7,63.38,69.59,75.16,80,0,87.5
2023,2919306,Municipal,36.2,42.83,49.76,56.7,63.38,69.59,75.16,80,0,89.8
2024,1504901,Municipal,33.63,42.83,49.76,56.7,63.38,69.59,75.16,80,0,91.78
2024,2919306,Municipal,37.66,42.83,49.76,56.7,63.38,69.59,75.16,80,0,85.56
2024,5007901,Municipal,39.84,42.85,49.77,56.71,63.39,69.6,75.16,80,0,77.98
2023,5007901,Municipal,36.2,42.85,49.77,56.71,63.39,69.6,75.16,80,0,80.16
2024,2921708,Municipal,28.31,42.87,49.79,56.72,63.4,69.6,75.16,80,0,94.4
2023,2921708,Municipal,36.2,42.87,49.79,56.72,63.4,69.6,75.16,80,0,88.22
2024,2403806,Municipal,43.75,42.91,49.83,56.75,63.42,69.62,75.17,80,1,88.89
2023,2403806,Municipal,36.3,42.91,49.83,56.75,63.42,69.62,75.17,80,0,75.61
2023,2902609,Municipal,36.3,42.94,49.85,56.77,63.44,69.62,75.17,80,0,79.89
2024,2902609,Municipal,36.78,42.94,49.85,56.77,63.44,69.62,75.17,80,0,89.69
2024,2412401,Municipal,56.41,42.95,49.86,56.78,63.44,69.63,75.17,80,2,90
2023,2412401,Municipal,36.3,42.95,49.86,56.78,63.44,69.63,75.17,80,0,96
2024,2503902,Municipal,68.64,42.98,49.89,56.8,63.46,69.64,75.18,80,3,96.92
2023,2503902,Municipal,36.3,42.98,49.89,56.8,63.46,69.64,75.18,80,0,93.33
2023,1721257,Municipal,36.4,43,49.91,56.81,63.47,69.64,75.18,80,0,100
2024,1721257,Municipal,66.67,43,49.91,56.81,63.47,69.64,75.18,80,3,88.89
2023,3522802,Municipal,36.4,43,49.91,56.81,63.47,69.64,75.18,80,0,92.91
2024,3522802,Municipal,70.1,43,49.91,56.81,63.47,69.64,75.18,80,4,91.04
2023,2929305,Municipal,36.4,43.04,49.94,56.84,63.48,69.65,75.19,80,0,77.69
2024,2929305,Municipal,24.63,43.04,49.94,56.84,63.48,69.65,75.19,80,0,86.02
2024,1600550,Municipal,30.66,43.05,49.94,56.84,63.49,69.65,75.19,80,0,88.89
2024,1500404,Municipal,34.75,43.05,49.94,56.84,63.49,69.65,75.19,80,0,83.43
2023,1600550,Municipal,36.4,43.05,49.94,56.84,63.49,69.65,75.19,80,0,93.81
2023,1500404,Municipal,36.4,43.05,49.94,56.84,63.49,69.65,75.19,80,0,83.24
2024,3536703,Municipal,46.77,43.06,49.95,56.85,63.49,69.66,75.19,80,1,91.95
2023,3536703,Municipal,36.4,43.06,49.95,56.85,63.49,69.66,75.19,80,0,87.58
2023,2109759,Municipal,36.5,43.08,49.98,56.87,63.5,69.66,75.19,80,0,93.22
2024,2109759,Municipal,40.91,43.08,49.98,56.87,63.5,69.66,75.19,80,1,100
2024,2510006,Municipal,63.86,43.11,50,56.89,63.52,69.67,75.19,80,3,91.3
2023,2510006,Municipal,36.5,43.11,50,56.89,63.52,69.67,75.19,80,0,89.66
2023,1303809,Municipal,36.5,43.12,50.01,56.89,63.52,69.68,75.2,80,0,78.83
2024,1303809,Municipal,31.59,43.12,50.01,56.89,63.52,69.68,75.2,80,0,91.89
2024,2926905,Municipal,15.62,43.13,50.01,56.9,63.53,69.68,75.2,80,0,80
2023,2926905,Municipal,36.5,43.13,50.01,56.9,63.53,69.68,75.2,80,0,91.38
2024,2404507,Municipal,43.15,,50.03,56.91,63.53,69.68,75.2,80,1,76.67
2023,2404507,Municipal,,,50.03,56.91,63.53,69.68,75.2,80,,
2024,4211108,Municipal,43.19,,50.04,56.92,63.54,69.69,75.2,80,1,73.17
2023,4211108,Municipal,,,50.04,56.92,63.54,69.69,75.2,80,,
2023,2901205,Municipal,36.5,43.17,50.04,56.92,63.54,69.69,75.2,80,0,86.41
2023,2413904,Municipal,36.5,43.17,50.04,56.92,63.54,69.69,75.2,80,0,85.42
2024,2901205,Municipal,32.17,43.17,50.04,56.92,63.54,69.69,75.2,80,0,95.04
2024,2413904,Municipal,17.68,43.17,50.04,56.92,63.54,69.69,75.2,80,0,88.73
2023,2707305,Municipal,36.6,43.17,50.05,56.93,63.55,69.69,75.2,80,0,93.25
2024,2707305,Municipal,45.99,43.17,50.05,56.93,63.55,69.69,75.2,80,1,94.9
2023,1302306,Municipal,36.6,43.26,50.12,56.98,63.59,69.71,75.21,80,0,72.75
2024,1302306,Municipal,30.91,43.26,50.12,56.98,63.59,69.71,75.21,80,0,85.12
2024,2203750,Municipal,52,43.27,50.13,56.99,63.59,69.72,75.21,80,2,100
2023,2203750,Municipal,36.7,43.27,50.13,56.99,63.59,69.72,75.21,80,0,97.14
2024,2708808,Municipal,42.43,43.27,50.14,57,63.59,69.72,75.22,80,1,95.73
2023,2708808,Municipal,36.7,43.27,50.14,57,63.59,69.72,75.22,80,0,91.12
2023,2902054,Municipal,36.7,43.28,50.14,57,63.6,69.72,75.22,80,0,92.79
2024,2902054,Municipal,38.26,43.28,50.14,57,63.6,69.72,75.22,80,0,98.29
2023,2905909,Municipal,36.7,43.29,50.15,57.01,63.6,69.72,75.22,80,0,75.1
2024,2905909,Municipal,28.04,43.29,50.15,57.01,63.6,69.72,75.22,80,0,82.89
2024,2909307,Municipal,26.64,43.32,50.18,57.03,63.62,69.73,75.22,80,0,77.54
2023,2909307,Municipal,36.7,43.32,50.18,57.03,63.62,69.73,75.22,80,0,82.86
2024,1503309,Municipal,41.34,43.33,50.18,57.03,63.62,69.74,75.22,80,1,83.22
2023,1503309,Municipal,36.7,43.33,50.18,57.03,63.62,69.74,75.22,80,0,79.52
2023,2514107,Municipal,36.7,43.34,50.19,57.04,63.62,69.74,75.22,80,0,100
2024,2514107,Municipal,48.38,43.34,50.19,57.04,63.62,69.74,75.22,80,1,97.06
2024,2906006,Municipal,39.03,43.38,50.23,57.07,63.65,69.75,75.23,80,0,95.83
2023,2906006,Municipal,36.8,43.38,50.23,57.07,63.65,69.75,75.23,80,0,88.44
2023,2401008,Municipal,36.9,43.46,50.29,57.12,63.68,69.77,75.24,80,0,78.71
2024,2401008,Municipal,48.86,43.46,50.29,57.12,63.68,69.77,75.24,80,1,84.82
2024,4110052,Municipal,43.48,,50.31,57.13,63.69,69.78,75.24,80,1,92
2023,4110052,Municipal,,,50.31,57.13,63.69,69.78,75.24,80,,
2024,2707701,Municipal,38.78,43.48,50.31,57.13,63.69,69.78,75.24,80,0,90.58
2023,2707701,Municipal,36.9,43.48,50.31,57.13,63.69,69.78,75.24,80,0,92.79
2023,2109205,Municipal,36.9,43.48,50.31,57.13,63.69,69.78,75.24,80,0,87.69
2024,2109205,Municipal,57.94,43.48,50.31,57.13,63.69,69.78,75.24,80,2,97.62
2024,2905404,Municipal,32.87,43.5,50.33,57.15,63.7,69.78,75.24,80,0,89.66
2023,2905404,Municipal,36.9,43.5,50.33,57.15,63.7,69.78,75.24,80,0,79.89
2024,2911600,Municipal,29.08,43.51,50.34,57.15,63.71,69.79,75.25,80,0,89.81
2023,2911600,Municipal,36.9,43.51,50.34,57.15,63.71,69.79,75.25,80,0,83.97
2023,2915205,Municipal,36.9,43.51,50.34,57.15,63.71,69.79,75.25,80,0,92.25
2024,2915205,Municipal,44.21,43.51,50.34,57.15,63.71,69.79,75.25,80,1,82.61
2023,1101757,Municipal,37,43.54,50.36,57.17,63.72,69.79,75.25,80,0,80.88
2024,1101757,Municipal,55.65,43.54,50.36,57.17,63.72,69.79,75.25,80,2,93.5
2024,2901957,Municipal,43.24,43.58,50.4,57.2,63.74,69.81,75.25,80,1,89.16
2023,2901957,Municipal,37,43.58,50.4,57.2,63.74,69.81,75.25,80,0,84.34
2023,1501600,Municipal,37,43.59,50.41,57.21,63.74,69.81,75.26,80,0,73.24
2024,1501600,Municipal,32.2,43.59,50.41,57.21,63.74,69.81,75.26,80,0,80.37
2023,1507409,Municipal,37,43.6,50.41,57.21,63.75,69.81,75.26,80,0,79.23
2024,1507409,Municipal,37.44,43.6,50.41,57.21,63.75,69.81,75.26,80,0,78.63
2024,1200450,Municipal,43.66,,50.47,57.26,63.78,69.83,75.27,80,1,76.67
2023,1200450,Municipal,,,50.47,57.26,63.78,69.83,75.27,80,,
2023,3129301,Municipal,37.1,43.66,50.47,57.25,63.78,69.83,75.26,80,0,94.83
2024,3129301,Municipal,67.68,43.66,50.47,57.25,63.78,69.83,75.26,80,3,93.75
2024,2706604,Municipal,38.46,43.67,50.47,57.26,63.78,69.83,75.27,80,0,100
2023,2706604,Municipal,37.1,43.67,50.47,57.26,63.78,69.83,75.27,80,0,96.51
2024,4209151,Municipal,52.77,43.68,50.48,57.27,63.79,69.84,75.27,80,2,70.24
2023,4209151,Municipal,37.1,43.68,50.48,57.27,63.79,69.84,75.27,80,0,84.09
2024,3140605,Municipal,28.57,43.68,50.48,57.27,63.79,69.84,75.27,80,0,95.65
2023,3140605,Municipal,37.1,43.68,50.48,57.27,63.79,69.84,75.27,80,0,94
2023,5006002,Municipal,37.2,43.79,50.57,57.34,63.84,69.87,75.28,80,0,84.02
2024,5006002,Municipal,56.52,43.79,50.57,57.34,63.84,69.87,75.28,80,2,96.21
2024,2908002,Municipal,39.13,43.8,50.58,57.34,63.84,69.87,75.28,80,0,95.04
2023,2908002,Municipal,37.2,43.8,50.58,57.34,63.84,69.87,75.28,80,0,75.56
2024,3127057,Municipal,58.66,43.82,50.6,57.36,63.85,69.87,75.28,80,2,85.29
2023,3127057,Municipal,37.3,43.82,50.6,57.36,63.85,69.87,75.28,80,0,84.85
2023,1508100,Municipal,37.3,43.83,50.61,57.37,63.86,69.88,75.29,80,0,82.22
2024,1508100,Municipal,44.7,43.83,50.61,57.37,63.86,69.88,75.29,80,1,81.7
2023,2906105,Municipal,37.3,43.85,50.63,57.38,63.87,69.88,75.29,80,0,84.15
2024,2511202,Municipal,48.58,43.85,50.63,57.38,63.87,69.88,75.29,80,1,93.53
2023,2511202,Municipal,37.3,43.85,50.63,57.38,63.87,69.88,75.29,80,0,92.65
2024,2906105,Municipal,29.55,43.85,50.63,57.38,63.87,69.88,75.29,80,0,96.7
2023,1702307,Municipal,37.3,43.86,50.64,57.39,63.87,69.89,75.29,80,0,88.17
2024,1702307,Municipal,68.32,43.86,50.64,57.39,63.87,69.89,75.29,80,3,90.28
2023,1505486,Municipal,37.3,43.87,50.64,57.39,63.88,69.89,75.29,80,0,75.38
2024,1505486,Municipal,45.49,43.87,50.64,57.39,63.88,69.89,75.29,80,1,82.92
2023,2901106,Municipal,37.5,44.02,50.77,57.49,63.95,69.93,75.31,80,0,88.68
2024,2901106,Municipal,47.14,44.02,50.77,57.49,63.95,69.93,75.31,80,1,99.29
2023,2206357,Municipal,37.5,44.03,50.78,57.5,63.95,69.94,75.31,80,0,84.21
2024,2206357,Municipal,33.33,44.03,50.78,57.5,63.95,69.94,75.31,80,0,92.31
2024,1502855,Municipal,42.47,44.07,50.81,57.52,63.97,69.95,75.32,80,1,89.58
2023,1502855,Municipal,37.5,44.07,50.81,57.52,63.97,69.95,75.32,80,0,92.71
2023,2702702,Municipal,37.6,44.08,50.82,57.53,63.97,69.95,75.32,80,0,93.22
2024,2702702,Municipal,45.9,44.08,50.82,57.53,63.97,69.95,75.32,80,1,100
2023,2706901,Municipal,37.6,44.11,50.85,57.55,63.99,69.96,75.32,80,0,96
2024,2706901,Municipal,45.81,44.11,50.85,57.55,63.99,69.96,75.32,80,1,96
2023,3305109,Municipal,37.6,44.12,50.86,57.56,63.99,69.96,75.32,80,0,78.52
2024,3305109,Municipal,35.97,44.12,50.86,57.56,63.99,69.96,75.32,80,0,79.59
2024,2211704,Municipal,54.29,44.12,50.86,57.56,63.99,69.96,75.32,80,2,100
2023,2211704,Municipal,37.6,44.12,50.86,57.56,63.99,69.96,75.32,80,0,93.94
2023,1506351,Municipal,37.6,44.15,50.88,57.58,64.01,69.97,75.33,80,0,85.27
2024,1506351,Municipal,46.35,44.15,50.88,57.58,64.01,69.97,75.33,80,1,91.76
2023,2112506,Municipal,37.6,44.16,50.89,57.58,64.01,69.97,75.33,80,0,92.33
2024,2112506,Municipal,57.61,44.16,50.89,57.58,64.01,69.97,75.33,80,2,91.26
2024,5105309,Municipal,46.43,44.17,50.89,57.59,64.01,69.97,75.33,80,1,93.33
2024,2514909,Municipal,49.02,44.17,50.89,57.59,64.01,69.97,75.33,80,1,89.55
2023,2514909,Municipal,37.7,44.17,50.89,57.59,64.01,69.97,75.33,80,0,83.17
2023,5105309,Municipal,37.7,44.17,50.89,57.59,64.01,69.97,75.33,80,0,90.63
2024,5001904,Municipal,52.31,44.18,50.9,57.59,64.02,69.98,75.33,80,2,92.51
2023,5001904,Municipal,37.7,44.18,50.9,57.59,64.02,69.98,75.33,80,0,96.05
2024,1507953,Municipal,37.9,44.19,50.91,57.6,64.02,69.98,75.33,80,0,82.64
2023,1507953,Municipal,37.7,44.19,50.91,57.6,64.02,69.98,75.33,80,0,82.1
2023,3140852,Municipal,37.7,44.2,50.92,57.61,64.03,69.98,75.33,80,0,87.59
2024,3140852,Municipal,31.08,44.2,50.92,57.61,64.03,69.98,75.33,80,0,86.15
2023,2402204,Municipal,37.7,44.21,50.93,57.62,64.04,69.99,75.33,80,0,79.9
2024,2402204,Municipal,32.26,44.21,50.93,57.62,64.04,69.99,75.33,80,0,84.66
2024,3109402,Municipal,62.63,44.21,50.93,57.62,64.04,69.99,75.33,80,3,91.47
2023,3109402,Municipal,37.7,44.21,50.93,57.62,64.04,69.99,75.33,80,0,95.19
2024,5002902,Municipal,54.38,44.23,50.95,57.63,64.04,69.99,75.34,80,2,89.49
2023,5002902,Municipal,37.7,44.23,50.95,57.63,64.04,69.99,75.34,80,0,89.72
2024,1702158,Municipal,37.81,44.23,50.95,57.63,64.04,69.99,75.34,80,0,91.3
2023,1702158,Municipal,37.7,44.23,50.95,57.63,64.04,69.99,75.34,80,0,89.47
2023,2505352,Municipal,37.7,44.24,50.96,57.64,64.05,70,75.34,80,0,96.36
2024,2505352,Municipal,50.86,44.24,50.96,57.64,64.05,70,75.34,80,2,92.45
2023,2915106,Municipal,37.8,44.26,50.97,57.65,64.06,70,75.34,80,0,90.53
2024,2915106,Municipal,23.53,44.26,50.97,57.65,64.06,70,75.34,80,0,97.54
2024,2207934,Municipal,47.35,44.28,50.99,57.66,64.06,70.01,75.34,80,1,95.83
2023,2207934,Municipal,37.8,44.28,50.99,57.66,64.06,70.01,75.34,80,0,75.76
2023,2503001,Municipal,37.8,44.29,50.99,57.67,64.07,70.01,75.34,80,0,81.43
2024,2503001,Municipal,29.81,44.29,50.99,57.67,64.07,70.01,75.34,80,0,90.94
2024,2910008,Municipal,41.07,44.31,51.02,57.68,64.08,70.02,75.35,80,1,92.56
2023,2910008,Municipal,37.8,44.31,51.02,57.68,64.08,70.02,75.35,80,0,84.03
2023,3302858,Municipal,37.8,44.32,51.02,57.69,64.09,70.02,75.35,80,0,77.7
2024,3302858,Municipal,35.09,44.32,51.02,57.69,64.09,70.02,75.35,80,0,83.93
2023,2918001,Municipal,37.9,44.37,51.06,57.72,64.11,70.03,75.35,80,0,76.43
2023,3550308,Municipal,37.9,44.37,51.06,57.72,64.11,70.03,75.35,80,0,83.45
2024,2918001,Municipal,39.48,44.37,51.06,57.72,64.11,70.03,75.35,80,0,85.05
2024,3550308,Municipal,48.25,44.37,51.06,57.72,64.11,70.03,75.35,80,1,85.03
2024,3549607,Municipal,52.78,44.38,51.08,57.73,64.12,70.04,75.36,80,2,94.44
2023,3549607,Municipal,37.9,44.38,51.08,57.73,64.12,70.04,75.36,80,0,92.86
2024,2932507,Municipal,58.16,44.38,51.08,57.73,64.12,70.04,75.36,80,2,92.45
2023,2932507,Municipal,37.9,44.38,51.08,57.73,64.12,70.04,75.36,80,0,81.91
2023,2805802,Municipal,38,44.45,51.13,57.77,64.14,70.05,75.36,80,0,89.26
2023,1503077,Municipal,38,44.45,51.13,57.77,64.14,70.05,75.36,80,0,78.44
2024,2805802,Municipal,34.65,44.45,51.13,57.77,64.14,70.05,75.36,80,0,92.59
2024,1503077,Municipal,32.89,44.45,51.13,57.77,64.14,70.05,75.36,80,0,84.58
2024,2903201,Municipal,36.09,44.47,51.14,57.78,64.15,70.06,75.37,80,0,83.96
2023,2903201,Municipal,38,44.47,51.14,57.78,64.15,70.06,75.37,80,0,83.87
2024,2509107,Municipal,70.06,44.47,51.15,57.79,64.16,70.06,75.37,80,4,86.3
2023,2509107,Municipal,38,44.47,51.15,57.79,64.16,70.06,75.37,80,0,84.44
2023,1504505,Municipal,38,44.48,51.16,57.8,64.16,70.06,75.37,80,0,74.24
2023,2502508,Municipal,38,44.48,51.16,57.8,64.16,70.06,75.37,80,0,81.93
2024,2502508,Municipal,37.65,44.48,51.16,57.8,64.16,70.06,75.37,80,0,83.33
2024,1504505,Municipal,28.64,44.48,51.16,57.8,64.16,70.06,75.37,80,0,72.69
2023,2401909,Municipal,38,44.52,51.19,57.82,64.18,70.07,75.37,80,0,78.95
2023,5100102,Municipal,38,44.52,51.19,57.82,64.18,70.07,75.37,80,0,86.44
2024,1301159,Municipal,27.35,44.52,51.19,57.82,64.18,70.07,75.37,80,0,85.45
2023,1301159,Municipal,38,44.52,51.19,57.82,64.18,70.07,75.37,80,0,73.72
2023,3557204,Municipal,38,44.52,51.19,57.82,64.18,70.07,75.37,80,0,77.08
2024,5100102,Municipal,40.41,44.52,51.19,57.82,64.18,70.07,75.37,80,1,95.38
2024,3557204,Municipal,51.58,44.52,51.19,57.82,64.18,70.07,75.37,80,2,85.5
2024,2401909,Municipal,32.54,44.52,51.19,57.82,64.18,70.07,75.37,80,0,94.74
2023,2901403,Municipal,38.1,44.53,51.2,57.83,64.18,70.08,75.37,80,0,92.16
2024,2901403,Municipal,28.44,44.53,51.2,57.83,64.18,70.08,75.37,80,0,81.34
2023,2408003,Municipal,38.1,44.54,51.21,57.83,64.19,70.08,75.37,80,0,83.41
2024,2408003,Municipal,45.41,44.54,51.21,57.83,64.19,70.08,75.37,80,1,80.69
2024,3304144,Municipal,37.63,44.56,51.22,57.84,64.19,70.08,75.38,80,0,80.56
2023,3304144,Municipal,38.1,44.56,51.22,57.84,64.19,70.08,75.38,80,0,80.79
2024,3129905,Municipal,78.04,44.57,51.24,57.85,64.2,70.09,75.38,80,4,91.43
2023,4116505,Municipal,38.1,44.57,51.24,57.85,64.2,70.09,75.38,80,0,95.45
2023,2906709,Municipal,38.1,44.57,51.24,57.85,64.2,70.09,75.38,80,0,81.57
2024,4116505,Municipal,43.75,44.57,51.24,57.85,64.2,70.09,75.38,80,1,94.12
2023,3129905,Municipal,38.1,44.57,51.24,57.85,64.2,70.09,75.38,80,0,81.82
2024,1703701,Municipal,49.45,44.57,51.24,57.85,64.2,70.09,75.38,80,1,95.45
2023,3125903,Municipal,38.1,44.57,51.24,57.85,64.2,70.09,75.38,80,0,92.31
2024,2906709,Municipal,30.86,44.57,51.24,57.85,64.2,70.09,75.38,80,0,80.2
2024,2505303,Municipal,62.5,44.57,51.24,57.85,64.2,70.09,75.38,80,3,100
2024,3125903,Municipal,70.78,44.57,51.24,57.85,64.2,70.09,75.38,80,4,86.36
2023,2505303,Municipal,38.1,44.57,51.24,57.85,64.2,70.09,75.38,80,0,91.3
2023,1703701,Municipal,38.1,44.57,51.24,57.85,64.2,70.09,75.38,80,0,82.89
2023,2804458,Municipal,38.1,44.57,51.24,57.85,64.2,70.09,75.38,80,0,89.36
2024,2804458,Municipal,59.01,44.57,51.24,57.85,64.2,70.09,75.38,80,2,95.92
2024,2923209,Municipal,39.29,44.58,51.24,57.86,64.21,70.09,75.38,80,0,95.61
2023,2923209,Municipal,38.1,44.58,51.24,57.86,64.21,70.09,75.38,80,0,87.41
2023,2903102,Municipal,38.1,44.61,51.27,57.88,64.22,70.1,75.38,80,0,81.25
2024,2903102,Municipal,39.62,44.61,51.27,57.88,64.22,70.1,75.38,80,0,96.36
2024,5003488,Municipal,39.87,44.63,51.28,57.89,64.23,70.1,75.39,80,0,94.88
2023,5003488,Municipal,38.2,44.63,51.28,57.89,64.23,70.1,75.39,80,0,91.89
2023,2916807,Municipal,38.2,44.64,51.29,57.9,64.23,70.11,75.39,80,0,87.5
2024,2916807,Municipal,41.07,44.64,51.29,57.9,64.23,70.11,75.39,80,1,86.15
2024,2703403,Municipal,54.66,44.64,51.3,57.9,64.24,70.11,75.39,80,2,97.4
2023,2703403,Municipal,38.2,44.64,51.3,57.9,64.24,70.11,75.39,80,0,93.98
2024,2927200,Municipal,27.94,44.71,51.35,57.94,64.27,70.13,75.4,80,0,98.41
2023,3536570,Municipal,38.3,44.71,51.35,57.94,64.27,70.13,75.4,80,0,93.55
2023,2916104,Municipal,38.3,44.71,51.35,57.94,64.27,70.13,75.4,80,0,79.34
2024,3536570,Municipal,73.68,44.71,51.35,57.94,64.27,70.13,75.4,80,4,95
2023,2927200,Municipal,38.3,44.71,51.35,57.94,64.27,70.13,75.4,80,0,88.3
2024,2916104,Municipal,28.57,44.71,51.35,57.94,64.27,70.13,75.4,80,0,87.87
2023,5004304,Municipal,38.3,44.73,51.37,57.96,64.28,70.13,75.4,80,0,90.48
2024,5004304,Municipal,60.02,44.73,51.37,57.96,64.28,70.13,75.4,80,3,96.4
2023,2517001,Municipal,38.3,44.74,51.38,57.97,64.28,70.14,75.4,80,0,99.12
2024,2517001,Municipal,79.38,44.74,51.38,57.97,64.28,70.14,75.4,80,4,91.74
2023,2205458,Municipal,38.3,44.75,51.39,57.97,64.29,70.14,75.4,80,0,90
2023,2803708,Municipal,38.3,44.75,51.39,57.97,64.29,70.14,75.4,80,0,85.45
2024,2205458,Municipal,43.83,44.75,51.39,57.97,64.29,70.14,75.4,80,1,93.75
2024,2803708,Municipal,29.17,44.75,51.39,57.97,64.29,70.14,75.4,80,0,88.89
2024,1720903,Municipal,42.45,44.76,51.39,57.98,64.29,70.14,75.4,80,1,86.07
2024,2201408,Municipal,40.17,44.76,51.39,57.98,64.29,70.14,75.4,80,1,94.34
2023,2201408,Municipal,38.3,44.76,51.39,57.98,64.29,70.14,75.4,80,0,91.67
2023,1720903,Municipal,38.3,44.76,51.39,57.98,64.29,70.14,75.4,80,0,88.1
2023,3557154,Municipal,38.3,44.78,51.41,57.99,64.3,70.15,75.4,80,0,91.43
2023,2802809,Municipal,38.3,44.78,51.41,57.99,64.3,70.15,75.4,80,0,90.45
2024,2404101,Municipal,55.2,44.78,51.41,57.99,64.3,70.15,75.4,80,2,83.33
2023,2404101,Municipal,38.3,44.78,51.41,57.99,64.3,70.15,75.4,80,0,88.24
2024,2802809,Municipal,34.31,44.78,51.41,57.99,64.3,70.15,75.4,80,0,97.51
2024,3557154,Municipal,80,44.78,51.41,57.99,64.3,70.15,75.4,80,5,100
2024,2933505,Municipal,31.17,44.82,51.45,58.02,64.32,70.16,75.41,80,0,78.17
2023,2933505,Municipal,38.4,44.82,51.45,58.02,64.32,70.16,75.41,80,0,86.85
2024,2201309,Municipal,50.77,44.83,51.45,58.03,64.32,70.16,75.41,80,2,96.43
2023,2201309,Municipal,38.4,44.83,51.45,58.03,64.32,70.16,75.41,80,0,100
2024,3131604,Municipal,77.81,44.85,51.47,58.04,64.33,70.17,75.41,80,4,97.47
2023,2926301,Municipal,38.4,44.85,51.47,58.04,64.33,70.17,75.41,80,0,81
2023,3131604,Municipal,38.4,44.85,51.47,58.04,64.33,70.17,75.41,80,0,91.18
2024,2926301,Municipal,38.37,44.85,51.47,58.04,64.33,70.17,75.41,80,0,88.21
2023,2919504,Municipal,38.4,44.87,51.48,58.05,64.34,70.17,75.42,80,0,88.21
2024,2919504,Municipal,38.06,44.87,51.48,58.05,64.34,70.17,75.42,80,0,95.26
2024,4207205,Municipal,44.91,,51.51,58.07,64.35,70.18,75.42,80,1,80
2023,4207205,Municipal,,,51.51,58.07,64.35,70.18,75.42,80,,
2023,3123403,Municipal,38.5,44.9,51.51,58.07,64.35,70.18,75.42,80,0,92.86
2024,3167004,Municipal,82.14,44.9,51.51,58.07,64.35,70.18,75.42,80,5,92.86
2023,3167004,Municipal,38.5,44.9,51.51,58.07,64.35,70.18,75.42,80,0,86.67
2024,5004908,Municipal,45.19,44.9,51.51,58.07,64.35,70.18,75.42,80,1,95.6
2024,3123403,Municipal,66.67,44.9,51.51,58.07,64.35,70.18,75.42,80,3,100
2023,2925907,Municipal,38.5,44.9,51.51,58.07,64.35,70.18,75.42,80,0,84.56
2024,2925907,Municipal,34.85,44.9,51.51,58.07,64.35,70.18,75.42,80,0,97.06
2023,5004908,Municipal,38.5,44.9,51.51,58.07,64.35,70.18,75.42,80,0,93.64
2023,2202539,Municipal,38.5,44.94,51.55,58.1,64.37,70.19,75.42,80,0,96.43
2024,2202539,Municipal,68.17,44.94,51.55,58.1,64.37,70.19,75.42,80,3,93.98
2023,2202117,Municipal,38.5,44.96,51.56,58.11,64.38,70.2,75.43,80,0,94.12
2024,2202117,Municipal,59.33,44.96,51.56,58.11,64.38,70.2,75.43,80,2,89.47
2023,1500909,Municipal,38.6,44.99,51.58,58.13,64.39,70.21,75.43,80,0,87.82
2024,1500909,Municipal,43.99,44.99,51.58,58.13,64.39,70.21,75.43,80,1,83.39
2023,3502309,Municipal,38.6,44.99,51.59,58.13,64.4,70.21,75.43,80,0,82.19
2024,3502309,Municipal,45.69,44.99,51.59,58.13,64.4,70.21,75.43,80,1,85.71
2023,1701903,Municipal,38.6,45.04,51.63,58.16,64.42,70.22,75.44,80,0,91.09
2024,1701903,Municipal,49.27,45.04,51.63,58.16,64.42,70.22,75.44,80,1,84
2023,2807006,Municipal,38.6,45.06,51.64,58.17,64.43,70.23,75.44,80,0,97.78
2024,2807006,Municipal,46.34,45.06,51.64,58.17,64.43,70.23,75.44,80,1,92.86
2023,1502707,Municipal,38.7,45.08,51.67,58.19,64.44,70.23,75.44,80,0,79.6
2024,1502707,Municipal,50.69,45.08,51.67,58.19,64.44,70.23,75.44,80,2,86.55
2024,3301009,Municipal,38.33,45.1,51.68,58.2,64.45,70.24,75.44,80,0,82.45
2023,1507607,Municipal,38.7,45.1,51.68,58.2,64.45,70.24,75.44,80,0,82.21
2023,3301009,Municipal,38.7,45.1,51.68,58.2,64.45,70.24,75.44,80,0,78.01
2024,1507607,Municipal,49.59,45.1,51.68,58.2,64.45,70.24,75.44,80,1,85.57
2023,2506202,Municipal,38.7,45.11,51.69,58.21,64.45,70.24,75.45,80,0,88.46
2024,2506202,Municipal,71.43,45.11,51.69,58.21,64.45,70.24,75.45,80,4,93.33
2023,1505700,Municipal,38.7,45.11,51.69,58.21,64.45,70.24,75.45,80,0,83.25
2024,1505700,Municipal,57.13,45.11,51.69,58.21,64.45,70.24,75.45,80,2,93.49
2024,5007505,Municipal,48.97,45.12,51.7,58.21,64.46,70.24,75.45,80,1,90
2023,3146750,Municipal,38.7,45.12,51.7,58.21,64.46,70.24,75.45,80,0,84.91
2024,3146750,Municipal,69.41,45.12,51.7,58.21,64.46,70.24,75.45,80,3,90.57
2023,5007505,Municipal,38.7,45.12,51.7,58.21,64.46,70.24,75.45,80,0,82.3
2023,2925931,Municipal,38.7,45.13,51.7,58.22,64.46,70.25,75.45,80,0,77.88
2024,2925931,Municipal,75.47,45.13,51.7,58.22,64.46,70.25,75.45,80,4,96.36
2023,2901502,Municipal,38.7,45.15,51.72,58.23,64.47,70.25,75.45,80,0,94.17
2024,2901502,Municipal,55.95,45.15,51.72,58.23,64.47,70.25,75.45,80,2,98.82
2023,1200609,Municipal,,,51.74,58.25,64.48,70.26,75.45,80,,
2024,1200609,Municipal,45.18,,51.74,58.25,64.48,70.26,75.45,80,1,85.99
2023,1301209,Municipal,38.8,45.17,51.74,58.25,64.48,70.26,75.45,80,0,83.17
2024,1301209,Municipal,32.72,45.17,51.74,58.25,64.48,70.26,75.45,80,0,89.67
2024,5102603,Municipal,44.13,45.19,51.76,58.26,64.49,70.26,75.46,80,1,81.88
2023,5102603,Municipal,38.8,45.19,51.76,58.26,64.49,70.26,75.46,80,0,80.83
2023,2106102,Municipal,38.8,45.2,51.76,58.27,64.49,70.27,75.46,80,0,95.65
2024,2106102,Municipal,66.12,45.2,51.76,58.27,64.49,70.27,75.46,80,3,92.81
2023,2931202,Municipal,38.8,45.23,51.79,58.28,64.51,70.27,75.46,80,0,94.92
2024,2931202,Municipal,47.52,45.23,51.79,58.28,64.51,70.27,75.46,80,1,95.27
2024,5221577,Municipal,66.67,45.24,51.79,58.29,64.51,70.28,75.46,80,3,100
2023,5221577,Municipal,38.8,45.24,51.79,58.29,64.51,70.28,75.46,80,0,88.24
2023,5003256,Municipal,38.9,45.24,51.8,58.3,64.51,70.28,75.46,80,0,92.23
2024,5003256,Municipal,54.88,45.24,51.8,58.3,64.51,70.28,75.46,80,2,97.2
2023,2409407,Municipal,38.9,45.25,51.81,58.3,64.52,70.28,75.46,80,0,80.92
2024,2409407,Municipal,38.9,45.25,51.81,58.3,64.52,70.28,75.46,80,0,83.33
2023,2914406,Municipal,38.9,45.26,51.82,58.31,64.52,70.28,75.47,80,0,89.08
2024,2914406,Municipal,44.24,45.26,51.82,58.31,64.52,70.28,75.47,80,1,94.39
2024,2112308,Municipal,66.43,45.32,51.86,58.34,64.55,70.3,75.47,80,3,93.12
2023,2112308,Municipal,38.9,45.32,51.86,58.34,64.55,70.3,75.47,80,0,93.6
2024,2500403,Municipal,89.39,45.33,51.87,58.35,64.55,70.3,75.47,80,5,98.74
2023,2500403,Municipal,38.9,45.33,51.87,58.35,64.55,70.3,75.47,80,0,87.77
2023,1303502,Municipal,39,45.33,51.88,58.35,64.56,70.3,75.47,80,0,75.28
2024,1303502,Municipal,48.43,45.33,51.88,58.35,64.56,70.3,75.47,80,1,88.46
2023,1500206,Municipal,39,45.4,51.93,58.39,64.58,70.32,75.48,80,0,74.2
2024,1500206,Municipal,41.73,45.4,51.93,58.39,64.58,70.32,75.48,80,1,84.75
2024,2206209,Municipal,60.79,45.41,51.94,58.41,64.59,70.33,75.48,80,3,94.54
2023,3169604,Municipal,39,45.41,51.94,58.4,64.59,70.32,75.48,80,0,93.08
2023,2206209,Municipal,39,45.41,51.94,58.41,64.59,70.33,75.48,80,0,92.57
2024,3169604,Municipal,58.34,45.41,51.94,58.4,64.59,70.32,75.48,80,2,89.02
2024,3155405,Municipal,65.4,45.41,51.94,58.4,64.59,70.32,75.48,80,3,86.41
2023,3155405,Municipal,39,45.41,51.94,58.4,64.59,70.32,75.48,80,0,93.68
2023,3302270,Municipal,39.1,45.46,51.98,58.44,64.61,70.34,75.49,80,0,81.19
2024,1707108,Municipal,60.78,45.46,51.98,58.44,64.61,70.34,75.49,80,3,87.63
2023,1707108,Municipal,39.1,45.46,51.98,58.44,64.61,70.34,75.49,80,0,87.38
2024,3302270,Municipal,36.88,45.46,51.98,58.44,64.61,70.34,75.49,80,0,80.49
2024,3543402,Municipal,45.01,45.48,52,58.45,64.62,70.34,75.49,80,1,87.4
2023,3543402,Municipal,39.1,45.48,52,58.45,64.62,70.34,75.49,80,0,86.17
2024,4202438,Municipal,28.06,45.49,52,58.45,64.63,70.35,75.49,80,0,88.68
2023,4202438,Municipal,39.1,45.49,52,58.45,64.63,70.35,75.49,80,0,78.26
2024,3536901,Municipal,72.73,45.5,52.01,58.46,64.63,70.35,75.49,80,4,91.67
2023,3536901,Municipal,39.1,45.5,52.01,58.46,64.63,70.35,75.49,80,0,92
2024,4306304,Municipal,45.5,,52.02,58.46,64.63,70.35,75.5,80,1,100
2023,4306304,Municipal,,,52.02,58.46,64.63,70.35,75.5,80,,
2024,2933208,Municipal,38.27,45.5,52.02,58.46,64.63,70.35,75.5,80,0,92.47
2023,2933208,Municipal,39.1,45.5,52.02,58.46,64.63,70.35,75.5,80,0,82.71
2023,2927408,Municipal,39.2,45.52,52.03,58.48,64.64,70.36,75.5,80,0,84.13
2023,3554607,Municipal,39.2,45.52,52.03,58.48,64.64,70.36,75.5,80,0,96.55
2024,3554607,Municipal,58.99,45.52,52.03,58.48,64.64,70.36,75.5,80,2,93.55
2024,2927408,Municipal,36.75,45.52,52.03,58.48,64.64,70.36,75.5,80,0,87.86
2023,2806107,Municipal,39.2,45.54,52.05,58.49,64.65,70.36,75.5,80,0,83.62
2024,2801009,Municipal,41.74,45.54,52.05,58.49,64.65,70.36,75.5,80,1,95.28
2023,2801009,Municipal,39.2,45.54,52.05,58.49,64.65,70.36,75.5,80,0,87.39
2024,2806107,Municipal,39.01,45.54,52.05,58.49,64.65,70.36,75.5,80,0,94.89
2023,4210852,Municipal,39.2,45.55,52.06,58.49,64.65,70.36,75.5,80,0,82.35
2024,4210852,Municipal,74.06,45.55,52.06,58.49,64.65,70.36,75.5,80,4,79.41
2023,3550704,Municipal,39.2,45.57,52.07,58.51,64.66,70.37,75.5,80,0,89.87
2024,3550704,Municipal,44.38,45.57,52.07,58.51,64.66,70.37,75.5,80,1,91.63
2024,2704302,Municipal,40.95,45.58,52.09,58.52,64.67,70.37,75.51,80,1,91.46
2024,2102325,Municipal,42.03,45.58,52.09,58.52,64.67,70.37,75.51,80,1,90.59
2023,2102325,Municipal,39.2,45.58,52.09,58.52,64.67,70.37,75.51,80,0,92.56
2023,2704302,Municipal,39.2,45.58,52.09,58.52,64.67,70.37,75.51,80,0,84.26
2023,1715101,Municipal,39.2,45.59,52.09,58.52,64.67,70.38,75.51,80,0,97.87
2024,3101706,Municipal,55.06,45.59,52.09,58.52,64.67,70.38,75.51,80,2,87.37
2024,1715101,Municipal,36.09,45.59,52.09,58.52,64.67,70.38,75.51,80,0,94
2023,3101706,Municipal,39.2,45.59,52.09,58.52,64.67,70.38,75.51,80,0,90.38
2023,2903003,Municipal,39.3,45.6,52.1,58.53,64.68,70.38,75.51,80,0,95.08
2024,2903003,Municipal,32.43,45.6,52.1,58.53,64.68,70.38,75.51,80,0,94.87
2023,2903300,Municipal,39.3,45.64,52.13,58.55,64.7,70.39,75.51,80,0,93.9
2024,1600279,Municipal,39.8,45.64,52.13,58.55,64.7,70.39,75.51,80,0,93.09
2024,2903300,Municipal,24.72,45.64,52.13,58.55,64.7,70.39,75.51,80,0,89
2023,1600279,Municipal,39.3,45.64,52.13,58.55,64.7,70.39,75.51,80,0,94.48
2024,2802007,Municipal,19.53,45.68,52.17,58.58,64.72,70.4,75.52,80,0,94.44
2023,3513405,Municipal,39.3,45.68,52.17,58.58,64.72,70.4,75.52,80,0,90.85
2024,3513405,Municipal,55.99,45.68,52.17,58.58,64.72,70.4,75.52,80,2,93
2023,2802007,Municipal,39.3,45.68,52.17,58.58,64.72,70.4,75.52,80,0,93.85
2023,2606705,Municipal,39.3,45.68,52.17,58.58,64.72,70.4,75.52,80,0,95.31
2024,2606705,Municipal,62.42,45.68,52.17,58.58,64.72,70.4,75.52,80,3,95.08
2023,3518800,Municipal,39.4,45.75,52.23,58.63,64.75,70.42,75.53,80,0,87.82
2024,3518800,Municipal,44.19,45.75,52.23,58.63,64.75,70.42,75.53,80,1,82.99
2024,3154150,Municipal,83.87,45.77,52.24,58.64,64.76,70.43,75.53,80,5,92.05
2023,3154150,Municipal,39.4,45.77,52.24,58.64,64.76,70.43,75.53,80,0,90
2024,2700300,Municipal,43.75,45.77,52.24,58.64,64.76,70.43,75.53,80,1,93.25
2023,2700300,Municipal,39.4,45.77,52.24,58.64,64.76,70.43,75.53,80,0,91.11
2024,2904100,Municipal,32,45.8,52.26,58.66,64.77,70.43,75.53,80,0,80
2023,2904100,Municipal,39.5,45.8,52.26,58.66,64.77,70.43,75.53,80,0,93.53
2023,3102209,Municipal,39.5,45.84,52.3,58.69,64.79,70.45,75.54,80,0,100
2024,3102209,Municipal,87.5,45.84,52.3,58.69,64.79,70.45,75.54,80,5,93.75
2023,1720804,Municipal,39.5,45.85,52.31,58.69,64.79,70.45,75.54,80,0,92.81
2024,1720804,Municipal,50.64,45.85,52.31,58.69,64.79,70.45,75.54,80,2,90.57
2023,2920403,Municipal,39.5,45.86,52.32,58.7,64.8,70.45,75.54,80,0,92.81
2024,2920403,Municipal,41.67,45.86,52.32,58.7,64.8,70.45,75.54,80,1,97.56
2024,2100055,Municipal,62.76,45.9,52.35,58.73,64.82,70.46,75.54,80,3,93.72
2023,2708501,Municipal,39.6,45.9,52.35,58.73,64.82,70.46,75.54,80,0,92.36
2024,2708501,Municipal,53.64,45.9,52.35,58.73,64.82,70.46,75.54,80,2,95.67
2023,2100055,Municipal,39.6,45.9,52.35,58.73,64.82,70.46,75.54,80,0,90.54
2024,3537602,Municipal,46.81,45.94,52.38,58.75,64.83,70.47,75.55,80,1,89.82
2023,2916401,Municipal,39.6,45.94,52.38,58.75,64.83,70.47,75.55,80,0,84.07
2024,2916401,Municipal,32.22,45.94,52.38,58.75,64.83,70.47,75.55,80,0,92.75
2023,3537602,Municipal,39.6,45.94,52.38,58.75,64.83,70.47,75.55,80,0,87.24
2023,5003306,Municipal,39.7,45.99,52.43,58.78,64.86,70.49,75.56,80,0,86.9
2024,5003306,Municipal,39.19,45.99,52.43,58.78,64.86,70.49,75.56,80,0,92.11
2024,1503457,Municipal,42.95,46,52.44,58.79,64.86,70.49,75.56,80,1,78.1
2023,1503457,Municipal,39.7,46,52.44,58.79,64.86,70.49,75.56,80,0,74.28
2023,2513653,Municipal,39.7,46,52.44,58.79,64.86,70.49,75.56,80,0,93.1
2024,2513653,Municipal,90.09,46,52.44,58.79,64.86,70.49,75.56,80,5,96.77
2024,1500107,Municipal,35.85,46.03,52.46,58.81,64.88,70.5,75.56,80,0,85.52
2023,1500107,Municipal,39.7,46.03,52.46,58.81,64.88,70.5,75.56,80,0,83.81
2023,5209150,Municipal,39.8,46.07,52.5,58.84,64.9,70.51,75.57,80,0,87.5
2024,5209150,Municipal,81.36,46.07,52.5,58.84,64.9,70.51,75.57,80,5,100
2024,3304805,Municipal,48.7,46.08,52.5,58.84,64.9,70.51,75.57,80,1,83.87
2023,3304805,Municipal,39.8,46.08,52.5,58.84,64.9,70.51,75.57,80,0,73.15
2024,5107776,Municipal,40.74,46.1,52.52,58.85,64.91,70.52,75.57,80,1,88.89
2023,5107776,Municipal,39.8,46.1,52.52,58.85,64.91,70.52,75.57,80,0,82.35
2023,2101400,Municipal,39.8,46.12,52.53,58.86,64.92,70.52,75.57,80,0,91.86
2024,2101400,Municipal,39.54,46.12,52.53,58.86,64.92,70.52,75.57,80,0,90.67
2024,2412500,Municipal,44.85,46.13,52.54,58.87,64.92,70.53,75.57,80,1,89.3
2023,2412500,Municipal,39.8,46.13,52.54,58.87,64.92,70.53,75.57,80,0,89.42
2024,2902500,Municipal,35.92,46.14,52.55,58.88,64.92,70.53,75.57,80,0,88.75
2023,2902500,Municipal,39.9,46.14,52.55,58.88,64.92,70.53,75.57,80,0,90.48
2023,2204659,Municipal,39.9,46.17,52.58,58.9,64.94,70.54,75.58,80,0,92.36
2024,2204659,Municipal,34.84,46.17,52.58,58.9,64.94,70.54,75.58,80,0,94.87
2023,1300029,Municipal,39.9,46.19,52.59,58.91,64.95,70.54,75.58,80,0,83.33
2024,1300029,Municipal,58.47,46.19,52.59,58.91,64.95,70.54,75.58,80,2,89.7
2024,3135605,Municipal,70.71,46.21,52.61,58.92,64.96,70.55,75.58,80,4,95.35
2023,3135605,Municipal,39.9,46.21,52.61,58.92,64.96,70.55,75.58,80,0,84.51
2023,1701002,Municipal,39.9,46.22,52.61,58.93,64.96,70.55,75.58,80,0,87.71
2024,1701002,Municipal,46.69,46.22,52.61,58.93,64.96,70.55,75.58,80,1,86.83
2024,2803807,Municipal,37.63,46.27,52.66,58.96,64.99,70.57,75.59,80,0,97.1
2023,3532868,Municipal,40,46.27,52.66,58.96,64.99,70.57,75.59,80,0,95.24
2024,2514651,Municipal,30,46.27,52.66,58.96,64.99,70.57,75.59,80,0,95.24
2023,2515708,Municipal,40,46.27,52.66,58.96,64.99,70.57,75.59,80,0,91.43
2024,2515708,Municipal,70.82,46.27,52.66,58.96,64.99,70.57,75.59,80,4,96.55
2023,4302600,Municipal,40,46.27,52.66,58.96,64.99,70.57,75.59,80,0,71.43
2024,3532868,Municipal,25,46.27,52.66,58.96,64.99,70.57,75.59,80,0,85.71
2024,4302600,Municipal,20,46.27,52.66,58.96,64.99,70.57,75.59,80,0,83.33
2024,2509370,Municipal,18.18,46.27,52.66,58.96,64.99,70.57,75.59,80,0,78.57
2023,2803807,Municipal,40,46.27,52.66,58.96,64.99,70.57,75.59,80,0,86.96
2023,2514651,Municipal,40,46.27,52.66,58.96,64.99,70.57,75.59,80,0,80
2023,2509370,Municipal,40,46.27,52.66,58.96,64.99,70.57,75.59,80,0,83.33
2024,2103174,Municipal,36.86,46.3,52.68,58.98,65,70.57,75.59,80,0,94.18
2023,3119104,Municipal,40,46.3,52.68,58.98,65,70.57,75.59,80,1,93.64
2023,2103174,Municipal,40,46.3,52.68,58.98,65,70.57,75.59,80,1,92.67
2024,3119104,Municipal,85.75,46.3,52.68,58.98,65,70.57,75.59,80,5,94.67
2023,2709400,Municipal,40,46.3,52.68,58.98,65,70.57,75.59,80,1,90.32
2024,2709400,Municipal,49.91,46.3,52.68,58.98,65,70.57,75.59,80,1,96.21
2023,2704401,Municipal,40.1,46.33,52.71,59,65.01,70.58,75.6,80,1,97.86
2024,2704401,Municipal,37.84,46.33,52.71,59,65.01,70.58,75.6,80,0,99.48
2024,2925006,Municipal,24.31,46.35,52.73,59.01,65.02,70.59,75.6,80,0,92.35
2023,2925006,Municipal,40.1,46.35,52.73,59.01,65.02,70.59,75.6,80,1,89.84
2023,2705002,Municipal,40.1,46.37,52.74,59.03,65.03,70.59,75.6,80,1,97.12
2024,2705002,Municipal,42.45,46.37,52.74,59.03,65.03,70.59,75.6,80,1,96
2024,2208502,Municipal,36.04,46.38,52.75,59.03,65.03,70.59,75.6,80,0,96.27
2024,3139250,Municipal,65.94,46.38,52.75,59.03,65.03,70.59,75.6,80,3,93.15
2023,3139250,Municipal,40.1,46.38,52.75,59.03,65.03,70.59,75.6,80,1,100
2023,2705705,Municipal,40.1,46.38,52.75,59.03,65.03,70.59,75.6,80,1,96.5
2023,2208502,Municipal,40.1,46.38,52.75,59.03,65.03,70.59,75.6,80,1,97.14
2024,2705705,Municipal,45.46,46.38,52.75,59.03,65.03,70.59,75.6,80,1,96.17
2024,1701051,Municipal,59.12,46.41,52.78,59.05,65.05,70.6,75.61,80,2,91.89
2023,1701051,Municipal,40.2,46.41,52.78,59.05,65.05,70.6,75.61,80,1,86.05
2023,1304401,Municipal,,,52.79,59.07,65.06,70.61,75.61,80,,
2024,1304401,Municipal,46.46,,52.79,59.07,65.06,70.61,75.61,80,1,93.56
2024,2904050,Municipal,34,46.43,52.79,59.07,65.06,70.61,75.61,80,0,92.59
2023,5007208,Municipal,40.2,46.43,52.79,59.07,65.06,70.61,75.61,80,1,90.14
2023,2904050,Municipal,40.2,46.43,52.79,59.07,65.06,70.61,75.61,80,1,92.51
2024,5007208,Municipal,52.67,46.43,52.79,59.07,65.06,70.61,75.61,80,2,95.32
2023,3138005,Municipal,40.3,46.49,52.84,59.11,65.09,70.63,75.62,80,1,92.31
2024,3138005,Municipal,82.11,46.49,52.84,59.11,65.09,70.63,75.62,80,5,86.21
2023,2111573,Municipal,40.3,46.51,52.86,59.12,65.09,70.63,75.62,80,1,84.69
2024,2111573,Municipal,59.47,46.51,52.86,59.12,65.09,70.63,75.62,80,2,88.89
2024,3532306,Municipal,57.89,46.55,52.9,59.15,65.12,70.64,75.63,80,2,87.67
2023,3532306,Municipal,40.3,46.55,52.9,59.15,65.12,70.64,75.63,80,1,90.2
2023,2914208,Municipal,40.3,46.57,52.91,59.16,65.12,70.65,75.63,80,1,97.01
2024,2914208,Municipal,65.38,46.57,52.91,59.16,65.12,70.65,75.63,80,3,92.86
2023,4212650,Municipal,40.4,46.6,52.93,59.18,65.14,70.66,75.63,80,1,88.98
2024,4212650,Municipal,45.95,46.6,52.93,59.18,65.14,70.66,75.63,80,1,90.91
2023,2103802,Municipal,40.4,46.62,52.95,59.19,65.14,70.66,75.63,80,1,89.81
2024,2103802,Municipal,43.95,46.62,52.95,59.19,65.14,70.66,75.63,80,1,92.9
2024,4113254,Municipal,46.64,,52.96,59.2,65.15,70.67,75.63,80,1,85.32
2023,4113254,Municipal,,,52.96,59.2,65.15,70.67,75.63,80,,
2024,2104206,Municipal,72.06,46.62,52.96,59.19,65.15,70.66,75.63,80,4,97.18
2023,2104206,Municipal,40.4,46.62,52.96,59.19,65.15,70.66,75.63,80,1,95.87
2024,1502103,Municipal,39.08,46.63,52.96,59.2,65.15,70.67,75.63,80,0,84.27
2023,1502103,Municipal,40.4,46.63,52.96,59.2,65.15,70.67,75.63,80,1,79.1
2024,2513802,Municipal,42.77,46.65,52.98,59.21,65.16,70.67,75.64,80,1,87.5
2023,5003702,Municipal,40.4,46.65,52.98,59.21,65.16,70.67,75.64,80,1,82.9
2023,2404408,Municipal,40.4,46.65,52.98,59.21,65.16,70.67,75.64,80,1,87.72
2024,5003702,Municipal,53.43,46.65,52.98,59.21,65.16,70.67,75.64,80,2,83.11
2024,2404408,Municipal,65.35,46.65,52.98,59.21,65.16,70.67,75.64,80,3,82.43
2023,2513802,Municipal,40.4,46.65,52.98,59.21,65.16,70.67,75.64,80,1,84.21
2023,3112653,Municipal,40.5,46.67,52.99,59.22,65.17,70.68,75.64,80,1,92.5
2024,2927705,Municipal,37.36,46.67,52.99,59.22,65.17,70.68,75.64,80,0,93.57
2024,1712009,Municipal,38.15,46.67,52.99,59.22,65.17,70.68,75.64,80,0,98.21
2023,2927705,Municipal,40.5,46.67,52.99,59.22,65.17,70.68,75.64,80,1,82.19
2023,1712009,Municipal,40.5,46.67,52.99,59.22,65.17,70.68,75.64,80,1,89.09
2024,3112653,Municipal,77.02,46.67,52.99,59.22,65.17,70.68,75.64,80,4,89.58
2024,1200104,Municipal,46.68,,53.01,59.23,65.18,70.68,75.64,80,1,80.16
2023,1200104,Municipal,,,53.01,59.23,65.18,70.68,75.64,80,,
2023,1503804,Municipal,40.5,46.69,53.01,59.23,65.18,70.68,75.64,80,1,86.26
2024,1503804,Municipal,37.87,46.69,53.01,59.23,65.18,70.68,75.64,80,0,84.36
2024,2112407,Municipal,64.42,46.7,53.01,59.24,65.18,70.68,75.64,80,3,91.59
2023,2112407,Municipal,40.5,46.7,53.01,59.24,65.18,70.68,75.64,80,1,87.95
2023,3109451,Municipal,40.5,46.7,53.02,59.24,65.18,70.69,75.64,80,1,88.61
2023,4301107,Municipal,40.5,46.7,53.02,59.24,65.18,70.69,75.64,80,1,86.82
2024,4301107,Municipal,43.2,46.7,53.02,59.24,65.18,70.69,75.64,80,1,81.25
2024,3109451,Municipal,54.59,46.7,53.02,59.24,65.18,70.69,75.64,80,2,89.91
2024,3156809,Municipal,60.64,46.78,53.09,59.3,65.22,70.71,75.65,80,3,93.88
2023,3156809,Municipal,40.6,46.78,53.09,59.3,65.22,70.71,75.65,80,1,88
2024,2908606,Municipal,28.14,46.79,53.1,59.3,65.22,70.71,75.65,80,0,89.78
2023,2908606,Municipal,40.6,46.79,53.1,59.3,65.22,70.71,75.65,80,1,79.34
2023,1302207,Municipal,40.6,46.8,53.1,59.31,65.23,70.71,75.66,80,1,95.4
2024,2704708,Municipal,46.23,46.8,53.1,59.31,65.23,70.71,75.66,80,1,93.44
2024,1302207,Municipal,44.2,46.8,53.1,59.31,65.23,70.71,75.66,80,1,80.95
2023,2704708,Municipal,40.6,46.8,53.1,59.31,65.23,70.71,75.66,80,1,93.16
2023,5005400,Municipal,40.6,46.82,53.12,59.32,65.24,70.72,75.66,80,1,88.98
2024,5005400,Municipal,46.55,46.82,53.12,59.32,65.24,70.72,75.66,80,1,83.83
2024,4202503,Municipal,28.72,46.82,53.12,59.32,65.24,70.72,75.66,80,0,77.78
2023,1502756,Municipal,40.6,46.82,53.12,59.32,65.24,70.72,75.66,80,1,83.61
2024,1502756,Municipal,54.24,46.82,53.12,59.32,65.24,70.72,75.66,80,2,81.97
2023,4202503,Municipal,40.6,46.82,53.12,59.32,65.24,70.72,75.66,80,1,94.12
2024,3131109,Municipal,77.8,46.85,53.14,59.34,65.25,70.73,75.66,80,4,92.68
2023,3131109,Municipal,40.7,46.85,53.14,59.34,65.25,70.73,75.66,80,1,95.16
2024,2402808,Municipal,32.68,46.85,53.15,59.34,65.25,70.73,75.66,80,0,88.89
2024,2408508,Municipal,73.61,46.85,53.15,59.34,65.25,70.73,75.66,80,4,93.75
2023,2402808,Municipal,40.7,46.85,53.15,59.34,65.25,70.73,75.66,80,1,91.43
2023,2408508,Municipal,40.7,46.85,53.15,59.34,65.25,70.73,75.66,80,1,89.36
2024,3142254,Municipal,41.67,46.9,53.18,59.37,65.27,70.74,75.67,80,1,85.71
2024,2919926,Municipal,25.81,46.9,53.18,59.37,65.27,70.74,75.67,80,0,94.42
2023,2919926,Municipal,40.7,46.9,53.18,59.37,65.27,70.74,75.67,80,1,71.15
2023,3142254,Municipal,40.7,46.9,53.18,59.37,65.27,70.74,75.67,80,1,91.3
2023,3154804,Municipal,40.7,46.93,53.21,59.39,65.28,70.75,75.67,80,1,83.62
2024,3154804,Municipal,72.91,46.93,53.21,59.39,65.28,70.75,75.67,80,4,90.24
2024,5100409,Municipal,52.91,46.93,53.21,59.39,65.28,70.75,75.67,80,2,93.48
2023,5100409,Municipal,40.7,46.93,53.21,59.39,65.28,70.75,75.67,80,1,90.21
2024,2909406,Municipal,41.9,46.95,53.23,59.4,65.3,70.75,75.67,80,1,92.92
2023,2909406,Municipal,40.8,46.95,53.23,59.4,65.3,70.75,75.67,80,1,86.96
2024,3546009,Municipal,49.71,46.96,53.24,59.41,65.3,70.76,75.68,80,1,82.81
2023,3546009,Municipal,40.8,46.96,53.24,59.41,65.3,70.76,75.68,80,1,85.94
2023,2902658,Municipal,40.8,46.98,53.25,59.42,65.31,70.76,75.68,80,1,90.76
2023,1506500,Municipal,40.8,46.98,53.25,59.42,65.31,70.76,75.68,80,1,78.68
2024,1506500,Municipal,34.18,46.98,53.25,59.42,65.31,70.76,75.68,80,0,88.35
2024,2902658,Municipal,36.73,46.98,53.25,59.42,65.31,70.76,75.68,80,0,97.03
2023,2920106,Municipal,40.8,46.99,53.26,59.43,65.31,70.76,75.68,80,1,92.47
2024,2920106,Municipal,23.42,46.99,53.26,59.43,65.31,70.76,75.68,80,0,92.5
2023,1707405,Municipal,40.8,47,53.27,59.43,65.32,70.77,75.68,80,1,80.31
2023,2513703,Municipal,40.8,47,53.27,59.44,65.32,70.77,75.68,80,1,78.24
2024,2513703,Municipal,35.79,47,53.27,59.44,65.32,70.77,75.68,80,0,75
2024,1707405,Municipal,47.82,47,53.27,59.43,65.32,70.77,75.68,80,1,84.62
2023,3540754,Municipal,40.9,47.02,53.29,59.45,65.33,70.77,75.68,80,1,86.3
2024,2706703,Municipal,42.23,47.02,53.29,59.45,65.33,70.77,75.68,80,1,88.44
2024,5103361,Municipal,69.46,47.02,53.29,59.45,65.33,70.77,75.68,80,3,89.39
2024,3540754,Municipal,46.58,47.02,53.29,59.45,65.33,70.77,75.68,80,1,84.19
2023,5103361,Municipal,40.9,47.02,53.29,59.45,65.33,70.77,75.68,80,1,89.09
2023,2706703,Municipal,40.9,47.02,53.29,59.45,65.33,70.77,75.68,80,1,90.52
2023,4209706,Municipal,40.9,47.04,53.3,59.46,65.34,70.78,75.69,80,1,78.17
2024,4209706,Municipal,56.41,47.04,53.3,59.46,65.34,70.78,75.69,80,2,72.35
2023,2502409,Municipal,40.9,47.04,53.3,59.46,65.34,70.78,75.69,80,1,83.7
2023,2409902,Municipal,40.9,47.04,53.3,59.46,65.34,70.78,75.69,80,1,87.79
2024,2409902,Municipal,33.3,47.04,53.3,59.46,65.34,70.78,75.69,80,0,84.56
2024,2502409,Municipal,60.93,47.04,53.3,59.46,65.34,70.78,75.69,80,3,94.32
2024,3513801,Municipal,48.02,47.05,53.31,59.47,65.34,70.78,75.69,80,1,88.04
2023,3513801,Municipal,40.9,47.05,53.31,59.47,65.34,70.78,75.69,80,1,88.03
2023,2917359,Municipal,40.9,47.06,53.32,59.47,65.34,70.78,75.69,80,1,90.24
2023,2208809,Municipal,40.9,47.06,53.32,59.47,65.34,70.78,75.69,80,1,96.06
2024,2917359,Municipal,43.16,47.06,53.32,59.47,65.34,70.78,75.69,80,1,93.14
2024,2208809,Municipal,31.32,47.06,53.32,59.47,65.34,70.78,75.69,80,0,96.99
2023,3521002,Municipal,40.9,47.07,53.32,59.48,65.35,70.79,75.69,80,1,85.8
2024,3521002,Municipal,44.75,47.07,53.32,59.48,65.35,70.79,75.69,80,1,87.16
2023,2906907,Municipal,40.9,47.08,53.33,59.48,65.35,70.79,75.69,80,1,86.43
2024,3162450,Municipal,33.42,47.08,53.33,59.48,65.35,70.79,75.69,80,0,89.86
2024,2906907,Municipal,49.78,47.08,53.33,59.48,65.35,70.79,75.69,80,1,92.21
2023,3162450,Municipal,40.9,47.08,53.33,59.48,65.35,70.79,75.69,80,1,91.67
2024,2108504,Municipal,51.09,47.1,53.35,59.5,65.36,70.8,75.69,80,2,90.27
2023,2108504,Municipal,40.9,47.1,53.35,59.5,65.36,70.8,75.69,80,1,86.62
2023,2403509,Municipal,,,53.38,59.52,65.38,70.8,75.7,80,,
2024,2403509,Municipal,47.13,,53.38,59.52,65.38,70.8,75.7,80,1,80.9
2023,2927002,Municipal,41,47.13,53.38,59.52,65.38,70.8,75.7,80,1,91.77
2024,2927002,Municipal,33.21,47.13,53.38,59.52,65.38,70.8,75.7,80,0,86.45
2023,4213302,Municipal,41,47.14,53.38,59.52,65.38,70.81,75.7,80,1,78.05
2024,2201101,Municipal,44.97,47.14,53.38,59.52,65.38,70.81,75.7,80,1,97.6
2023,2201101,Municipal,41,47.14,53.38,59.52,65.38,70.81,75.7,80,1,99.15
2024,4213302,Municipal,60.53,47.14,53.38,59.52,65.38,70.81,75.7,80,3,80.49
2023,2931400,Municipal,41,47.18,53.42,59.55,65.4,70.82,75.7,80,1,80
2024,2931400,Municipal,30.56,47.18,53.42,59.55,65.4,70.82,75.7,80,0,94.74
2023,3536802,Municipal,,,53.43,59.56,65.41,70.82,75.7,80,,
2024,3536802,Municipal,47.19,,53.43,59.56,65.41,70.82,75.7,80,1,83.67
2023,3137304,Municipal,41,47.19,53.43,59.56,65.41,70.82,75.7,80,1,97.78
2024,3137304,Municipal,69.48,47.19,53.43,59.56,65.41,70.82,75.7,80,3,90.91
2024,2410900,Municipal,27.78,47.19,53.43,59.56,65.41,70.82,75.7,80,0,80.49
2023,2410900,Municipal,41,47.19,53.43,59.56,65.41,70.82,75.7,80,1,70.59
2023,3133204,Municipal,41.1,47.22,53.45,59.58,65.42,70.83,75.71,80,1,91.51
2023,4315057,Municipal,41.1,47.22,53.45,59.58,65.42,70.83,75.71,80,1,87.5
2024,3133204,Municipal,85.64,47.22,53.45,59.58,65.42,70.83,75.71,80,5,91.74
2024,4315057,Municipal,95.2,47.22,53.45,59.58,65.42,70.83,75.71,80,5,88
2023,2904407,Municipal,41.1,47.23,53.46,59.59,65.43,70.83,75.71,80,1,81.91
2024,2904407,Municipal,40.43,47.23,53.46,59.59,65.43,70.83,75.71,80,1,94
2024,3116100,Municipal,66.15,47.26,53.49,59.6,65.44,70.84,75.71,80,3,96
2023,3116100,Municipal,41.1,47.26,53.49,59.6,65.44,70.84,75.71,80,1,92.5
2024,2102374,Municipal,56.05,47.28,53.5,59.62,65.45,70.85,75.71,80,2,92.93
2023,2102374,Municipal,41.1,47.28,53.5,59.62,65.45,70.85,75.71,80,1,87.88
2023,2800100,Municipal,41.2,47.31,53.53,59.64,65.46,70.85,75.72,80,1,100
2024,2414753,Municipal,53.85,47.31,53.53,59.64,65.46,70.85,75.72,80,2,100
2023,2414753,Municipal,41.2,47.31,53.53,59.64,65.46,70.85,75.72,80,1,94.44
2024,2800100,Municipal,50,47.31,53.53,59.64,65.46,70.85,75.72,80,2,90.91
2024,2403103,Municipal,46.77,47.33,53.54,59.65,65.47,70.86,75.72,80,1,83.64
2023,2403103,Municipal,41.2,47.33,53.54,59.65,65.47,70.86,75.72,80,1,80.6
2024,1501253,Municipal,47.37,,53.57,59.67,65.48,70.87,75.72,80,1,89.83
2023,1501253,Municipal,,,53.57,59.67,65.48,70.87,75.72,80,,
2023,2701704,Municipal,41.2,47.36,53.57,59.67,65.48,70.87,75.72,80,1,95.31
2023,2701357,Municipal,41.2,47.36,53.57,59.67,65.48,70.87,75.72,80,1,89.16
2024,2701357,Municipal,62.12,47.36,53.57,59.67,65.48,70.87,75.72,80,3,98.98
2024,2701704,Municipal,42.53,47.36,53.57,59.67,65.48,70.87,75.72,80,1,97.1
2024,4304671,Municipal,43.9,47.38,53.58,59.68,65.49,70.87,75.73,80,1,81.82
2023,4304671,Municipal,41.3,47.38,53.58,59.68,65.49,70.87,75.73,80,1,95.59
2024,5205455,Municipal,69.63,47.38,53.59,59.68,65.49,70.87,75.73,80,3,96.19
2023,5205455,Municipal,41.3,47.38,53.59,59.68,65.49,70.87,75.73,80,1,91.13
2023,2404606,Municipal,41.3,47.4,53.6,59.69,65.5,70.88,75.73,80,1,76.28
2024,2404606,Municipal,30.13,47.4,53.6,59.69,65.5,70.88,75.73,80,0,79.02
2024,2406809,Municipal,47.42,,53.62,59.71,65.51,70.89,75.73,80,1,84.21
2023,2406809,Municipal,,,53.62,59.71,65.51,70.89,75.73,80,,
