ano,id_municipio,id_escola,id_aluno,caderno,serie,rede,presenca,preenchimento_caderno,alfabetizado,proficiencia,peso_aluno
2023,2408102,60010392,24005396,1,2,3,0,0,0,,
2023,2500700,60010553,25034959,1,2,3,0,0,0,,
2023,3301900,60024579,33033332,1,2,3,0,0,0,,
2023,4106902,60034003,41049443,1,2,3,0,0,0,,
2024,2105302,60005799,21067439,1,2,3,0,0,0,,
2024,3106200,60018137,31121923,1,2,3,0,0,0,,
2024,3134509,60021767,31047050,1,2,3,0,0,0,,
2024,4118204,60034181,41041142,1,2,3,0,0,0,,
2024,5212303,60041241,52053153,1,2,3,1,0,0,,
2023,1302603,60000672,13025864,1,2,3,0,0,0,,
2023,1505809,60003254,15077105,1,2,3,0,0,0,,
2023,2206803,60007178,22034188,1,2,3,0,0,0,,
2023,2607901,60013331,26045746,1,2,3,0,0,0,,
2023,2928802,60015671,29078643,1,2,3,0,0,0,,
2023,3305406,60023794,33149745,1,2,3,0,0,0,,
2024,2408102,60010108,24004066,1,2,3,0,0,0,,
2024,2927408,60017416,29215858,1,2,3,0,0,0,,
2024,3111101,60019983,31182605,1,2,3,0,0,0,,
2024,3511300,60028729,35180614,1,2,3,0,0,0,,
2024,5003157,60039881,50034270,1,2,3,0,0,0,,
2024,5217609,60041390,52075507,1,2,3,0,0,0,,
2023,1303809,60001084,13056668,1,2,3,0,0,0,,
2023,1302603,60001352,13029436,1,2,3,0,0,0,,
2023,1502103,60002175,15034062,1,2,3,0,0,0,,
2023,2506004,60010879,25025008,1,2,3,0,0,0,,
2023,3170206,60021265,31148542,1,2,3,0,0,0,,
2023,3302700,60026103,33050449,1,2,3,0,0,0,,
2024,1600303,60003749,16003093,1,2,3,0,0,0,,
2024,1718204,60004232,17016542,1,2,3,0,0,0,,
2024,2921450,60016567,29153986,1,2,3,0,0,0,,
2024,3108255,60018870,31000064,1,2,2,0,0,0,,
2023,2307650,60008213,23026964,1,2,3,0,0,0,,
2023,2927408,60016312,29109594,1,2,3,0,0,0,,
2023,2925758,60017034,29137474,1,2,3,0,0,0,,
2023,5105259,60040794,51052332,1,2,3,0,0,0,,
2024,1600303,60003798,16012309,1,2,2,0,0,0,,
2024,2919207,60017720,29140179,1,2,3,0,0,0,,
2024,3148004,60019576,31060293,1,2,2,0,0,0,,
2023,2514701,60010733,25037798,1,2,3,0,0,0,,
2023,2513703,60011394,25038114,1,2,3,0,0,0,,
2023,2933307,60017934,29131763,1,2,3,0,0,0,,
2023,3149309,60021345,31037215,1,2,3,0,0,0,,
2023,4202073,60036605,42000536,1,2,3,0,0,0,,
2024,3132305,60019949,31182178,1,2,3,0,0,0,,
2024,4127700,60033910,41137734,1,2,3,0,0,0,,
2024,4309209,60037269,43033770,1,2,3,0,0,0,,
2024,5201405,60041635,52072989,1,2,3,0,0,0,,
2024,3106200,60018064,31180050,1,2,3,0,0,0,,
2024,3301900,60024119,33032548,1,2,3,0,0,0,,
2024,3509205,60028552,35240419,1,2,3,0,0,0,,
2024,5005806,60039806,50026966,1,2,3,0,0,0,,
2023,1508407,60003198,15102768,1,2,3,0,0,0,,
2023,2208007,60007133,22034809,1,2,3,0,0,0,,
2023,2409209,60010035,24022717,1,2,3,0,0,0,,
2023,2512002,60010834,25038135,1,2,3,0,0,0,,
2023,5105002,60040933,51024743,1,2,3,0,0,0,,
2024,1302603,60001340,13033583,1,2,3,0,0,0,,
2024,1500107,60002277,15000025,1,2,3,0,0,0,,
2024,2602803,60011657,26064108,1,2,3,0,0,0,,
2024,2609907,60011412,26062202,1,2,3,0,0,0,,
2024,3101607,60021025,31006650,1,2,3,0,0,0,,
2024,3125101,60021573,31171893,1,2,3,0,0,0,,
2024,3133907,60021986,31185371,1,2,3,0,0,0,,
2024,4122503,60031999,41132560,1,2,3,0,0,0,,
2024,5201108,60041003,52076316,1,2,3,0,0,0,,
2024,5208707,60041189,52003803,1,2,3,0,0,0,,
2024,5218805,60041455,52051041,1,2,3,1,0,0,,
2024,5221858,60042107,52067396,1,2,3,0,0,0,,
2023,2919553,60017743,29047984,1,2,3,0,0,0,,
2023,3170206,60021357,31148717,1,2,3,0,0,0,,
2023,4216206,60035306,42082477,1,2,3,0,0,0,,
2023,5219753,60042589,52078221,1,2,3,0,0,0,,
2024,1714203,60004166,17015638,1,2,3,0,0,0,,
2024,2103000,60005708,21038790,1,2,3,0,0,0,,
2024,2408102,60010189,24004710,1,2,3,0,0,0,,
2024,3505708,60028420,35234699,1,2,3,0,0,0,,
2024,3550308,60026558,35356612,1,2,2,0,0,0,,
2024,4106308,60032760,41138845,1,2,3,0,0,0,,
2024,4202305,60035753,42006253,1,2,3,0,0,0,,
2024,4305454,60036971,43095559,1,2,3,0,0,0,,
2023,1718204,60004019,17015959,1,2,3,0,0,0,,
2023,2611606,60012823,26054151,1,2,3,0,0,0,,
2023,2930709,60017964,29124230,1,2,3,0,0,0,,
2023,4312807,60038094,43031957,1,2,3,0,0,0,,
2024,3164001,60019711,31190934,1,2,3,0,0,0,,
2024,4209102,60035810,42047768,1,2,3,0,0,0,,
2023,2928307,60015654,29078045,1,2,3,0,0,0,,
2023,3304904,60025502,33138526,1,2,3,0,0,0,,
2023,5205497,60042804,52070334,1,2,3,0,0,0,,
2024,2504603,60011004,25034315,1,2,3,0,0,0,,
2024,2912707,60017085,29090305,1,2,3,0,0,0,,
2024,3170107,60020063,31185248,1,2,3,0,0,0,,
2024,3538006,60027204,35131948,1,2,3,0,0,0,,
2024,4201406,60035368,42002120,1,2,2,0,0,0,,
2024,5218003,60040924,52077084,1,2,3,0,0,0,,
2023,1100023,60000075,11000612,1,2,3,0,0,0,,
2023,2401107,60009667,24010020,1,2,3,0,0,0,,
2023,2927408,60016350,29107382,1,2,3,0,0,0,,
2023,2926202,60017983,29133758,1,2,3,0,0,0,,
2023,3301850,60024555,33046454,1,2,3,0,0,0,,
2023,5201405,60041749,52019514,1,2,3,0,0,0,,
2024,1100122,60000111,11022502,1,2,2,0,0,0,,
2024,1702109,60003941,17019521,1,2,3,0,0,0,,
2024,3138203,60020485,31013551,1,2,3,0,0,0,,
2024,3144805,60022138,31180256,1,2,3,0,0,0,,
2024,3518800,60027198,35260353,1,2,3,0,0,0,,
2024,3550308,60026699,35398942,1,2,2,0,0,0,,
2024,4109609,60033836,41138816,1,2,3,0,0,0,,
2024,4113700,60032213,41100821,1,2,3,0,0,0,,
2024,4204202,60035146,42022001,1,2,2,0,0,0,,
2024,4211108,60035832,42058637,1,2,3,0,0,0,,
2023,1502400,60001938,15037175,1,2,3,0,0,0,,
2023,2910701,60018237,29066769,1,2,3,0,0,0,,
2023,3139805,60021749,31105865,1,2,3,0,0,0,,
2023,4202453,60036475,42046648,1,2,3,0,0,0,,
2023,4303103,60037107,43071586,1,2,3,0,0,0,,
2024,1100205,60000003,11021316,1,2,3,0,0,0,,
2024,1503309,60002343,15034210,1,2,3,0,0,0,,
2024,2926400,60017649,29187510,1,2,3,0,0,0,,
2024,3151800,60021551,31185163,1,2,3,0,0,0,,
2024,3170206,60020748,31182733,1,2,3,0,0,0,,
2024,3503901,60028248,35087520,1,2,3,0,0,0,,
2023,2104800,60005947,21055400,1,2,3,0,0,0,,
2023,2303931,60009641,23039249,1,2,3,0,0,0,,
2023,2705101,60014215,27014432,1,2,3,0,0,0,,
2023,2927408,60016428,29112596,1,2,3,0,0,0,,
2023,3300506,60023829,33010486,1,2,3,0,0,0,,
2023,5101407,60040703,51019663,1,2,3,0,0,0,,
2023,5205497,60042580,52069728,1,2,3,0,0,0,,
2024,1301506,60001316,13057896,1,2,3,0,0,0,,
2024,1302603,60000843,13037846,1,2,3,0,0,0,,
2024,1503903,60001555,15039034,1,2,3,0,0,0,,
2024,1707207,60003976,17019721,1,2,3,0,0,0,,
2024,2600054,60012296,26025917,1,2,3,0,0,0,,
2024,4300570,60037185,43023719,1,2,3,0,0,0,,
2024,4314100,60037787,43055041,1,2,3,0,0,0,,
2024,5208707,60042111,52076900,1,2,3,0,0,0,,
2023,3106200,60018338,31115859,1,2,2,0,0,0,,
2023,3136702,60019310,31190716,1,2,2,0,0,0,,
2023,3136652,60021430,31182774,1,2,3,0,0,0,,
2023,5004809,60040482,50608590,1,2,3,0,0,0,,
2024,2704302,60013997,27032920,1,2,3,0,0,0,,
2024,3301702,60024046,33025977,1,2,3,0,0,0,,
2024,3502309,60029858,35028888,1,2,3,0,0,0,,
2024,3506102,60027907,35085040,1,2,3,0,0,0,,
2024,3530607,60030251,35298076,1,2,3,0,0,0,,
2024,4106902,60034359,41133690,1,2,3,0,0,0,,
2024,4314902,60039486,43069132,1,2,3,0,0,0,,
2023,1302603,60001368,13021703,1,2,2,0,0,0,,
2023,2301307,60008802,23052241,1,2,3,0,0,0,,
2023,3302700,60025905,33049508,1,2,3,0,0,0,,
2023,4207007,60035082,42030850,1,2,2,0,0,0,,
2023,4209151,60035350,42041116,1,2,3,0,0,0,,
2023,4202008,60035735,42101868,1,2,3,0,0,0,,
2023,5103403,60041489,51016728,1,2,3,0,0,0,,
2024,1100205,60000027,11009989,1,2,3,0,0,0,,
2024,1200104,60000543,12000390,1,2,3,0,0,0,,
2024,1506807,60001661,15071305,1,2,3,0,0,0,,
2024,3130101,60021628,31179911,1,2,3,0,0,0,,
2024,3136702,60018946,31000239,1,2,2,0,0,0,,
2024,3303807,60023747,33066420,1,2,3,0,0,0,,
2023,1503903,60001390,15049857,1,2,3,0,0,0,,
2023,2211001,60006475,22010012,1,2,3,0,0,0,,
2023,2913903,60017160,29090194,1,2,3,0,0,0,,
2023,3170107,60022506,31068467,1,2,3,0,0,0,,
2023,4115804,60033270,41062639,1,2,3,0,0,0,,
2024,1101435,60000280,11008269,1,2,3,0,0,0,,
2024,1500800,60001891,15010514,1,2,3,0,0,0,,
2024,2901007,60016291,29004743,1,2,3,0,0,0,,
2024,2907202,60014718,29049196,1,2,3,0,0,0,,
2024,3519071,60029020,35218894,1,2,3,0,0,0,,
2024,4105805,60033456,41138463,1,2,3,0,0,0,,
2024,4106902,60033872,41133308,1,2,3,0,0,0,,
2024,4205407,60034375,42091516,1,2,2,0,0,0,,
2023,1300607,60000417,13003045,1,2,3,0,0,0,,
2023,1716109,60003870,17014590,1,2,3,0,0,0,,
2023,2610905,60013160,26072679,1,2,3,0,0,0,,
2023,2911808,60017272,29126915,1,2,3,0,0,0,,
2023,3304557,60025349,33107183,1,2,3,0,0,0,,
2023,5208707,60041791,52083628,1,2,3,0,0,0,,
2023,5208806,60041890,52039367,1,2,3,0,0,0,,
2024,1302603,60001296,13057020,1,2,3,0,0,0,,
2024,1302603,60001349,13030566,1,2,3,0,0,0,,
2024,1505536,60003304,15060624,1,2,3,0,0,0,,
2024,1702109,60004207,17009164,1,2,3,0,0,0,,
2024,2608057,60013160,26067842,1,2,3,0,0,0,,
2024,2927408,60017643,29219753,1,2,3,0,0,0,,
2024,3106200,60020550,31184387,1,2,3,0,0,0,,
2024,3550308,60031789,35388383,1,2,2,0,0,0,,
2024,3552205,60027203,35209304,1,2,3,0,0,0,,
2024,4118907,60031898,41138060,1,2,3,0,0,0,,
2024,4209177,60035490,42079026,1,2,3,0,0,0,,
2023,1302603,60001217,13037474,1,2,3,0,0,0,,
2023,3304557,60025025,33081695,1,2,3,0,0,0,,
2023,5004502,60040667,50597140,1,2,3,0,0,0,,
2023,5101407,60040703,51019671,1,2,3,0,0,0,,
2023,5105259,60041344,51035934,1,2,3,0,0,0,,
2023,5205497,60041952,52069118,1,2,3,0,0,0,,
2024,3502101,60029188,35006242,1,2,3,0,0,0,,
2024,3524402,60028631,35089583,1,2,3,0,0,0,,
2024,4314902,60039079,43067899,1,2,3,0,0,0,,
2024,4316907,60038353,43076849,1,2,3,0,0,0,,
2024,5211503,60041676,52040219,1,2,3,1,0,0,,
2024,5213806,60041532,52074517,1,2,3,0,0,0,,
2023,2908606,60015987,29131161,1,2,3,0,0,0,,
2023,2908606,60018164,29131201,1,2,3,0,0,0,,
2024,1506807,60001639,15071793,1,2,3,0,0,0,,
2024,2203909,60006708,22032188,1,2,3,0,0,0,,
2024,2504009,60010776,25022714,1,2,3,0,0,0,,
2024,4106902,60033481,41134188,1,2,3,0,0,0,,
2023,2511905,60011428,25036920,1,2,3,0,0,0,,
2023,4208906,60036014,42053212,1,2,3,0,0,0,,
2023,5201405,60041739,52018555,1,2,3,0,0,0,,
2024,1302603,60001137,13045852,1,2,2,0,0,0,,
2024,4218202,60034780,42083854,1,2,2,0,0,0,,
2023,2933208,60016530,29124927,1,2,3,0,0,0,,
2023,2904605,60016819,29051548,1,2,3,0,0,0,,
2023,3106200,60018331,31115106,1,2,2,0,0,0,,
2023,3122306,60021031,31001812,1,2,3,0,0,0,,
2023,4310207,60037898,43084276,1,2,3,0,0,0,,
2023,4316907,60038857,43110365,1,2,2,0,0,0,,
2024,1302603,60001338,13047825,1,2,3,0,0,0,,
2024,3162807,60020957,31094947,1,2,3,0,0,0,,
2024,3303906,60023806,33067128,1,2,3,0,0,0,,
2024,3522208,60029338,35275793,1,2,3,0,0,0,,
2024,4314902,60038116,43066681,1,2,2,0,0,0,,
2023,1300300,60000545,13001601,1,2,3,0,0,0,,
2023,2203206,60006761,22035078,1,2,3,0,0,0,,
2023,2919553,60017743,29048002,1,2,3,0,0,0,,
2023,4314100,60038286,43107072,1,2,2,0,0,0,,
2023,4304507,60039977,43096226,1,2,3,0,0,0,,
2023,5003702,60040408,50560220,1,2,3,0,0,0,,
2023,5218508,60042712,52054037,1,2,3,0,0,0,,
2024,3153608,60022120,31028886,1,2,3,0,0,0,,
2024,3303005,60023189,33150585,1,2,3,0,0,0,,
2024,3518800,60027905,35263627,1,2,3,0,0,0,,
2024,5002704,60039682,50002098,1,2,3,0,0,0,,
2023,1503606,60002380,15048017,1,2,3,0,0,0,,
2023,3170206,60021357,31003358,1,2,3,0,0,0,,
2023,4314902,60038551,43004785,1,2,2,0,0,0,,
2023,5004502,60040667,50596920,1,2,3,0,0,0,,
2024,3128907,60020439,31176563,1,2,3,0,0,0,,
2024,3301009,60023217,33016633,1,2,3,0,0,0,,
2023,1301506,60000479,13009167,1,2,2,0,0,0,,
2023,1302603,60000718,13026058,1,2,2,0,0,0,,
2023,2403251,60010520,24019148,1,2,3,0,0,0,,
2023,2508604,60011667,25036912,1,2,3,0,0,0,,
2023,2930774,60017771,29137679,1,2,3,0,0,0,,
2023,3300704,60023925,33015397,1,2,3,0,0,0,,
2023,4115804,60033266,41135620,1,2,3,0,0,0,,
2024,2921708,60017240,29155585,1,2,3,0,0,0,,
2024,3118601,60018173,31066045,1,2,3,0,0,0,,
2024,4203600,60035811,42018509,1,2,3,0,0,0,,
2024,5105200,60040497,51020679,1,2,3,0,0,0,,
2023,3138203,60021304,31003898,1,2,3,0,0,0,,
2023,3306305,60024080,33152284,1,2,3,0,0,0,,
2023,4102802,60032461,41078485,1,2,3,0,0,0,,
2024,3139409,60019080,31181278,1,2,3,0,0,0,,
2024,3518800,60027566,35261192,1,2,3,0,0,0,,
2024,3550308,60026529,35432285,1,2,2,0,0,0,,
2024,4106902,60033520,41125489,1,2,3,0,0,0,,
2024,5201405,60041090,52017422,1,2,3,0,0,0,,
2024,5300108,60042196,53011048,1,2,2,0,0,0,,
2023,1500347,60002984,15104922,1,2,3,0,0,0,,
2023,2610707,60012781,26035101,1,2,3,0,0,0,,
2023,4209102,60035244,42060462,1,2,3,0,0,0,,
2023,5103403,60041310,51015899,1,2,3,0,0,0,,
2024,1302603,60001312,13055943,1,2,2,0,0,0,,
2024,1506807,60003532,15070536,1,2,3,0,0,0,,
2024,2611606,60012821,26047182,1,2,3,0,0,0,,
2024,4114609,60032626,41137855,1,2,3,0,0,0,,
2024,4206504,60035569,42033991,1,2,3,0,0,0,,
2024,5208806,60042117,52074059,1,2,3,0,0,0,,
2023,2304400,60009517,23002123,1,2,3,0,0,0,,
2023,4202404,60035154,42007910,1,2,3,0,0,0,,
2023,4214003,60035359,42041574,1,2,3,0,0,0,,
2023,5106752,60040910,51024969,1,2,3,0,0,0,,
2024,1506807,60001640,15071946,1,2,3,0,0,0,,
2024,3304557,60024995,33125494,1,2,3,0,0,0,,
2024,4115408,60032944,41134800,1,2,3,0,0,0,,
2024,5002704,60039715,50005204,1,2,3,0,0,0,,
2023,2516706,60010721,25037805,1,2,3,0,0,0,,
2023,2903607,60015831,29016250,1,2,3,0,0,0,,
2023,3305604,60023901,33023704,1,2,3,0,0,0,,
2023,3301702,60024536,33024767,1,2,3,0,0,0,,
2023,4105508,60032337,41036958,1,2,3,0,0,0,,
2023,4216602,60034901,42086126,1,2,3,0,0,0,,
2023,4202404,60035137,42008595,1,2,2,0,0,0,,
2024,2110203,60004502,21066952,1,2,3,0,0,0,,
2024,2931350,60017730,29251956,1,2,3,0,0,0,,
2024,3550308,60031637,35377627,1,2,2,0,0,0,,
2024,4104907,60032506,41137361,1,2,3,0,0,0,,
2024,4310330,60037419,43095816,1,2,3,0,0,0,,
2023,2105989,60004886,21032010,1,2,3,0,0,0,,
2023,3304201,60026148,33076732,1,2,3,0,0,0,,
2023,4214805,60036240,42078515,1,2,3,0,0,0,,
2024,3548906,60031569,35173506,1,2,2,0,0,0,,
2024,4219853,60036061,42018871,1,2,3,0,0,0,,
2023,2510105,60010824,25037686,1,2,3,0,0,0,,
2023,3201308,60022960,32020381,1,2,3,0,0,0,,
2023,4100400,60033767,41004778,1,2,3,0,0,0,,
2023,4309308,60037831,43022315,1,2,3,0,0,0,,
2024,1505437,60002675,15054335,1,2,3,0,0,0,,
2024,1709500,60004018,17019486,1,2,3,0,0,0,,
2024,3530300,60030294,35098599,1,2,3,0,0,0,,
2024,4119152,60033639,41131185,1,2,3,0,0,0,,
2024,4321204,60039535,43053828,1,2,3,0,0,0,,
2023,1500800,60001684,15011181,1,2,2,0,0,0,,
2023,2507507,60011618,25038089,1,2,3,0,0,0,,
2024,2110500,60005648,21069285,1,2,3,0,0,0,,
2024,3550308,60029419,35343297,1,2,3,0,0,0,,
2024,4106902,60034286,41133378,1,2,3,0,0,0,,
2023,1302603,60001222,13034045,1,2,3,0,0,0,,
2023,2407401,60010370,24013855,1,2,3,0,0,0,,
2023,2507507,60011303,25003291,1,2,2,0,0,0,,
2023,2507507,60011347,25005654,1,2,3,0,0,0,,
2023,2910800,60015546,29074166,1,2,3,0,0,0,,
2023,3204807,60023268,32045904,1,2,3,0,0,0,,
2023,4202909,60035887,42014072,1,2,2,0,0,0,,
2023,4209102,60036396,42057635,1,2,3,0,0,0,,
2024,3124104,60021906,31190608,1,2,3,0,0,0,,
2024,4306767,60039477,43025784,1,2,3,0,0,0,,
2024,5108402,60040698,51046683,1,2,3,0,0,0,,
2023,1709500,60003880,17020008,1,2,3,0,0,0,,
2023,2101202,60004888,21046539,1,2,3,0,0,0,,
2023,2700706,60013651,27000898,1,2,3,0,0,0,,
2023,3118601,60020928,31028618,1,2,3,0,0,0,,
2023,3153608,60021020,31202568,1,2,3,0,0,0,,
2023,4115200,60034334,41093855,1,2,3,0,0,0,,
2023,5105259,60041328,51035776,1,2,3,0,0,0,,
2024,1100338,60000046,11004671,1,2,3,0,0,0,,
2024,1508126,60003064,15085034,1,2,3,0,0,0,,
2024,2109809,60004630,21067772,1,2,3,0,0,0,,
2024,2602902,60012600,26033852,1,2,3,0,0,0,,
2024,3201308,60022572,32018173,1,2,3,0,0,0,,
2024,3205002,60022610,32044700,1,2,3,0,0,0,,
2024,3541000,60027503,35145023,1,2,3,0,0,0,,
2024,4125456,60032655,41137592,1,2,3,0,0,0,,
2024,4127106,60032459,41137557,1,2,3,0,0,0,,
2024,4209458,60036018,42089981,1,2,3,0,0,0,,
2023,1507300,60003503,15092490,1,2,3,0,0,0,,
2023,2503704,60010567,25035465,1,2,3,0,0,0,,
2023,2704302,60014327,27026836,1,2,3,0,0,0,,
2023,4107009,60032808,41116835,1,2,3,0,0,0,,
2023,4205407,60034803,42033729,1,2,2,0,0,0,,
2024,2905602,60016738,29032403,1,2,3,0,0,0,,
2024,3157807,60020710,31185500,1,2,3,0,0,0,,
2024,3518800,60026059,35259146,1,2,3,0,0,0,,
2024,3530607,60025900,35294948,1,2,3,0,0,0,,
2024,3550308,60031700,35351455,1,2,2,0,0,0,,
2024,4314407,60037851,43057148,1,2,3,0,0,0,,
2023,3300100,60024172,33001771,1,2,3,0,0,0,,
2023,4104907,60032913,41110984,1,2,3,0,0,0,,
2024,3302858,60025339,33049456,1,2,3,0,0,0,,
2024,4106902,60033503,41079133,1,2,3,0,0,0,,
2024,4108304,60032794,41134361,1,2,3,0,0,0,,
2024,5217609,60041856,52075554,1,2,3,0,0,0,,
2023,1507151,60003453,15093454,1,2,3,0,0,0,,
2023,2110278,60004412,21018625,1,2,3,0,0,0,,
2023,2102705,60004555,21012669,1,2,3,0,0,0,,
2023,2211001,60007170,22014641,1,2,3,0,0,0,,
2023,3304201,60024055,33075353,1,2,3,0,0,0,,
2023,4122701,60034358,41004161,1,2,3,0,0,0,,
2024,1500503,60001696,15004080,1,2,3,0,0,0,,
2024,3518800,60030035,35267139,1,2,3,0,0,0,,
2024,5103403,60040390,51050663,1,2,3,0,0,0,,
2024,5105259,60040702,51026242,1,2,3,0,0,0,,
2023,1500404,60003264,15003421,1,2,3,0,0,0,,
2023,2202307,60006715,22034932,1,2,3,0,0,0,,
2023,3200607,60023423,32026072,1,2,3,0,0,0,,
2023,4202107,60035315,42005824,1,2,3,0,0,0,,
2023,5208707,60042802,52010072,1,2,3,0,0,0,,
2024,1600303,60003796,16004351,1,2,3,0,0,0,,
2024,2112456,60006183,21067795,1,2,3,0,0,0,,
2024,2706703,60013734,27022952,1,2,3,0,0,0,,
2024,4100400,60034047,41109815,1,2,3,0,0,0,,
2024,4114807,60032071,41008985,1,2,3,0,0,0,,
2024,4202008,60035281,42003515,1,2,3,0,0,0,,
2024,4203204,60035994,42016799,1,2,3,0,0,0,,
2023,2110005,60004731,21022144,1,2,3,0,0,0,,
2023,2103307,60006156,21044662,1,2,3,0,0,0,,
2023,3302205,60026002,33038980,1,2,3,0,0,0,,
2023,4120903,60033535,41131398,1,2,3,0,0,0,,
2023,4119954,60034458,41103012,1,2,3,0,0,0,,
2024,2207900,60006622,22006198,1,2,3,0,0,0,,
2024,2914505,60015291,29101012,1,2,3,0,0,0,,
2024,3530607,60027413,35295976,1,2,3,0,0,0,,
2023,1302603,60001183,13021749,1,2,3,0,0,0,,
2023,2108306,60004473,21063294,1,2,3,0,0,0,,
2023,3304557,60024899,33084677,1,2,3,0,0,0,,
2023,3304557,60025243,33118907,1,2,3,0,0,0,,
2023,4106902,60034371,41053394,1,2,3,0,0,0,,
2023,4315602,60038728,43036958,1,2,3,0,0,0,,
2024,3304557,60024784,33137914,1,2,3,0,0,0,,
2023,1100114,60000100,11005219,1,2,2,0,0,0,,
2023,2105005,60005874,21016856,1,2,3,0,0,0,,
2023,2303303,60009627,23048466,1,2,3,0,0,0,,
2023,2700300,60013766,27000685,1,2,3,0,0,0,,
2023,4102802,60034471,41078657,1,2,3,0,0,0,,
2023,4102109,60034501,41088640,1,2,3,0,0,0,,
2023,4101507,60034741,41002594,1,2,3,0,0,0,,
2023,4316907,60038857,43110376,1,2,2,0,0,0,,
2023,5205109,60042248,52026407,1,2,3,0,0,0,,
2023,5221403,60042710,52037848,1,2,3,0,0,0,,
2024,2611606,60012564,26078936,1,2,3,0,0,0,,
2024,2925303,60017800,29180461,1,2,3,0,0,0,,
2024,3532306,60030977,35224054,1,2,3,0,0,0,,
2024,5102504,60040460,51047703,1,2,3,0,0,0,,
2023,1301209,60000525,13007461,1,2,3,0,0,0,,
2023,1505536,60002823,15075856,1,2,3,0,0,0,,
2023,2211001,60007056,22013368,1,2,3,0,0,0,,
2023,2303303,60009627,23048483,1,2,3,0,0,0,,
2023,2408003,60010389,24011980,1,2,2,0,0,0,,
2023,2917508,60015418,29061559,1,2,3,0,0,0,,
2023,2907806,60018096,29066162,1,2,3,0,0,0,,
2023,4125506,60034155,41026486,1,2,3,0,0,0,,
2023,4215802,60036126,42081316,1,2,3,0,0,0,,
2023,4309407,60037859,43105215,1,2,2,0,0,0,,
2024,1501402,60003263,15094913,1,2,3,0,0,0,,
2024,1507953,60002402,15080270,1,2,3,0,0,0,,
2024,2312908,60009084,23005818,1,2,3,0,0,0,,
2024,2930154,60017107,29908790,1,2,3,0,0,0,,
2024,3552403,60028071,35216242,1,2,3,0,0,0,,
2024,4113304,60033089,41006187,1,2,3,0,0,0,,
2024,4204202,60035129,42023109,1,2,2,0,0,0,,
2024,4211900,60034497,42064812,1,2,3,0,0,0,,
2024,5103403,60040398,51049847,1,2,3,0,0,0,,
2023,2207702,60006337,22034065,1,2,3,0,0,0,,
2023,3305554,60024407,33146185,1,2,3,0,0,0,,
2023,3304557,60025305,33122610,1,2,3,0,0,0,,
2023,4311981,60040150,43023520,1,2,3,0,0,0,,
2024,1100205,60000226,11022399,1,2,3,0,0,0,,
2024,2403103,60009781,24029185,1,2,3,0,0,0,,
2024,4203204,60036189,42017248,1,2,3,0,0,0,,
2024,5103403,60040383,51038540,1,2,3,0,0,0,,
2023,2920908,60017209,29017021,1,2,3,0,0,0,,
2023,2911808,60017272,29126930,1,2,3,0,0,0,,
2023,2925204,60017687,29104998,1,2,3,0,0,0,,
2023,4209409,60036064,42066297,1,2,2,0,0,0,,
2024,1100452,60000261,11019920,1,2,3,0,0,0,,
2024,1302603,60001180,13049330,1,2,3,0,0,0,,
2024,1501402,60001955,15089426,1,2,3,0,0,0,,
2024,2905602,60016738,29032410,1,2,3,0,0,0,,
2024,3143302,60020900,31181379,1,2,3,0,0,0,,
2024,3542701,60028202,35066894,1,2,3,0,0,0,,
2024,4203204,60035285,42017720,1,2,3,0,0,0,,
2024,5300108,60042157,53015125,1,2,2,0,0,0,,
2023,1507102,60002819,15100640,1,2,3,0,0,0,,
2023,3143302,60019528,31140169,1,2,2,0,0,0,,
2023,5201405,60041736,52018274,1,2,3,0,0,0,,
2024,3118304,60021654,31163708,1,2,3,0,0,0,,
2024,3170206,60020752,31182740,1,2,3,0,0,0,,
2024,4118006,60033932,41028243,1,2,3,0,0,0,,
2023,1300409,60000996,13002332,1,2,3,0,0,0,,
2023,2302206,60009166,23093356,1,2,3,0,0,0,,
2023,2313955,60009516,23087743,1,2,3,0,0,0,,
2023,2611606,60012862,26055589,1,2,3,0,0,0,,
2023,4115705,60034782,41100732,1,2,3,0,0,0,,
2023,5106307,60040835,51026865,1,2,3,0,0,0,,
2024,1200203,60000415,12002248,1,2,2,0,0,0,,
2024,1302603,60001516,13051075,1,2,3,0,0,0,,
2024,1500107,60002875,15000447,1,2,3,0,0,0,,
2024,1500909,60003473,15012281,1,2,3,0,0,0,,
2024,2704302,60013618,27032616,1,2,3,0,0,0,,
2024,5201405,60041877,52073051,1,2,3,0,0,0,,
2023,1500404,60001427,15003001,1,2,3,0,0,0,,
2023,2507507,60011318,25036676,1,2,3,0,0,0,,
2023,2704302,60013986,27001380,1,2,3,0,0,0,,
2023,2927408,60018123,29115633,1,2,3,0,0,0,,
2023,3118304,60020766,31176652,1,2,3,0,0,0,,
2023,4106902,60033927,41043269,1,2,3,0,0,0,,
2024,4127700,60032682,41138729,1,2,3,0,0,0,,
2023,2403251,60010468,24018730,1,2,3,0,0,0,,
2023,2910701,60015728,29066407,1,2,3,0,0,0,,
2023,4322400,60039576,43013523,1,2,3,0,0,0,,
2023,4318051,60040147,43108743,1,2,3,0,0,0,,
2024,2408102,60010281,24005823,1,2,3,0,0,0,,
2024,3106200,60018113,31184317,1,2,3,0,0,0,,
2024,3305752,60024145,33033017,1,2,3,0,0,0,,
2024,4125209,60032968,41085492,1,2,3,0,0,0,,
2024,4125704,60032867,41138794,1,2,3,0,0,0,,
2023,1506500,60001949,15084553,1,2,3,0,0,0,,
2023,1500305,60003273,15002230,1,2,3,0,0,0,,
2023,2103604,60005524,21044994,1,2,3,0,0,0,,
2023,2211100,60006525,22033747,1,2,3,0,0,0,,
2023,2303501,60009419,23094317,1,2,3,0,0,0,,
2023,3305802,60026161,33147819,1,2,3,0,0,0,,
2023,5218706,60042320,52038691,1,2,3,0,0,0,,
2024,1200336,60000614,12003752,1,2,3,0,0,0,,
2024,1302504,60000790,13015152,1,2,2,0,0,0,,
2024,1718550,60004174,17010572,1,2,3,0,0,0,,
2024,2403251,60010353,24018054,1,2,3,0,0,0,,
2024,3144656,60019285,31139693,1,2,3,0,0,0,,
2024,4106902,60033534,41134011,1,2,3,0,0,0,,
2024,4216206,60034862,42074604,1,2,3,0,0,0,,
2023,4305108,60037384,43089902,1,2,2,0,0,0,,
2023,4318705,60040048,43117466,1,2,3,0,0,0,,
2023,5103403,60041310,51015885,1,2,3,0,0,0,,
2023,5201108,60041654,52012602,1,2,3,0,0,0,,
2024,3111309,60020826,31196789,1,2,3,0,0,0,,
2024,3147709,60018573,31020320,1,2,3,0,0,0,,
2024,4107652,60034268,41054451,1,2,3,0,0,0,,
2023,1302603,60001177,13033452,1,2,3,0,0,0,,
2023,2927408,60018140,29115777,1,2,3,0,0,0,,
2023,3304557,60024968,33132279,1,2,3,0,0,0,,
2023,4106902,60033946,41044813,1,2,3,0,0,0,,
2024,2105500,60004973,21029299,1,2,3,0,0,0,,
2024,2800670,60014403,28007703,1,2,3,1,0,0,,
2024,3170206,60020807,31128142,1,2,3,0,0,0,,
2024,3303906,60023806,33067135,1,2,3,0,0,0,,
2024,4121406,60032892,41134876,1,2,3,0,0,0,,
2024,4209102,60035966,42048228,1,2,3,0,0,0,,
2023,3302403,60023754,33043581,1,2,3,1,1,0,636.5805,0.2280726
2023,3147907,60019893,31165525,1,2,2,1,1,1,778.5051,0.4216439
2023,3137205,60021940,31162084,1,2,2,1,1,1,831.4248,0.5453872
2023,4204806,60035456,42032344,1,2,3,1,1,0,742.069288,0.5858863
2023,3124807,60021989,31132417,1,2,2,1,1,1,831.4248125,0.591468
2023,1505908,60002898,15077517,1,2,3,1,1,0,721.9482352,0.6224676
2023,2922409,60016695,29035648,1,2,3,1,1,0,726.8051362,0.6334676
2023,3131307,60020702,31145139,1,2,2,1,1,1,780.7650818,0.635586
2023,3137205,60021940,31162082,1,2,2,1,1,1,852.2630719,0.6468101
2023,3107802,60020941,31171464,1,2,2,1,1,0,725.2518,0.6819631
2023,2305001,60007389,23076903,1,2,3,1,1,1,903.60064,0.688
2023,3136702,60019292,31152494,1,2,2,1,1,1,777.618,0.6959366
2023,3147006,60019835,31160959,1,2,2,1,1,1,791.1998,0.7054979
2023,3136702,60019304,31184587,1,2,2,1,1,0,687.3105,0.711919
2023,3155405,60021718,31028281,1,2,3,1,1,0,693.1449,0.7215192
2023,2932606,60016810,29056233,1,2,3,1,1,0,687.3823519,0.732007
2023,2306504,60007919,23091465,1,2,3,1,1,1,818.2283094,0.742029
2023,2309706,60008269,23031548,1,2,3,1,1,1,749.0801019,0.7558685
2023,3304557,60024863,33090163,1,2,3,1,1,1,778.8374,0.7582418
2023,1300102,60000511,13000875,1,2,2,1,1,1,776.0946405,0.7607383
2023,3118601,60018514,31181658,1,2,2,1,1,1,801.3291964,0.7632631
2023,3167202,60021948,31157683,1,2,2,1,1,1,786.8491,0.7706965
2023,3167202,60021948,31157658,1,2,2,1,1,1,852.2631,0.7706965
2023,2910057,60018064,29103957,1,2,3,1,1,1,772.0046562,0.7752144
2023,5218805,60042563,52056652,1,2,3,1,1,1,784.9216896,0.7783528
2023,3118601,60021815,31070715,1,2,3,1,1,0,732.0725995,0.783119
2023,3130556,60018730,31072114,1,2,3,1,1,0,700.9239,0.7857143
2023,4317806,60039046,43056200,1,2,3,1,1,1,756.2402393,0.8005601
2023,3170206,60020483,31155760,1,2,2,1,1,0,731.4258,0.8064927
2023,2300101,60008990,23067401,1,2,3,1,1,1,791.7477955,0.8067227
2023,3154606,60022277,31209407,1,2,3,1,1,1,750.9506562,0.8159325
2023,1507953,60003420,15095755,1,2,3,1,1,1,772.9036621,0.8163254
2023,1507953,60003420,15095754,1,2,3,1,1,1,743.8252654,0.8163254
2023,1507953,60003420,15095771,1,2,3,1,1,0,693.5029279,0.8163254
2023,5210406,60041680,52061557,1,2,3,1,1,1,768.0466317,0.8170871
2023,3146305,60020272,31161501,1,2,2,1,1,1,802.6845,0.8187965
2023,1501402,60003278,15020924,1,2,3,1,1,0,683.144502,0.8234559
2023,1501402,60003278,15020925,1,2,3,1,1,0,686.5936086,0.8234559
2023,4127700,60033105,41123379,1,2,3,1,1,1,743.7782642,0.8244846
2023,4127700,60033105,41123384,1,2,3,1,1,0,737.2984825,0.8244846
2023,4127700,60033105,41123371,1,2,3,1,1,1,766.5386301,0.8244846
2023,3162104,60019946,31064990,1,2,3,1,1,1,770.0081,0.8304576
2023,4119152,60034069,41011774,1,2,3,1,1,0,659.2449699,0.8347662
2023,4205407,60034817,42035157,1,2,2,1,1,1,815.9734245,0.8364097
2023,3107307,60021808,31040786,1,2,3,1,1,1,761.6219,0.8377245
2023,1301902,60000756,13012692,1,2,2,1,1,1,780.7055001,0.8403942
2023,4314902,60038443,43000614,1,2,3,1,1,1,749.0671612,0.8415617
2023,3123007,60020092,31149234,1,2,3,1,1,1,787.6281,0.8443249
2023,2702306,60014084,27017744,1,2,3,1,1,1,774.8316755,0.8448467
2023,4124020,60034527,41036674,1,2,3,1,1,0,726.5804464,0.849999
2023,4124020,60034527,41036685,1,2,3,1,1,1,767.5952356,0.849999
2023,2914604,60015351,29130437,1,2,3,1,1,0,738.1178719,0.8547759
2023,2922805,60018077,29035748,1,2,3,1,1,1,783.0210061,0.8557228
2023,2922805,60018077,29035756,1,2,3,1,1,0,719.6335948,0.8557228
2023,2314102,60007484,23080967,1,2,3,1,1,1,849.3384043,0.8571429
2023,2920908,60017208,29016966,1,2,3,1,1,0,721.0341539,0.8618672
2023,2911907,60015484,29057713,1,2,3,1,1,1,799.2679602,0.8647296
2023,1501709,60003192,15031126,1,2,3,1,1,0,717.1177904,0.8660197
2023,4206108,60036616,42012981,1,2,3,1,1,1,794.8160654,0.8663844
2023,4206108,60036616,42012994,1,2,3,1,1,1,775.9697485,0.8663844
2023,2927408,60017859,29108925,1,2,3,1,1,1,752.1285554,0.866612
2023,2905800,60017015,29023534,1,2,3,1,1,0,652.8933441,0.8670848
2023,5201405,60042552,52021440,1,2,3,1,1,0,734.5611549,0.8683027
2023,2608800,60013245,26013739,1,2,3,1,1,1,747.5444918,0.8717949
2023,3304557,60025413,33091976,1,2,3,1,1,1,749.5989,0.8717949
2023,3304557,60025413,33091975,1,2,3,1,1,1,788.5385,0.8717949
2023,1503309,60002183,15044859,1,2,3,1,1,0,737.6193114,0.8767891
2023,3203056,60022742,32030401,1,2,3,1,1,1,798.6613213,0.8776442
2023,5218789,60042214,52048580,1,2,3,1,1,1,778.0034263,0.8778569
2023,3147105,60018915,31166321,1,2,2,1,1,0,660.2537,0.8787525
2023,2909703,60017490,29047466,1,2,3,1,1,1,781.5383007,0.8788115
2023,4314308,60038327,43114256,1,2,3,1,1,0,731.5678886,0.8805656
2023,3125606,60020670,31041205,1,2,3,1,1,0,736.6902,0.8857582
2023,3143302,60021068,31075181,1,2,3,1,1,1,775.8433,0.8863677
2023,1302603,60000601,13019638,1,2,3,1,1,1,779.0431302,0.8884675
2023,1302603,60000695,13023023,1,2,2,1,1,0,698.9856501,0.8886744
2023,4202909,60035890,42014452,1,2,3,1,1,1,778.8936224,0.889059
2023,4123907,60032784,41040873,1,2,3,1,1,0,716.9251,0.88943
2023,2207702,60007211,22003292,1,2,3,1,1,0,736.404308,0.8899515
2023,3304557,60025373,33100609,1,2,3,1,1,0,623.898,0.8900684
2023,1501402,60001863,15019958,1,2,3,1,1,1,757.1784925,0.8939522
2023,4316907,60039934,43112204,1,2,3,1,1,1,767.6828134,0.8940138
2023,4113700,60032646,41082940,1,2,3,1,1,1,757.4474,0.8965965
2023,1507953,60003105,15095225,1,2,3,1,1,1,757.6172067,0.8996209
2023,3205101,60023034,32024006,1,2,3,1,1,1,784.2490663,0.9007569
2023,2704302,60014293,27024120,1,2,3,1,1,1,754.4954594,0.9012026
2023,2704302,60014293,27024105,1,2,3,1,1,0,666.1205859,0.9012026
2023,4205001,60035653,42086499,1,2,3,1,1,0,651.8017338,0.9015688
2023,2922003,60017327,29133064,1,2,3,1,1,1,772.7882303,0.901842
2023,3134905,60019138,31138099,1,2,2,1,1,1,796.4873286,0.9020301
2023,3134905,60019138,31137965,1,2,2,1,1,1,783.9157545,0.9020301
2023,3152501,60021425,31073409,1,2,3,1,1,1,749.0277,0.9027702
2023,2205201,60006865,22020697,1,2,3,1,1,1,845.7223438,0.9046996
2023,2205201,60006865,22020701,1,2,3,1,1,1,799.5753485,0.9046996
2023,3157807,60018581,31180724,1,2,3,1,1,0,741.2559,0.9055878
2023,4127007,60033619,41074434,1,2,3,1,1,1,786.7885989,0.9061673
2023,2707701,60014039,27009042,1,2,3,1,1,0,667.4502991,0.9079047
2023,3304557,60025016,33101913,1,2,3,1,1,0,734.6986,0.9096154
2023,4113700,60034712,41086580,1,2,3,1,1,1,743.2893,0.9097193
2023,2903003,60015312,29000634,1,2,3,1,1,0,704.4949763,0.9118957
2023,2905701,60016216,29101205,1,2,3,1,1,1,759.3962316,0.9125322
2023,3154606,60022508,31208070,1,2,3,1,1,0,682.5378,0.9125601
2023,2206050,60006860,22020824,1,2,3,1,1,1,760.2563089,0.9132525
2023,3304557,60024960,33103134,1,2,3,1,1,0,738.7602,0.9137599
2023,3304557,60024960,33103135,1,2,3,1,1,1,746.1035,0.9137599
2023,3122306,60021820,31069984,1,2,3,1,1,1,779.902,0.9140099
2023,1600303,60003711,16007579,1,2,3,1,1,0,710.6576069,0.9146341
2023,3304151,60026192,33074703,1,2,3,1,1,1,785.4614,0.9149696
2023,3120904,60021408,31005617,1,2,3,1,1,0,725.1654398,0.9160326
2023,3106200,60018457,31105219,1,2,3,1,1,0,696.5408689,0.916264
2023,2207702,60007139,22003273,1,2,3,1,1,1,801.3834402,0.9163662
2023,2928000,60018151,29015345,1,2,3,1,1,1,778.2149496,0.9173515
2023,2923100,60017884,29071170,1,2,3,1,1,0,740.6577419,0.9174521
2023,2103802,60005064,21051190,1,2,3,1,1,1,794.4923187,0.917515
2023,2103802,60005064,21051199,1,2,3,1,1,0,731.2984129,0.917515
2023,3143906,60019700,31170373,1,2,3,1,1,1,807.1196,0.9188134
2023,4109401,60033476,41068961,1,2,3,1,1,1,807.701771,0.9201084
2023,3118601,60018517,31065270,1,2,3,1,1,1,799.4957,0.9203144
2023,4107850,60033342,41064444,1,2,3,1,1,1,773.4478707,0.9216074
2023,3205200,60023052,32013887,1,2,3,1,1,1,802.9153339,0.9217794
2023,2924603,60017914,29097673,1,2,3,1,1,1,748.1047216,0.9235402
2023,2924603,60017914,29097675,1,2,3,1,1,0,648.6232837,0.9235402
2023,2924603,60017914,29097670,1,2,3,1,1,1,773.1593677,0.9235402
2023,4108403,60033353,41064953,1,2,3,1,1,0,738.922304,0.9238894
2023,1716208,60004071,17009708,1,2,3,1,1,1,746.4503206,0.9249493
2023,3205200,60023500,32018137,1,2,3,1,1,1,760.7460181,0.9250646
2023,1505502,60002510,15067187,1,2,3,1,1,1,749.804224,0.9254575
2023,5218805,60042103,52054719,1,2,3,1,1,1,766.399354,0.9266364
2023,2106508,60005985,21063017,1,2,3,1,1,1,801.2284136,0.9267699
2023,2106508,60005985,21063021,1,2,3,1,1,1,822.9051176,0.9267699
2023,2100477,60005984,21019071,1,2,3,1,1,0,727.515147,0.9268871
2023,2508604,60011667,25008900,1,2,3,1,1,0,709.4741088,0.928
2023,3122306,60018843,31158608,1,2,2,1,1,0,742.0960073,0.9294219
2023,2930808,60018148,29011813,1,2,3,1,1,0,737.9766856,0.9306002
2023,3304557,60025042,33085596,1,2,3,1,1,0,675.5392,0.9310345
2023,3304557,60025042,33085579,1,2,3,1,1,0,646.1978,0.9310345
2023,4104303,60032395,41029637,1,2,3,1,1,0,738.8535,0.9314488
2023,1304203,60000503,13060587,1,2,2,1,1,1,770.4630335,0.933205
2023,1304203,60000503,13060595,1,2,2,1,1,1,773.4625649,0.933205
2023,3110509,60019111,31124550,1,2,3,1,1,1,828.5145,0.9332229
2023,2306405,60009238,23062346,1,2,3,1,1,1,820.1875119,0.9333745
2023,2304707,60007303,23075157,1,2,3,1,1,1,903.60064,0.9347826
2023,3306305,60024089,33152770,1,2,3,1,1,0,704.4626678,0.9350003
2023,2112852,60005740,21036560,1,2,3,1,1,1,766.1984169,0.9361114
2023,4117107,60032251,41098342,1,2,3,1,1,1,750.763,0.9377949
2023,5219753,60042359,52077972,1,2,3,1,1,1,767.2998251,0.9387524
2023,2104800,60005947,21055371,1,2,3,1,1,0,682.8495873,0.9390403
2023,2104800,60005947,21055387,1,2,3,1,1,0,662.4588199,0.9390403
2023,3301702,60024505,33027395,1,2,3,1,1,1,749.2498,0.9395634
2023,5107925,60041435,51040952,1,2,3,1,1,1,849.88,0.94
2023,5208608,60041607,52029677,1,2,3,1,1,1,825.5433297,0.9411542
2023,2101707,60004397,21016231,1,2,3,1,1,1,765.6184926,0.9415376
2023,2701308,60013882,27033336,1,2,3,1,1,0,661.5012508,0.9427609
2023,4119152,60034072,41012010,1,2,3,1,1,1,806.1886994,0.9437668
2023,2703809,60013896,27006299,1,2,3,1,1,0,629.2763651,0.9439224
2023,2924207,60017505,29064456,1,2,3,1,1,0,694.2788755,0.9441247
2023,3118601,60018628,31080775,1,2,3,1,1,1,796.4873,0.9444645
2023,3118601,60018628,31080791,1,2,3,1,1,1,754.5525,0.9444645
2023,2109452,60006098,21002373,1,2,3,1,1,0,715.6055564,0.9448271
2023,3131307,60021153,31056631,1,2,3,1,1,1,816.3801,0.9448561
2023,2610608,60012437,26023110,1,2,3,1,1,1,793.4487248,0.9458647
2023,3135076,60020233,31014419,1,2,3,1,1,1,770.8875154,0.9461649
2023,3135076,60020233,31007614,1,2,3,1,1,0,650.8851145,0.9461649
2023,2913457,60018241,29024068,1,2,3,1,1,1,745.902666,0.947881
2023,5201108,60041640,52011680,1,2,3,1,1,1,786.4144319,0.9499695
2023,5201108,60041640,52011673,1,2,3,1,1,1,786.9356816,0.9499695
2023,2607208,60013005,26041243,1,2,3,1,1,0,724.7679026,0.9509434
2023,4205902,60035189,42038295,1,2,2,1,1,1,755.6376837,0.9512033
2023,4113908,60034613,41073407,1,2,3,1,1,1,782.0604881,0.9514592
2023,3300407,60024002,33157838,1,2,3,1,1,1,756.1336,0.9517828
2023,4113700,60032675,41084975,1,2,3,1,1,1,783.2748132,0.9518581
2023,2301208,60009381,23090142,1,2,3,1,1,0,738.0839607,0.9543798
2023,4106902,60033917,41042454,1,2,3,1,1,1,756.6439331,0.9544031
2023,2308351,60008503,23045108,1,2,3,1,1,1,792.6313934,0.9545455
2023,3106200,60022343,31101538,1,2,3,1,1,0,701.8503,0.9550174
2023,3162708,60021816,31201014,1,2,3,1,1,1,760.9741,0.9574466
2023,1100296,60000239,11016687,1,2,3,1,1,1,760.8899196,0.9578701
2023,2100600,60006072,21027067,1,2,3,1,1,1,776.3915602,0.9583406
2023,3301009,60023651,33018624,1,2,3,1,1,0,693.5159,0.9593326
2023,4318408,60039131,43023836,1,2,2,1,1,0,680.9704889,0.9594961
2023,5107925,60040804,51039676,1,2,3,1,1,1,775.43,0.96
2023,2603454,60012664,26039809,1,2,3,1,1,1,773.1734233,0.9609
2023,2603454,60012664,26039787,1,2,3,1,1,1,782.5877994,0.9609
2023,2909802,60016091,29086914,1,2,3,1,1,0,719.1266537,0.9611403
2023,4121752,60033527,41071817,1,2,3,1,1,1,771.7296,0.9615391
2023,2917201,60016835,29052833,1,2,3,1,1,0,739.3969267,0.9617831
2023,3105608,60022191,31037326,1,2,3,1,1,0,716.3323,0.9618436
2023,3105608,60022191,31037292,1,2,3,1,1,1,761.5431,0.9618436
2023,4208450,60035289,42049556,1,2,3,1,1,1,762.5825208,0.9628063
2023,3141603,60021657,31061071,1,2,3,1,1,1,826.9876,0.9645918
2023,4104808,60033127,41032318,1,2,3,1,1,1,779.0837839,0.9656575
2023,5220108,60041716,52064972,1,2,3,1,1,1,772.6216837,0.9656928
2023,2208106,60006636,22018948,1,2,3,1,1,1,752.0907686,0.9658592
2023,2302800,60009073,23088387,1,2,3,1,1,1,848.5922903,0.9666667
2023,2302800,60009073,23099853,1,2,3,1,1,1,887.8603713,0.9666667
2023,3300704,60026175,33011604,1,2,3,1,1,1,762.4558192,0.9668117
2023,2201150,60007155,22023544,1,2,3,1,1,1,767.7641992,0.968244
2023,4211900,60036652,42072753,1,2,3,1,1,0,680.6596,0.9684366
2023,4117800,60033436,41109823,1,2,3,1,1,0,715.2536231,0.9690972
2023,4115200,60032493,41091033,1,2,3,1,1,0,739.050415,0.9696291
2023,3122603,60018995,31137800,1,2,2,1,1,1,772.7688,0.9696663
2023,3303302,60024727,33056410,1,2,3,1,1,1,752.3408,0.9703977
2023,4212809,60035762,42076880,1,2,3,1,1,1,750.2837185,0.9711752
2023,1721208,60004022,17017304,1,2,3,1,1,1,762.5944048,0.9712632
2023,1721208,60004022,17017301,1,2,3,1,1,1,753.2288324,0.9712632
2023,2300408,60008451,23046634,1,2,3,1,1,1,844.940185,0.9713989
2023,3106200,60018364,31121183,1,2,2,1,1,0,738.8881,0.9714286
2023,2614402,60011823,26064681,1,2,3,1,1,1,778.8779051,0.9722992
2023,2304400,60008152,23000493,1,2,3,1,1,1,820.5347678,0.9724256
2023,3106200,60021922,31039052,1,2,2,1,1,1,826.9876,0.9724675
2023,3106200,60021922,31039051,1,2,2,1,1,1,767.8640404,0.9724675
2023,3106200,60021922,31039063,1,2,2,1,1,1,824.9539773,0.9724675
2023,1302603,60001009,13049502,1,2,2,1,1,0,660.5522589,0.9731986
2023,2917607,60017434,29036287,1,2,3,1,1,1,763.5567635,0.9741286
2023,2917607,60017434,29036303,1,2,3,1,1,1,747.1775345,0.9741286
2023,2917607,60017434,29036296,1,2,3,1,1,1,836.2323434,0.9741286
2023,2303709,60008085,23022544,1,2,3,1,1,0,662.7806357,0.9745293
2023,3305752,60024607,33034703,1,2,3,1,1,1,745.6161,0.9755528
2023,2304509,60007496,23082099,1,2,3,1,1,1,820.7634203,0.9756098
2023,4212205,60036503,42068318,1,2,3,1,1,1,770.9452,0.9756181
2023,2611606,60013182,26057435,1,2,3,1,1,1,763.6753997,0.9762397
2023,2304400,60009354,23018102,1,2,3,1,1,1,804.3388184,0.976305
2023,2904308,60016636,29034815,1,2,3,1,1,1,746.1538991,0.9763201
2023,4101002,60033294,41063698,1,2,3,1,1,1,749.9773997,0.9765468
2023,2507507,60011535,25007223,1,2,3,1,1,1,806.1455913,0.9767483
2023,4314902,60038439,43000186,1,2,3,1,1,0,705.2280995,0.9767578
2023,3303302,60024704,33055982,1,2,3,1,1,0,728.0283,0.9767674
2023,3303302,60024704,33055997,1,2,3,1,1,0,640.3318,0.9767674
2023,3127503,60022115,31019377,1,2,3,1,1,1,807.1196,0.9777038
2023,2408003,60009689,24011067,1,2,2,1,1,0,724.159176,0.9779066
2023,2918704,60016677,29036890,1,2,3,1,1,1,768.0925289,0.9781341
2023,3138203,60022110,31008589,1,2,3,1,1,1,792.5138645,0.9781517
2023,2208403,60007150,22007622,1,2,3,1,1,0,673.1366726,0.978338
2023,4321808,60039767,43035198,1,2,3,1,1,1,755.4905358,0.9784062
2023,3151800,60021355,31056506,1,2,3,1,1,0,735.6779,0.9785713
2023,3302858,60024814,33051004,1,2,3,1,1,1,761.90784,0.9788801
2023,1718840,60004016,17012736,1,2,3,1,1,0,734.7298611,0.9800443
2023,4204301,60036270,42025684,1,2,3,1,1,1,776.3651879,0.980252
2023,3113909,60020539,31183347,1,2,3,1,1,1,752.21505,0.9804698
2023,4316402,60038774,43038593,1,2,2,1,1,1,752.2977067,0.9819124
2023,1302603,60000599,13027247,1,2,3,1,1,1,753.82002,0.9820387
2023,5201405,60042584,52021839,1,2,3,1,1,0,711.6698734,0.9824142
2023,5200258,60042419,52075199,1,2,3,1,1,0,675.3712027,0.9830729
2023,3303500,60024747,33158524,1,2,3,1,1,0,676.6926,0.9831192
2023,1500107,60003255,15000933,1,2,3,1,1,1,777.9459771,0.9836127
2023,2613305,60012365,26018473,1,2,3,1,1,1,774.8385219,0.9836306
2023,2208650,60007006,22030475,1,2,3,1,1,0,714.1679049,0.9852115
2023,2903003,60015310,29000587,1,2,3,1,1,0,729.349626,0.9862745
2023,2918209,60016672,29035410,1,2,3,1,1,1,760.4059979,0.987006
2023,2933307,60016950,29131586,1,2,3,1,1,1,747.0314839,0.9886871
2023,4109401,60034442,41070859,1,2,3,1,1,1,778.8404402,0.9887004
2023,3106705,60021102,31162469,1,2,3,1,1,0,742.9109,0.9892798
2023,5103403,60040975,51010010,1,2,3,1,1,0,680.3,0.99
2023,5103403,60040975,51010014,1,2,3,1,1,1,808.18,0.99
2023,5103403,60041021,51014227,1,2,3,1,1,1,828.65,0.99
2023,1303908,60001048,13057709,1,2,3,1,1,0,684.3780413,0.9902672
2023,2304400,60009429,23001485,1,2,3,1,1,1,823.1013498,0.9909274
2023,3170107,60020440,31093481,1,2,3,1,1,0,702.5175,0.9913632
2023,4119905,60032992,41114807,1,2,3,1,1,0,680.5233174,0.9929593
2023,4119905,60032992,41114818,1,2,3,1,1,1,764.5818,0.9929593
2023,3151800,60019983,31029612,1,2,3,1,1,0,685.8568693,0.9932343
2023,3129806,60018636,31033071,1,2,3,1,1,1,786.6995,0.9943354
2023,2611101,60013460,26080096,1,2,3,1,1,1,789.5073357,0.9944783
2023,2611101,60013460,26080100,1,2,3,1,1,1,802.3238235,0.9944783
2023,2913408,60016765,29007552,1,2,3,1,1,0,738.5884956,0.9952992
2023,4309209,60037799,43073260,1,2,3,1,1,1,782.6716357,0.9961424
2023,3118601,60021930,31067050,1,2,3,1,1,0,642.9763,0.9962087
2023,2507507,60011537,25007335,1,2,3,1,1,0,679.7036682,0.997327
2023,4104204,60033852,41018977,1,2,3,1,1,1,772.0577546,0.9974647
2023,1505304,60001407,15067080,1,2,3,1,1,1,783.705645,0.9979771
2023,3170206,60020509,31115708,1,2,3,1,1,0,707.8464,0.9980542
2023,2613800,60012227,26023773,1,2,3,1,1,0,677.6750763,0.9982245
2023,4113700,60034712,41086568,1,2,3,1,1,1,801.6877404,0.9984221
2023,2700300,60013766,27007067,1,2,3,1,1,0,675.7016019,0.9991837
2023,2307809,60007344,23073273,1,2,3,1,1,1,801.9289051,0.9992593
2023,5002407,60040522,50384300,1,2,3,1,1,0,691.4,1
2024,2304400,60009166,23064554,1,2,3,1,1,1,747.74,1
2024,2306900,60008998,23018751,1,2,3,1,1,1,793.25,1
2024,2903201,60017553,29018192,1,2,3,1,1,0,693.02,1
2024,2909604,60017216,29060294,1,2,3,1,1,0,683.38,1
2024,3554201,60028711,35139521,1,2,3,1,1,0,695.2530997,1
2024,5204805,60041573,52073298,1,2,3,1,1,0,640.72,1
2023,2510907,60010603,25014842,1,2,3,1,1,0,731.0299046,1
2023,5002704,60040289,50426820,1,2,3,1,1,1,807.78,1
2023,5006606,60040454,50685880,1,2,3,1,1,1,807.78,1
2024,2307254,60007334,23041835,1,2,3,1,1,1,777.79,1
2024,2311405,60008331,23005629,1,2,3,1,1,1,819.84,1
2024,2605905,60012199,26023260,1,2,3,1,1,1,774.6,1
2024,3537305,60029478,35130989,1,2,3,1,1,1,806.3990448,1
2024,3550308,60026700,35376183,1,2,2,1,1,1,821.514298,1
2024,2101970,60005598,21021680,1,2,3,1,1,0,684.83,1
2024,2702405,60013235,27008824,1,2,3,1,1,1,789.52,1
2024,2801009,60014500,28003887,1,2,3,1,1,0,668.3,1
2024,2900702,60015607,29003005,1,2,3,1,1,0,692.4,1
2024,2919926,60017160,29146678,1,2,3,1,1,0,700.51,1
2024,3547809,60026145,35311020,1,2,3,1,1,0,736.491207,1
2024,5007109,60039997,50013480,1,2,3,1,1,1,774.62,1
2023,2104800,60005013,21054951,1,2,3,1,1,1,850.5152296,1
2023,2211001,60006498,22010932,1,2,3,1,1,0,721.5579749,1
2023,2312700,60008544,23046198,1,2,3,1,1,1,777.4754402,1
2023,2801306,60014592,28141437,1,2,3,1,1,0,629.84,1
2023,5007406,60040229,50702280,1,2,3,1,1,1,781.96,1
2024,2304400,60009446,23020994,1,2,3,1,1,1,841.8,1
2024,2313351,60007800,23069224,1,2,3,1,1,1,831.71,1
2024,2900702,60015594,29002095,1,2,3,1,1,0,693.02,1
2024,2919207,60015929,29136420,1,2,3,1,1,1,776.69,1
2024,2932903,60017747,29259483,1,2,3,1,1,0,734.24,1
2024,5003256,60039746,50017098,1,2,3,1,1,0,680.21,1
2023,5106109,60041027,51045575,1,2,3,1,1,1,787.51,1
2024,1304237,60000694,13026547,1,2,3,1,1,0,675.54,1
2024,2304400,60008954,23037020,1,2,3,1,1,0,674.94,1
2024,2613305,60012021,26016428,1,2,3,1,1,1,776.21,1
2024,2919553,60017808,29143776,1,2,3,1,1,0,720.13,1
2024,2933307,60016612,29264979,1,2,3,1,1,1,774.56,1
2023,5003157,60040469,50513220,1,2,3,1,1,1,776.43,1
2024,2207900,60006613,22005975,1,2,3,1,1,0,689.56,1
2024,2308906,60007354,23018024,1,2,3,1,1,1,871.26,1
2024,2611101,60011605,26069930,1,2,3,1,1,1,763.5,1
2024,2703007,60013507,27010264,1,2,3,1,1,1,743.02,1
2024,2900702,60015593,29001998,1,2,3,1,1,1,758.96,1
2024,2908408,60015507,29054929,1,2,3,1,1,1,756.44,1
2024,2909901,60014730,29062172,1,2,3,1,1,0,739.63,1
2024,2925956,60015301,29184553,1,2,3,1,1,0,741.2,1
2024,3506003,60031689,35025639,1,2,2,1,1,0,683.9920566,1
2024,3509502,60031782,35048032,1,2,2,1,1,1,748.0014653,1
2024,4117701,60032514,41064133,1,2,3,1,1,1,765.98,1
2023,2610301,60012311,26014085,1,2,3,1,1,0,717.6255818,1
2024,2308104,60009470,23068915,1,2,3,1,1,0,700.1,1
2024,2308500,60008401,23032766,1,2,3,1,1,1,847.87,1
2024,2907707,60017175,29052485,1,2,3,1,1,0,681.47,1
2024,3131604,60021268,31009504,1,2,3,1,1,1,765.62,1
2024,3502507,60030860,35067364,1,2,3,1,1,0,692.8009497,1
2024,3534708,60029378,35129081,1,2,3,1,1,1,758.7605722,1
2024,3549904,60027100,35189811,1,2,3,1,1,1,806.3990448,1
2024,3550308,60026612,35428895,1,2,2,1,1,1,796.360933,1
2024,5002951,60039743,50032457,1,2,3,1,1,0,623.48,1
2023,5006200,60040508,50653100,1,2,3,1,1,1,822.79,1
2023,5003702,60040632,50564570,1,2,3,1,1,0,663.42,1
2024,2301901,60009150,23019732,1,2,3,1,1,1,816.71,1
2024,2707206,60013275,27024725,1,2,3,1,1,1,789.11,1
2024,2930105,60014962,29238086,1,2,3,1,1,0,703.93,1
2024,3133303,60019880,31151422,1,2,3,1,1,0,705.99,1
2024,3136900,60021158,31142036,1,2,3,1,1,1,770.09,1
2024,3504404,60029477,35130301,1,2,3,1,1,1,821.514298,1
2023,2307650,60009253,23028470,1,2,3,1,1,1,878.4035663,1
2024,2611101,60012723,26071043,1,2,3,1,1,0,667.8,1
2024,2615102,60011979,26013673,1,2,3,1,1,0,705.51,1
2024,2905008,60016398,29029373,1,2,3,1,1,0,686.88,1
2024,2905156,60017399,29029919,1,2,3,1,1,1,769.13,1
2024,2919553,60017377,29915384,1,2,3,1,1,1,770.31,1
2024,3202553,60022810,32046936,1,2,3,1,1,1,800.9,1
2024,5215306,60041551,52074667,1,2,3,1,1,1,776.58,1
2023,3205309,60023523,32011008,1,2,3,1,1,1,874.6309277,1
2023,5005806,60040394,50645650,1,2,3,1,1,1,749.78,1
2024,1301902,60000948,13011046,1,2,3,1,1,1,765.98,1
2024,2501104,60011171,25018213,1,2,3,1,1,1,850.59,1
2024,2902807,60017265,29013618,1,2,3,1,1,0,685.17,1
2024,2918001,60017134,29125587,1,2,3,1,1,0,714.16,1
2024,2928208,60017284,29919094,1,2,3,1,1,0,672.5,1
2024,2932804,60016281,29258011,1,2,3,1,1,0,713.54,1
2024,3133709,60018609,31106043,1,2,3,1,1,0,731.38,1
2024,3204401,60022788,32040205,1,2,3,1,1,0,686.55,1
2024,3539301,60030568,35142066,1,2,3,1,1,1,821.514298,1
2024,3556107,60029360,35233080,1,2,3,1,1,1,748.0432867,1
2023,2512754,60011097,25014355,1,2,3,1,1,0,714.4441129,1
2023,3110608,60019173,31099856,1,2,3,1,1,0,663.7087,1
2024,1600303,60003703,16002425,1,2,3,1,1,0,685.83,1
2024,2301901,60008753,23019641,1,2,3,1,1,1,770.4,1
2024,2501807,60011359,25013900,1,2,3,1,1,0,665.9,1
2024,2704302,60014005,27016223,1,2,3,1,1,0,724.8,1
2024,5205497,60041296,52063137,1,2,3,1,1,0,705.99,1
2023,2105708,60004673,21049569,1,2,3,1,1,1,826.0379585,1
2023,2211001,60006498,22010939,1,2,3,1,1,1,752.5590466,1
2023,5005251,60040443,50620300,1,2,3,1,1,0,730.97,1
2024,1508001,60002416,15081699,1,2,3,1,1,1,756.85,1
2024,2201051,60006631,22014793,1,2,3,1,1,0,677.63,1
2024,2201200,60006262,22003361,1,2,3,1,1,1,748.23,1
2024,2302800,60007815,23008958,1,2,3,1,1,1,850.81,1
2024,2701308,60013538,27032315,1,2,3,1,1,1,768.83,1
2024,2926103,60015530,29185657,1,2,3,1,1,1,769.84,1
2024,2927408,60016018,29198897,1,2,3,1,1,1,752.37,1
2024,2930006,60017262,29237625,1,2,3,1,1,1,760.08,1
2024,3524709,60030474,35041184,1,2,3,1,1,1,773.5256568,1
2024,3536703,60028458,35096941,1,2,3,1,1,0,707.8042303,1
2024,5213053,60041969,52070485,1,2,3,1,1,1,777.16,1
2023,2302602,60007274,23074448,1,2,3,1,1,1,852.9666525,1
2023,2309409,60008347,23044298,1,2,3,1,1,1,858.4912237,1
2023,2309409,60008351,23044373,1,2,3,1,1,1,754.8201911,1
2023,2611101,60011908,26076275,1,2,3,1,1,1,774.3653487,1
2023,5003488,60040210,50542700,1,2,3,1,1,0,720.81,1
2024,2103257,60004950,21032980,1,2,3,1,1,1,764.75,1
2024,2204808,60007163,22019043,1,2,3,1,1,1,821.55,1
2024,3134806,60020939,31188739,1,2,3,1,1,1,795.73,1
2024,3550308,60027009,35361226,1,2,3,1,1,1,806.3990448,1
2024,4321451,60038876,43107859,1,2,3,1,1,1,771.4373541,1
2023,3162401,60019624,31117635,1,2,3,1,1,1,852.2630719,1
2023,5003256,60040332,50534610,1,2,3,1,1,0,689.46,1
2024,2201988,60006753,22022394,1,2,3,1,1,1,792.25,1
2024,2312007,60007542,23072961,1,2,3,1,1,1,806.04,1
2024,2907103,60017581,29049137,1,2,3,1,1,1,755.87,1
2024,2111607,60005565,21056575,1,2,3,1,1,1,773.97,1
2024,2313401,60009267,23003184,1,2,3,1,1,1,769.07,1
2024,2700300,60013828,27002625,1,2,3,1,1,0,660.02,1
2024,3201308,60023039,32045816,1,2,3,1,1,0,730.71,1
2024,3205309,60023131,32010133,1,2,3,1,1,1,835.52,1
2024,3543402,60026387,35155330,1,2,2,1,1,1,753.5128206,1
2023,2306108,60009479,23083032,1,2,3,1,1,1,847.6564241,1
2023,2501005,60010844,25017296,1,2,3,1,1,1,788.2980301,1
2023,2501005,60010844,25017295,1,2,3,1,1,0,700.2330289,1
2023,5100201,60040869,51001826,1,2,3,1,1,0,739.22,1
2024,2101103,60004447,21014325,1,2,3,1,1,1,811.47,1
2024,2605152,60011588,26069037,1,2,3,1,1,1,757.39,1
2024,2613602,60012888,26058227,1,2,3,1,1,0,698.1,1
2024,2928802,60015329,29230027,1,2,3,1,1,0,717.51,1
2024,3108909,60018822,31142465,1,2,3,1,1,1,819.31,1
2024,3165305,60021249,31026881,1,2,3,1,1,1,773.5,1
2024,5007505,60039991,50013712,1,2,3,1,1,1,766.97,1
2023,2801108,60014558,28150029,1,2,3,1,1,0,729.76,1
2024,2305407,60008587,23014967,1,2,3,1,1,1,807.82,1
2024,2707909,60013710,27027083,1,2,3,1,1,0,711.24,1
2024,2913903,60017135,29098588,1,2,3,1,1,0,678.31,1
2024,2915809,60017287,29112178,1,2,3,1,1,0,705.08,1
2024,2919207,60017479,29139630,1,2,3,1,1,0,728.48,1
2024,3140506,60018550,31175060,1,2,2,1,1,0,735.78,1
2024,3152204,60019193,31014936,1,2,2,1,1,1,749.58,1
2024,3507209,60031356,35015715,1,2,3,1,1,1,821.514298,1
2024,3555000,60026467,35228262,1,2,2,1,1,0,672.4592668,1
2024,5201405,60041734,52018778,1,2,3,1,1,1,797.42,1
2023,2707701,60014040,27013066,1,2,3,1,1,0,713.3102528,1
2024,2305266,60008300,23075790,1,2,3,1,1,1,743.19,1
2024,2500403,60010676,25020845,1,2,3,1,1,0,727.08,1
2024,2911808,60016933,29086589,1,2,3,1,1,1,755.87,1
2024,2927408,60017643,29219746,1,2,3,1,1,1,804.33,1
2024,3537800,60029953,35229553,1,2,3,1,1,1,766.8449345,1
2024,4104907,60032501,41038779,1,2,3,1,1,1,769.79,1
2024,5205497,60041297,52063226,1,2,3,1,1,0,647.15,1
2023,2304285,60008105,23024916,1,2,3,1,1,1,803.1885736,1
2023,5005806,60040394,50645580,1,2,3,1,1,0,727.61,1
2024,3537602,60029975,35199678,1,2,3,1,1,0,728.9154624,1
2024,3550308,60025887,35352132,1,2,2,1,1,1,786.1511403,1
2024,3557006,60027828,35231384,1,2,3,1,1,1,743.5783276,1
2024,5002704,60040101,50010173,1,2,3,1,1,1,780.74,1
2023,2313609,60007441,23079845,1,2,3,1,1,1,793.3718318,1
2023,2707701,60014040,27013000,1,2,3,1,1,1,757.9211954,1
2023,5003488,60040210,50542780,1,2,3,1,1,0,606.78,1
2023,5002704,60040256,50422520,1,2,3,1,1,0,736.04,1
2024,2109239,60005856,21023970,1,2,3,1,1,0,626.86,1
2024,2211407,60007192,22017966,1,2,3,1,1,1,773.76,1
2024,3123403,60021111,31109590,1,2,3,1,1,1,770.98,1
2024,3146107,60019443,31156874,1,2,3,1,1,1,772.72,1
2024,3161007,60021627,31082935,1,2,3,1,1,1,792.77,1
2024,3502101,60028580,35006110,1,2,3,1,1,1,821.514298,1
2024,3550308,60026514,35384295,1,2,2,1,1,0,730.6348368,1
2024,5006200,60040033,50031547,1,2,3,1,1,1,751.53,1
2023,2804201,60014399,28214558,1,2,3,1,1,0,671.15,1
2023,3139706,60018890,31004834,1,2,3,1,1,1,769.9731,1
2023,5005400,60040507,50627790,1,2,3,1,1,1,790.48,1
2024,2605301,60011395,26061094,1,2,3,1,1,1,756.71,1
2024,2925303,60017699,29180048,1,2,3,1,1,1,804.33,1
2024,4113254,60033015,41081012,1,2,3,1,1,0,689.71,1
2023,2303402,60007366,23076228,1,2,3,1,1,1,812.8795475,1
2024,2308104,60009470,23026081,1,2,3,1,1,1,756.53,1
2024,2606804,60012278,26027581,1,2,3,1,1,0,676.02,1
2024,2610707,60012421,26078368,1,2,3,1,1,0,741.84,1
2024,2700102,60013219,27001526,1,2,3,1,1,0,669.38,1
2024,2902906,60016535,29014604,1,2,3,1,1,0,684.2,1
2024,2904605,60016487,29025985,1,2,3,1,1,1,761.79,1
2024,2914000,60015283,29099158,1,2,3,1,1,0,727.94,1
2024,2933307,60016600,29263799,1,2,3,1,1,0,729.04,1
2024,3547809,60026114,35309423,1,2,2,1,1,1,756.6385512,1
2024,3550308,60029214,35347387,1,2,3,1,1,1,752.8484334,1
2024,4125100,60033904,41069542,1,2,3,1,1,1,767.21,1
2023,5007695,60040237,50711760,1,2,3,1,1,0,630.97,1
2024,2921005,60017879,29151867,1,2,3,1,1,1,789.22,1
2024,2926004,60017029,29185348,1,2,3,1,1,1,754.32,1
2024,3528502,60029919,35246477,1,2,3,1,1,1,762.3404876,1
2024,2302404,60009099,23041488,1,2,3,1,1,1,821.18,1
2024,2304400,60009357,23088615,1,2,3,1,1,1,769.04,1
2024,2504603,60011007,25015079,1,2,3,1,1,1,796.71,1
2024,2803500,60014187,28007108,1,2,3,1,1,0,637.28,1
2024,2900702,60015600,29002457,1,2,3,1,1,1,813.25,1
2024,2910800,60017155,29077530,1,2,3,1,1,0,659.07,1
2024,3165537,60021743,31076820,1,2,3,1,1,0,740.21,1
2023,5007695,60040234,50712530,1,2,3,1,1,0,621,1
2024,2308351,60008396,23019623,1,2,3,1,1,1,860.04,1
2024,2311108,60008849,23051793,1,2,3,1,1,1,755.21,1
2024,2930105,60014969,29238705,1,2,3,1,1,0,738.02,1
2024,2304269,60008392,23023890,1,2,3,1,1,1,797.05,1
2024,2311801,60008532,23054230,1,2,3,1,1,1,821.13,1
2024,2903201,60014622,29016605,1,2,3,1,1,1,791.44,1
2024,2910057,60017932,29064278,1,2,3,1,1,0,658.83,1
2024,2924009,60014839,29906838,1,2,3,1,1,0,716.81,1
2024,3205101,60022659,32022423,1,2,3,1,1,1,767.82,1
2024,3520103,60029891,35178193,1,2,3,1,1,1,806.3990448,1
2024,3529401,60026096,35289657,1,2,2,1,1,0,738.8105161,1
2024,3543006,60029854,35008390,1,2,3,1,1,1,781.0188242,1
2023,2304400,60009503,23014551,1,2,3,1,1,1,845.460888,1
2023,2806701,60014908,28194670,1,2,3,1,1,0,713.96,1
2023,5007406,60040230,50703690,1,2,3,1,1,0,726.27,1
2023,5003702,60040552,50552660,1,2,3,1,1,1,782.49,1
2024,2613008,60011789,26013038,1,2,3,1,1,0,640.91,1
2024,2906501,60015894,29043282,1,2,3,1,1,1,775.79,1
2024,2918100,60015350,29126564,1,2,3,1,1,1,749.62,1
2024,3527603,60030691,35154571,1,2,3,1,1,1,806.3990448,1
2024,3550209,60028922,35073369,1,2,3,1,1,0,723.2828558,1
2023,2511905,60011432,25009271,1,2,3,1,1,1,769.0451777,1
2024,1100288,60000371,11016239,1,2,3,1,1,1,753.1,1
2024,2201200,60006266,22003554,1,2,3,1,1,0,647.96,1
2024,2301000,60007980,23020804,1,2,3,1,1,1,756.47,1
2024,2613602,60012887,26058186,1,2,3,1,1,0,651.2,1
2024,2905909,60017563,29039822,1,2,3,1,1,0,708.49,1
2024,2925501,60017822,29182147,1,2,3,1,1,1,750.4,1
2024,3549904,60027093,35189171,1,2,3,1,1,1,821.514298,1
2024,5002209,60039793,50026009,1,2,3,1,1,1,743.17,1
2023,3165503,60019099,31099239,1,2,3,1,1,0,698.4112572,1
2024,2606101,60012136,26015586,1,2,3,1,1,0,733.62,1
2024,2700300,60013407,27003372,1,2,3,1,1,0,731.51,1
2024,3160108,60021012,31042558,1,2,3,1,1,1,775.54,1
2024,4124509,60032040,41038539,1,2,3,1,1,1,780.75,1
2024,5300108,60042346,53026465,1,2,2,1,1,1,865.36,1
2023,5003504,60040500,50545140,1,2,3,1,1,0,738.99,1
2024,2614857,60012235,26025397,1,2,3,1,1,0,728.42,1
2024,3549904,60029029,35191375,1,2,3,1,1,0,626.5846077,1
2024,1501402,60001993,15091045,1,2,2,1,1,0,687.8,1
2024,2202208,60006589,22015013,1,2,3,1,1,0,666.83,1
2024,2511400,60010551,25026570,1,2,3,1,1,1,755.51,1
2024,2611101,60011613,26070346,1,2,3,1,1,1,834.26,1
2024,2911105,60017895,29082746,1,2,3,1,1,0,691.43,1
2024,2917300,60016686,29118658,1,2,3,1,1,1,763.89,1
2024,2927408,60015988,29196035,1,2,3,1,1,0,720.54,1
2024,3509502,60026335,35041941,1,2,2,1,1,1,778.2353432,1
2023,2211001,60006498,22010934,1,2,3,1,1,1,801.0714139,1
2023,2310704,60007835,23064065,1,2,3,1,1,1,792.6313934,1
2023,5002209,60040378,50377880,1,2,3,1,1,0,672.5,1
2024,2106755,60004702,21012670,1,2,3,1,1,0,662.15,1
2024,2110039,60004856,21024169,1,2,3,1,1,0,717.51,1
2024,2111300,60004396,21005930,1,2,3,1,1,0,719.1,1
2024,2913200,60017592,29092349,1,2,3,1,1,0,703.96,1
2024,3146107,60019442,31110685,1,2,2,1,1,0,735.83,1
2024,3204906,60022393,32029615,1,2,3,1,1,0,737.8,1
2024,3515707,60030127,35324683,1,2,3,1,1,1,751.6862078,1
2024,4120804,60033673,41008425,1,2,3,1,1,1,785.66,1
2023,5007901,60040318,50718540,1,2,3,1,1,0,670.44,1
2023,5008305,60040357,50742460,1,2,3,1,1,1,807.78,1
2024,2310407,60007831,23026265,1,2,3,1,1,1,805.76,1
2024,2927408,60017314,29214913,1,2,3,1,1,0,688.11,1
2024,3140001,60019450,31098485,1,2,3,1,1,1,793.29,1
2024,3167004,60020211,31176559,1,2,3,1,1,1,754.83,1
2024,3550308,60025750,35396584,1,2,2,1,1,1,778.2353432,1
2024,4127957,60032688,41042795,1,2,3,1,1,1,805.23,1
2023,2310258,60007762,23063584,1,2,3,1,1,1,797.4226463,1
2023,5002704,60040275,50435610,1,2,3,1,1,1,791.18,1
2023,5105606,60041357,51023236,1,2,3,1,1,1,774.69,1
2024,2304236,60007365,23054937,1,2,3,1,1,0,740.03,1
2024,2304400,60009045,23086735,1,2,3,1,1,1,800.44,1
2024,2701001,60013723,27005506,1,2,3,1,1,1,780.96,1
2024,2305209,60007620,23009973,1,2,3,1,1,1,877.13,1
2024,2307650,60008156,23054037,1,2,3,1,1,1,798.03,1
2024,2604106,60011741,26003216,1,2,3,1,1,0,731.14,1
2024,2706000,60013337,27021157,1,2,3,1,1,1,798.34,1
2024,2923001,60017437,29161991,1,2,3,1,1,1,749.73,1
2024,3539301,60028215,35141848,1,2,3,1,1,0,641.0536173,1
2024,3550308,60025802,35393200,1,2,2,1,1,0,712.4129452,1
2023,3201704,60023314,32047111,1,2,3,1,1,1,774.7828889,1
2024,2304400,60008957,23062577,1,2,3,1,1,1,845.97,1
2024,2912202,60016247,29088356,1,2,3,1,1,0,677.43,1
2024,2918357,60015031,29127729,1,2,3,1,1,1,770.31,1
2024,4116802,60031959,41006431,1,2,3,1,1,1,776.34,1
2024,5008305,60039771,50037993,1,2,3,1,1,1,790.25,1
2023,3200102,60022863,32046104,1,2,2,1,1,1,805.4276431,1
2023,5007208,60040460,50695170,1,2,3,1,1,1,761.04,1
2024,1200609,60000570,12005703,1,2,3,1,1,1,758.26,1
2024,2207900,60006621,22006155,1,2,3,1,1,1,769.41,1
2024,2302800,60007802,23062591,1,2,3,1,1,1,854.58,1
2024,3550605,60029557,35195497,1,2,3,1,1,0,644.7132242,1
2023,5007554,60040547,50707130,1,2,3,1,1,1,763.87,1
2024,2910800,60017574,29078814,1,2,3,1,1,0,692.5,1
2024,2930105,60014969,29238697,1,2,3,1,1,0,707.02,1
2024,3122306,60020546,31055742,1,2,3,1,1,1,800.26,1
2024,3162559,60020845,31159924,1,2,3,1,1,1,770.93,1
2024,3546603,60030180,35093380,1,2,3,1,1,1,806.3990448,1
2024,3554102,60029112,35225293,1,2,3,1,1,1,781.8094351,1
2024,4117271,60032301,41060116,1,2,3,1,1,1,756.91,1
2023,3203700,60023206,32045834,1,2,3,1,1,1,796.7611175,1
2024,1720804,60003914,17015183,1,2,3,1,1,1,786.62,1
2024,2205805,60007196,22004858,1,2,3,1,1,1,821.55,1
2024,2304400,60009283,23078940,1,2,3,1,1,0,711.54,1
2024,2807501,60014432,28004942,1,2,3,1,1,0,678.97,1
2024,2917607,60016318,29121680,1,2,3,1,1,0,665.45,1
2024,3201209,60022939,32037272,1,2,3,1,1,1,744.4,1
2023,2301000,60008034,23019857,1,2,3,1,1,1,846.2949006,1
2023,2706307,60014180,27012150,1,2,3,1,1,0,644.2117073,1
2024,1100155,60000122,11021560,1,2,3,1,1,0,688.36,1
2024,2100477,60005817,21017638,1,2,3,1,1,0,729.08,1
2024,2915601,60016964,29111450,1,2,3,1,1,0,739.46,1
2024,2923704,60014904,29166020,1,2,3,1,1,0,698.81,1
2024,2923803,60015468,29166374,1,2,3,1,1,1,776.4,1
2024,2907103,60017264,29049079,1,2,3,1,1,1,747.14,1
2024,3132503,60018438,31124664,1,2,2,1,1,1,797.58,1
2023,5005004,60040391,50613260,1,2,3,1,1,0,681.46,1
2024,2200053,60007063,22027628,1,2,3,1,1,1,777.69,1
2024,2208304,60006428,22006495,1,2,3,1,1,0,719.94,1
2024,2304202,60008768,23000567,1,2,3,1,1,1,789.94,1
2024,2304707,60007315,23050077,1,2,3,1,1,1,866.26,1
2024,2601300,60011989,26013737,1,2,3,1,1,1,775.3,1
2024,2605152,60011587,26068980,1,2,3,1,1,0,728.66,1
2024,2805901,60014291,28009774,1,2,3,1,1,1,779.6,1
2024,3555406,60029945,35058788,1,2,3,1,1,0,724.0595445,1
2024,5205059,60041675,52050033,1,2,3,1,1,1,831.37,1
2023,2700102,60014139,27019002,1,2,3,1,1,0,700.1191313,1
2024,2100477,60005771,21017550,1,2,3,1,1,1,832.8,1
2024,2201929,60006749,22023610,1,2,3,1,1,1,747.51,1
2024,2205565,60006956,22022819,1,2,3,1,1,1,783.91,1
2024,2304400,60008989,23039061,1,2,3,1,1,1,760.7,1
2024,2307106,60008802,23076070,1,2,3,1,1,1,817.79,1
2024,2601102,60011366,26079327,1,2,3,1,1,1,761.28,1
2024,2704302,60013663,27014701,1,2,3,1,1,0,701.21,1
2024,2906873,60017171,29047116,1,2,3,1,1,0,728.04,1
2024,2918357,60015036,29128033,1,2,3,1,1,1,751.91,1
2024,2933307,60016619,29265682,1,2,3,1,1,1,813.25,1
2023,2512705,60011628,25027446,1,2,3,1,1,0,706.3216807,1
2023,2603009,60011889,26075263,1,2,3,1,1,1,801.2916501,1
2024,2112209,60006180,21065350,1,2,3,1,1,0,707.87,1
2024,2206902,60006676,22017598,1,2,3,1,1,1,797.81,1
2024,2303402,60007361,23039259,1,2,3,1,1,1,810.88,1
2024,2909901,60017292,29062378,1,2,3,1,1,0,738.26,1
2024,3503208,60031475,35013297,1,2,2,1,1,1,796.360933,1
2024,3505708,60030025,35237269,1,2,3,1,1,1,771.6064137,1
2024,5107925,60040209,51030608,1,2,3,1,1,1,785.6,1
2024,2304202,60008767,23048653,1,2,3,1,1,1,872.4,1
2024,2602803,60011661,26064231,1,2,3,1,1,1,811.3,1
2024,2907509,60017218,29051757,1,2,3,1,1,0,717.17,1
2024,2932200,60016889,29255482,1,2,3,1,1,0,734.34,1
2024,3136702,60019005,31163584,1,2,3,1,1,0,657.98,1
2023,3139706,60018890,31004837,1,2,3,1,1,1,782.3452,1
2023,5000252,60040218,50332050,1,2,3,1,1,1,776.21,1
2024,2305407,60008598,23049306,1,2,3,1,1,0,728.39,1
2024,2611606,60012450,26044134,1,2,3,1,1,1,756.05,1
2024,2704807,60013365,27019521,1,2,3,1,1,0,669.96,1
2024,2910701,60015388,29067428,1,2,3,1,1,0,689.56,1
2024,2911808,60016933,29086582,1,2,3,1,1,1,813.25,1
2024,3201209,60022834,32035902,1,2,3,1,1,1,805.11,1
2024,3304607,60023455,33021504,1,2,3,1,1,1,754.3,1
2024,3518800,60026006,35270862,1,2,2,1,1,1,806.3990448,1
2024,3526308,60029950,35223934,1,2,3,1,1,1,796.360933,1
2024,3529401,60031615,35291964,1,2,2,1,1,1,806.3990448,1
2024,3541000,60030204,35146768,1,2,3,1,1,1,760.4150154,1
2024,5101407,60040603,51011046,1,2,3,1,1,0,741.3,1
2024,2105450,60005434,21052002,1,2,3,1,1,1,749.29,1
2024,2304400,60008063,23088360,1,2,3,1,1,1,798.61,1
2024,2304400,60009176,23066346,1,2,3,1,1,1,801.15,1
2024,2614600,60011516,26059315,1,2,3,1,1,0,656.92,1
2024,3205002,60022647,32044633,1,2,2,1,1,1,788.63,1
2024,3526803,60030729,35026720,1,2,3,1,1,1,760.4968332,1
2024,3530508,60026339,35174904,1,2,2,1,1,1,806.3990448,1
2023,2311959,60008822,23054943,1,2,3,1,1,1,855.717546,1
2023,2802106,60014800,28050067,1,2,2,1,1,1,770.71,1
2023,3139706,60018890,31200502,1,2,3,1,1,1,766.2175527,1
2023,5008305,60040353,50738130,1,2,3,1,1,1,822.79,1
2023,5006606,60040645,50680040,1,2,3,1,1,1,791.18,1
2024,2607307,60013059,26061585,1,2,3,1,1,1,759.38,1
2024,2919207,60017905,29140212,1,2,3,1,1,0,688.09,1
2024,3516408,60031022,35244878,1,2,3,1,1,0,641.9909592,1
2023,5005806,60040394,50645700,1,2,3,1,1,0,704.2,1
2023,5000609,60040586,50334920,1,2,3,1,1,0,728.39,1
2024,2305233,60008202,23077226,1,2,3,1,1,1,804.66,1
2024,2307650,60008151,23075067,1,2,3,1,1,1,824.85,1
2024,3510401,60030703,35050354,1,2,3,1,1,0,730.5924963,1
2023,3148103,60022397,31172375,1,2,3,1,1,1,762.6173,1.000317
2023,3153608,60021904,31197974,1,2,3,1,1,1,785.4868,1.000317
2023,3145109,60019982,31074497,1,2,3,1,1,1,752.1677,1.000317
2023,3145000,60022275,31071200,1,2,3,1,1,0,726.1556,1.000317
2023,3133758,60020137,31088958,1,2,3,1,1,1,798.0222766,1.0003174
2023,3145000,60022275,31070800,1,2,3,1,1,1,852.2630719,1.0003174
2023,2105963,60004670,21050071,1,2,3,1,1,1,825.4704255,1.000486
2023,4203808,60035983,42021401,1,2,3,1,1,1,754.8539805,1.0006739
2023,3135209,60019213,31138182,1,2,2,1,1,1,780.7650818,1.0009459
2023,3107109,60020533,31132223,1,2,2,1,1,0,677.7096572,1.0009459
2023,3167103,60018791,31151737,1,2,2,1,1,1,780.7650818,1.0009459
2023,3160702,60019330,31166668,1,2,2,1,1,1,770.0653,1.000946
2023,3118809,60021257,31142722,1,2,2,1,1,1,852.2631,1.000946
2023,3131307,60020711,31182576,1,2,2,1,1,1,746.5205,1.000946
2023,2933109,60015467,29059724,1,2,3,1,1,1,769.5257979,1.0011878
2023,2916856,60015637,29057994,1,2,3,1,1,1,798.4308818,1.0011878
2023,2207405,60007200,22027184,1,2,3,1,1,1,777.9413248,1.0016317
2023,2201903,60006928,22026743,1,2,3,1,1,1,845.7223438,1.0016317
2023,2207405,60007200,22027168,1,2,3,1,1,0,716.5603221,1.0016317
2023,4311718,60037946,43082598,1,2,2,1,1,1,777.1957,1.003258
2023,4322004,60039520,43067407,1,2,2,1,1,1,762.6245,1.003258
2023,2918407,60015101,29133556,1,2,3,1,1,0,712.1419953,1.0039216
2023,2926608,60018251,29065898,1,2,3,1,1,0,662.6529991,1.0039216
2023,2920452,60017969,29050419,1,2,3,1,1,0,735.684711,1.0039216
2023,2919504,60016717,29052485,1,2,3,1,1,0,710.1150445,1.0039216
2023,2925303,60018268,29136437,1,2,3,1,1,1,751.5720049,1.0046465
2023,3300100,60024175,33001059,1,2,3,1,1,1,794.444,1.005654
2023,3203346,60023498,32023611,1,2,3,1,1,1,790.6998891,1.0057905
2023,3200136,60022612,32032525,1,2,3,1,1,1,798.5925059,1.0057905
2023,5206206,60041965,52031782,1,2,3,1,1,0,731.0759092,1.00593
2023,2902906,60016868,29084666,1,2,3,1,1,0,698.1465407,1.0060456
2023,4317202,60038940,43034064,1,2,3,1,1,0,673.6454069,1.0063607
2023,4310207,60037919,43084915,1,2,3,1,1,1,808.7754645,1.0063607
2023,4213104,60036592,42026888,1,2,3,1,1,1,776.9544331,1.0065961
2023,2210003,60006903,22025161,1,2,3,1,1,1,744.4119243,1.0071337
2023,2200251,60006823,22028732,1,2,3,1,1,1,768.7965556,1.0071337
2023,2207009,60006784,22019781,1,2,3,1,1,0,729.454313,1.0071337
2023,2925709,60016844,29079998,1,2,3,1,1,0,694.3798883,1.0080358
2023,1507300,60003464,15092943,1,2,3,1,1,1,784.5540753,1.009111
2023,2306108,60007539,23082929,1,2,3,1,1,1,797.4226463,1.009144
2023,3200607,60022790,32025760,1,2,3,1,1,1,790.3049216,1.0091544
2023,3302502,60024655,33048040,1,2,3,1,1,0,736.1889,1.009375
2023,2405207,60010432,24013715,1,2,3,1,1,0,640.3989055,1.0096017
2023,2112100,60005254,21046257,1,2,3,1,1,1,763.6009418,1.0103571
2023,3143401,60021086,31108601,1,2,3,1,1,0,698.54014,1.010719
2023,4209102,60035249,42062191,1,2,3,1,1,1,816.0071587,1.0115387
2023,1504901,60001652,15061640,1,2,3,1,1,0,720.8941556,1.0117318
2023,1504901,60001652,15061653,1,2,3,1,1,1,767.6563708,1.0117318
2023,4110706,60034428,41073039,1,2,3,1,1,1,801.3175,1.011739
2023,4318481,60039135,43048657,1,2,3,1,1,1,795.4118911,1.0120497
2023,5201405,60042554,52021569,1,2,3,1,1,1,788.9617063,1.0123101
2023,5201405,60042554,52021553,1,2,3,1,1,0,719.249423,1.0123101
2023,4126603,60032840,41133130,1,2,3,1,1,1,787.9017427,1.0126424
2023,3154507,60019607,31025467,1,2,3,1,1,1,776.9433,1.012863
2023,3140506,60018892,31163305,1,2,3,1,1,0,700.508,1.01302
2023,4125506,60034131,41024957,1,2,3,1,1,0,719.1207644,1.013039
2023,3143302,60019508,31171635,1,2,2,1,1,1,749.0913137,1.0136783
2023,3138203,60021304,31008862,1,2,3,1,1,1,775.7155646,1.0138377
2023,3165537,60020917,31034043,1,2,3,1,1,1,819.6287,1.014391
2023,4209102,60035236,42057185,1,2,3,1,1,1,763.80033,1.0148112
2023,2304400,60009317,23009529,1,2,3,1,1,1,813.5423332,1.0149841
2023,2304400,60009317,23009548,1,2,3,1,1,1,811.2011695,1.0149841
2023,2302800,60007859,23088022,1,2,3,1,1,1,845.5242826,1.0153358
2023,1508100,60002491,15099634,1,2,3,1,1,1,773.2889506,1.0158902
2023,1508100,60002491,15099639,1,2,3,1,1,0,735.5066881,1.0158902
2023,1508100,60002491,15099626,1,2,3,1,1,0,680.1273049,1.0158902
2023,2607901,60012678,26042006,1,2,3,1,1,0,646.8945743,1.0160428
2023,4117453,60033054,41120736,1,2,3,1,1,1,793.219471,1.016156
2023,1300029,60001212,13000039,1,2,3,1,1,0,654.812176,1.0162651
2023,1300029,60001212,13000054,1,2,3,1,1,1,772.3376348,1.0162651
2023,2914604,60015354,29130588,1,2,3,1,1,1,759.088173,1.0172486
2023,3154606,60022208,31158033,1,2,2,1,1,1,757.977729,1.0173762
2023,2208858,60006762,22028506,1,2,3,1,1,1,845.7223438,1.0175306
2023,3304557,60025131,33100037,1,2,3,1,1,0,695.5261,1.017899
2023,2708006,60014242,27016025,1,2,3,1,1,0,720.5087954,1.0181464
2023,2507507,60011283,25002776,1,2,3,1,1,1,775.0673207,1.0191833
2023,5201405,60042583,52021675,1,2,3,1,1,1,794.0821646,1.0199731
2023,5201405,60042583,52021670,1,2,3,1,1,1,774.9351275,1.0199731
2023,4215802,60036117,42081622,1,2,2,1,1,1,745.7772001,1.0199936
2023,5102504,60041193,51005792,1,2,3,1,1,0,717.56,1.02
2023,2205508,60006419,22032100,1,2,3,1,1,1,763.8551485,1.0212441
2023,3114303,60022199,31192990,1,2,3,1,1,1,751.2548551,1.0216007
2023,2307650,60009555,23029222,1,2,3,1,1,1,789.7537577,1.0224396
2023,2927408,60016382,29110249,1,2,3,1,1,0,740.5930784,1.0230501
2023,4313904,60038233,43085524,1,2,3,1,1,0,734.9915627,1.0233113
2023,3200607,60023423,32026118,1,2,3,1,1,0,671.6820725,1.0233345
2023,5217609,60042388,52067949,1,2,3,1,1,1,770.598405,1.0236361
2023,2611606,60012910,26050995,1,2,3,1,1,0,645.0455514,1.0237171
2023,3134400,60021650,31009893,1,2,3,1,1,0,721.009,1.023884
2023,2312304,60007411,23078326,1,2,3,1,1,1,824.5889855,1.0240497
2023,3112653,60021586,31068452,1,2,3,1,1,1,749.6309,1.024507
2023,4216602,60036186,42084873,1,2,2,1,1,1,744.5998578,1.0247415
2023,4216602,60036186,42084889,1,2,2,1,1,0,739.1026006,1.0247415
2023,2708303,60014258,27007773,1,2,3,1,1,1,764.1269665,1.025
2023,2507507,60011343,25005418,1,2,3,1,1,1,753.1817009,1.0250482
2023,4204202,60036370,42022413,1,2,3,1,1,1,796.2804,1.025171
2023,2202737,60006401,22031527,1,2,3,1,1,1,821.7972103,1.0254801
2023,5211909,60042376,52045435,1,2,3,1,1,1,765.9022911,1.0257233
2023,2206001,60006952,22023025,1,2,3,1,1,0,648.7205768,1.0257393
2023,2206001,60006952,22023022,1,2,3,1,1,0,730.6194061,1.0257393
2023,3145604,60020879,31011231,1,2,3,1,1,1,826.9876,1.026641
2023,3302205,60023553,33038305,1,2,3,1,1,1,762.985,1.027043
2023,2927408,60016293,29118314,1,2,3,1,1,1,788.3777034,1.0273056
2023,1718204,60003904,17015681,1,2,3,1,1,1,798.928565,1.0273232
2023,1718204,60003904,17015674,1,2,3,1,1,1,766.7519641,1.0273232
2023,2607901,60013041,26044858,1,2,3,1,1,1,783.3341717,1.0273246
2023,2906907,60017254,29027813,1,2,3,1,1,0,736.422759,1.0275211
2023,3304557,60025125,33112134,1,2,3,1,1,1,746.0882948,1.0277772
2023,2105351,60005018,21055892,1,2,3,1,1,1,850.5152296,1.0286439
2023,2105351,60005018,21055888,1,2,3,1,1,1,850.5152296,1.0286439
2023,3120870,60020684,31122767,1,2,3,1,1,1,852.2631,1.029232
2023,2614204,60013314,26028582,1,2,3,1,1,1,789.8711415,1.0294118
2024,2700300,60013413,27033530,1,2,3,1,1,1,755.11,1.03
2024,2614105,60011568,26066847,1,2,3,1,1,1,776.31,1.03
2023,5107602,60041315,51033097,1,2,3,1,1,0,734.84,1.03
2024,2100055,60004884,21030584,1,2,3,1,1,0,685.38,1.03
2024,3134202,60021221,31006593,1,2,3,1,1,1,780.71,1.03
2024,1302504,60001280,13014578,1,2,3,1,1,0,666.86,1.03
2024,4208401,60035194,42040310,1,2,2,1,1,1,789.76,1.03
2024,3133808,60018531,31141611,1,2,3,1,1,1,834.58,1.03
2024,3304557,60024788,33128513,1,2,3,1,1,1,763.15,1.03
2024,1200401,60000525,12008979,1,2,2,1,1,1,798.38,1.03
2024,1304203,60000730,13025635,1,2,2,1,1,0,649.18,1.03
2024,4208500,60035630,42041970,1,2,3,1,1,1,800.07,1.03
2024,4206702,60035074,42045600,1,2,3,1,1,1,830.49,1.03
2024,2110005,60004822,21020347,1,2,3,1,1,1,841.63,1.03
2023,5102637,60041316,51042835,1,2,3,1,1,0,702.35,1.03
2024,3547304,60027904,35307713,1,2,3,1,1,1,780.5060082,1.030303
2023,1501956,60002359,15029470,1,2,3,1,1,0,637.8886257,1.0306281
2023,5218805,60042626,52057076,1,2,3,1,1,1,766.3535273,1.0309139
2023,4320909,60038188,43108872,1,2,3,1,1,0,698.7977474,1.0311636
2023,4320909,60038188,43108862,1,2,3,1,1,1,749.1321094,1.0311636
2024,3523107,60030540,35287936,1,2,3,1,1,1,779.5963167,1.03125
2023,2301703,60008851,23067547,1,2,3,1,1,0,735.7245556,1.03125
2024,3543402,60031694,35159724,1,2,2,1,1,1,821.514298,1.03125
2024,3509502,60031652,35040427,1,2,2,1,1,0,708.8636439,1.03125
2024,3529401,60026085,35289136,1,2,2,1,1,1,821.514298,1.03125
2024,3529401,60026568,35290719,1,2,2,1,1,1,778.2353432,1.03125
2024,3543402,60031694,35159603,1,2,2,1,1,0,665.1053799,1.03125
2023,2304400,60009509,23007553,1,2,3,1,1,1,826.1609325,1.0314676
2023,3136652,60021246,31197290,1,2,3,1,1,1,812.7342,1.031577
2024,3524402,60028634,35089976,1,2,3,1,1,0,699.8996999,1.0322581
2024,3518800,60027357,35260576,1,2,3,1,1,1,796.360933,1.0322581
2023,4104709,60032826,41076460,1,2,3,1,1,1,755.0734,1.032499
2023,2408102,60010515,24006688,1,2,3,1,1,0,673.933,1.03301
2023,4101804,60033798,41016104,1,2,3,1,1,1,771.292983,1.0330848
2023,3111408,60021088,31044634,1,2,3,1,1,1,818.0407,1.033137
2024,3515103,60026707,35274131,1,2,2,1,1,0,712.2490404,1.0333333
2024,3509502,60031771,35047658,1,2,2,1,1,0,704.7337625,1.0333333
2024,3508504,60028855,35223029,1,2,3,1,1,0,736.4960428,1.0333333
2023,1721000,60004082,17002966,1,2,3,1,1,1,799.9895081,1.033759
2023,1721000,60004082,17002983,1,2,3,1,1,0,682.9441838,1.033759
2023,4107652,60034044,41019952,1,2,3,1,1,1,784.9251771,1.033786
2023,4115804,60033270,41062616,1,2,3,1,1,1,807.3875676,1.03417
2023,2901908,60015947,29069953,1,2,3,1,1,0,727.7558456,1.0343434
2023,2111722,60005902,21072584,1,2,3,1,1,1,824.9859762,1.0343487
2024,3501608,60026297,35002638,1,2,2,1,1,1,772.6228102,1.0344828
2024,3510609,60026477,35248149,1,2,2,1,1,1,778.2353432,1.0344828
2024,3510609,60026477,35248135,1,2,2,1,1,1,806.3990448,1.0344828
2024,3550308,60025836,35372877,1,2,2,1,1,1,806.3990448,1.0344828
2024,3529401,60026685,35291525,1,2,2,1,1,1,765.1643358,1.0344828
2024,3545209,60026283,35083258,1,2,2,1,1,1,806.3990448,1.0344828
2023,2922300,60017604,29086155,1,2,3,1,1,0,681.0174517,1.0351769
2023,2700300,60013747,27002204,1,2,3,1,1,0,685.4334545,1.0357143
2023,2505204,60010942,25018088,1,2,3,1,1,0,742.4142874,1.0357143
2024,3523107,60029242,35286965,1,2,3,1,1,1,765.5988799,1.0357143
2023,1302603,60000644,13037994,1,2,3,1,1,1,802.3701796,1.0358399
2023,3111309,60020537,31191883,1,2,3,1,1,1,796.4873286,1.0365193
2023,3300605,60023534,33037592,1,2,3,1,1,1,758.1778,1.036642
2023,2933307,60016941,29082850,1,2,3,1,1,1,745.3414552,1.0366509
2023,2933307,60016941,29134954,1,2,3,1,1,1,776.0690052,1.0366509
2023,2933307,60016941,29082838,1,2,3,1,1,0,696.6139252,1.0366509
2023,4300604,60036856,43069427,1,2,2,1,1,0,742.8958908,1.0367003
2024,3548500,60028047,35168143,1,2,3,1,1,1,766.5364605,1.037037
2023,2609907,60011719,26068110,1,2,3,1,1,0,727.9473709,1.037037
2024,4300307,60036339,43078063,1,2,2,1,1,1,752.1990875,1.037037
2024,3543303,60027669,35293406,1,2,3,1,1,0,741.3598127,1.037037
2023,5213103,60042732,52062692,1,2,3,1,1,1,772.3485492,1.0372442
2023,2925758,60017034,29024718,1,2,3,1,1,0,737.257834,1.0374627
2023,2611606,60012823,26054156,1,2,3,1,1,1,797.5247015,1.0374955
2023,1506807,60001476,15091154,1,2,3,1,1,1,751.890021,1.0376926
2023,3170206,60021142,31146899,1,2,3,1,1,0,709.8117,1.037777
2023,2922706,60016902,29032362,1,2,3,1,1,1,767.8165726,1.0382688
2023,4201406,60035816,42100148,1,2,2,1,1,1,766.8753081,1.0383438
2023,2933307,60018010,29131873,1,2,3,1,1,0,728.1594721,1.0383479
2023,2909901,60015063,29038031,1,2,3,1,1,0,723.2912966,1.0384409
2023,2304657,60007529,23082262,1,2,3,1,1,1,810.3297669,1.0384615
2023,2305100,60007915,23091292,1,2,3,1,1,0,600.5587689,1.0384615
2024,3515004,60027733,35330814,1,2,3,1,1,0,681.4110418,1.0384615
2023,2703304,60013559,27014084,1,2,3,1,1,1,753.9966692,1.0384615
2023,2308708,60008619,23035031,1,2,3,1,1,0,726.6557064,1.0384615
2024,3550308,60031739,35351585,1,2,2,1,1,0,703.6124474,1.0384615
2024,4310108,60037379,43038826,1,2,3,1,1,0,681.6619975,1.0384615
2023,2308708,60008619,23035027,1,2,3,1,1,1,783.0549681,1.0384615
2023,2706307,60013717,27011072,1,2,3,1,1,1,745.1295538,1.0384615
2023,2603702,60012257,26010373,1,2,3,1,1,1,782.9263016,1.0384615
2023,2703304,60013559,27014095,1,2,3,1,1,1,768.8473172,1.0384615
2023,2304657,60007529,23082258,1,2,3,1,1,1,835.2615219,1.0384615
2024,3550308,60031492,35356874,1,2,2,1,1,1,787.2131925,1.0384615
2023,2313757,60007807,23066839,1,2,3,1,1,1,793.3933611,1.0384615
2023,2706406,60013607,27017884,1,2,3,1,1,0,732.5712349,1.0384615
2023,2603702,60012257,26010390,1,2,3,1,1,1,810.752271,1.0384615
2024,3545209,60031571,35084481,1,2,2,1,1,1,773.5377676,1.0384615
2023,3136702,60019308,31159536,1,2,2,1,1,1,759.5953,1.038647
2023,3151206,60019533,31153013,1,2,2,1,1,1,770.5463,1.038924
2023,3304524,60025971,33078252,1,2,3,1,1,0,733.7862,1.039225
2023,4124053,60033278,41062992,1,2,3,1,1,1,744.1188,1.039421
2023,2704302,60014324,27023678,1,2,3,1,1,1,819.2468535,1.0394377
2023,4314159,60038319,43080695,1,2,3,1,1,1,765.4782,1.039557
2024,2208601,60007025,22030962,1,2,3,1,1,1,769.66,1.04
2024,2507200,60010865,25008383,1,2,3,1,1,0,633.18,1.04
2024,5002704,60040032,50040931,1,2,3,1,1,0,676.96,1.04
2024,5211206,60041737,52038577,1,2,3,1,1,0,740.56,1.04
2023,5108402,60041038,51046328,1,2,3,1,1,1,745.4,1.04
2024,2706901,60013852,27024240,1,2,3,1,1,1,760.8,1.04
2024,3112604,60020410,31055222,1,2,3,1,1,1,815.69,1.04
2024,1302306,60000667,13013100,1,2,3,1,1,0,713.85,1.04
2024,2107506,60004332,21000840,1,2,3,1,1,1,785.13,1.04
2024,2211001,60007016,22011859,1,2,3,1,1,0,699.39,1.04
2024,4119301,60033108,41112742,1,2,3,1,1,0,724.3,1.04
2024,2100055,60004886,21030703,1,2,3,1,1,0,646.25,1.04
2024,5300108,60042224,53019205,1,2,2,1,1,1,776.51,1.04
2024,4106902,60033502,41050564,1,2,3,1,1,1,765.48,1.04
2024,3121605,60018434,31093525,1,2,2,1,1,1,779.22,1.04
2024,3304557,60024553,33107744,1,2,3,1,1,0,730.81,1.04
2024,5101803,60040283,51002213,1,2,3,1,1,0,721.53,1.04
2023,2806602,60014644,28127698,1,2,3,1,1,1,750.54,1.04
2024,2101772,60004671,21017961,1,2,3,1,1,1,765.97,1.04
2024,3157005,60021336,31063199,1,2,3,1,1,1,776.5,1.04
2024,4101507,60033830,41115376,1,2,3,1,1,0,695.99,1.04
2024,1101005,60000133,11005577,1,2,3,1,1,1,768.66,1.04
2024,1200401,60000490,12012368,1,2,2,1,1,0,742.18,1.04
2024,4122701,60033930,41011570,1,2,3,1,1,1,761.13,1.04
2024,2312403,60009032,23085312,1,2,3,1,1,1,832.02,1.04
2024,3104007,60022155,31100712,1,2,3,1,1,1,774.53,1.04
2024,3139201,60021504,31168209,1,2,3,1,1,1,806.52,1.04
2024,4108304,60032810,41117846,1,2,3,1,1,1,764.53,1.04
2024,4126603,60032420,41056404,1,2,3,1,1,1,761.94,1.04
2024,5215009,60042063,52037441,1,2,3,1,1,1,873.46,1.04
2024,2304400,60009168,23086337,1,2,3,1,1,1,769.09,1.04
2024,3143104,60020466,31068486,1,2,2,1,1,1,765.75,1.04
2024,3201308,60022567,32017743,1,2,3,1,1,0,694.79,1.04
2024,4100400,60033341,41124521,1,2,3,1,1,0,742.48,1.04
2024,5218508,60041606,52074835,1,2,3,1,1,1,772.46,1.04
2024,5104104,60040151,51013580,1,2,3,1,1,0,721.83,1.04
2024,2700300,60013811,27002440,1,2,3,1,1,1,748.38,1.04
2024,4119509,60033852,41131305,1,2,3,1,1,0,702.68,1.04
2023,2805604,60014423,28163686,1,2,3,1,1,1,746.87,1.04
2024,5107909,60040538,51027807,1,2,3,1,1,1,776.02,1.04
2024,3203056,60022941,32046244,1,2,3,1,1,1,790.83,1.04
2024,3202405,60022990,32011573,1,2,3,1,1,0,720.56,1.04
2024,3102407,60018416,31034059,1,2,2,1,1,1,751.82,1.04
2024,3159605,60018819,31029526,1,2,3,1,1,1,754.09,1.04
2024,3203205,60022433,32024818,1,2,3,1,1,0,703.71,1.04
2024,1302702,60001444,13016013,1,2,3,1,1,1,773.19,1.04
2024,2306405,60009098,23002621,1,2,3,1,1,1,831.47,1.04
2024,3147907,60019560,31134142,1,2,3,1,1,1,788.87,1.04
2024,2310852,60007957,23034760,1,2,3,1,1,1,801.81,1.04
2024,3163102,60021291,31104845,1,2,3,1,1,0,727.44,1.04
2024,3504008,60029674,35015421,1,2,3,1,1,1,796.360933,1.04
2024,1302900,60001127,13016549,1,2,3,1,1,1,744.34,1.04
2024,3520509,60030923,35052521,1,2,3,1,1,1,749.4279508,1.04
2024,1100189,60000199,11015075,1,2,3,1,1,1,750.02,1.04
2024,3509700,60028269,35131285,1,2,3,1,1,0,723.6306546,1.04
2024,2304400,60009245,23083676,1,2,3,1,1,1,820.89,1.04
2024,4125506,60034247,41067442,1,2,3,1,1,0,675.43,1.04
2024,2112209,60006210,21065382,1,2,3,1,1,1,762.3,1.04
2024,3201308,60022591,32019411,1,2,3,1,1,0,705.61,1.04
2024,5002001,60039776,50030483,1,2,3,1,1,0,716.38,1.04
2024,1507904,60001838,15079087,1,2,3,1,1,0,710.8,1.04
2024,3106200,60018102,31180120,1,2,3,1,1,1,776.95,1.04
2024,5218003,60041812,52047719,1,2,3,1,1,0,740.3,1.04
2024,3129707,60019771,31100291,1,2,2,1,1,1,820.93,1.04
2024,3154606,60021819,31027884,1,2,2,1,1,1,786.71,1.04
2024,5004502,60039848,50039818,1,2,3,1,1,1,793.65,1.04
2023,2805604,60014423,28163562,1,2,3,1,1,0,716.99,1.04
2024,2112233,60005049,21046076,1,2,3,1,1,0,733.71,1.04
2024,5218508,60041604,52049432,1,2,3,1,1,1,790.14,1.04
2024,1303403,60001205,13018998,1,2,3,1,1,1,753.24,1.04
2024,3124104,60018183,31164490,1,2,2,1,1,1,765.31,1.04
2024,5212105,60041529,52055774,1,2,3,1,1,0,691.73,1.04
2024,5211909,60041428,52041455,1,2,3,1,1,0,665.23,1.04
2023,2413300,60010001,24023179,1,2,3,1,1,0,680.5887503,1.0400309
2023,3120904,60020205,31009512,1,2,3,1,1,0,738.7685,1.040258
2023,4304200,60037177,43101216,1,2,2,1,1,1,769.2676094,1.040416
2023,4305108,60037404,43090561,1,2,3,1,1,1,795.5309,1.040422
2023,4107009,60032808,41116820,1,2,3,1,1,1,789.3147177,1.0405924
2023,4104600,60033122,41031994,1,2,3,1,1,1,789.0107,1.040637
2023,2310803,60009223,23038352,1,2,3,1,1,1,803.2493111,1.0408973
2023,3305109,60025547,33143857,1,2,3,1,1,0,691.2507,1.04155
2024,3525706,60026437,35097780,1,2,2,1,1,1,761.284204,1.0416667
2024,3552205,60028678,35211108,1,2,3,1,1,1,806.3990448,1.0416667
2024,4320008,60038756,43092964,1,2,3,1,1,1,836.3773184,1.0416667
2024,4320008,60038756,43092971,1,2,3,1,1,1,751.810521,1.0416667
2024,3519600,60028883,35221403,1,2,3,1,1,0,705.0130275,1.0416667
2023,5201405,60042553,52021523,1,2,3,1,1,1,752.4247452,1.0422903
2023,1504604,60002807,15059496,1,2,3,1,1,1,749.2666685,1.0424664
2023,2314003,60008773,23051524,1,2,3,1,1,1,878.4035663,1.0434672
2024,3552205,60031224,35213364,1,2,3,1,1,0,740.5829046,1.0434783
2024,3526902,60031209,35113284,1,2,3,1,1,1,821.514298,1.0434783
2024,3543402,60028703,35157468,1,2,3,1,1,1,781.5392356,1.0434783
2024,3518800,60031804,35272706,1,2,2,1,1,0,710.2520228,1.0434783
2023,2500205,60010661,25032748,1,2,3,1,1,1,781.1412886,1.0434783
2023,2500205,60010661,25032739,1,2,3,1,1,1,753.7606435,1.0434783
2024,3543402,60028703,35157475,1,2,3,1,1,1,821.514298,1.0434783
2023,2112209,60005725,21070686,1,2,3,1,1,0,706.1899137,1.0434783
2023,3303500,60026052,33062205,1,2,3,1,1,0,735.5666,1.043564
2023,3303500,60026052,33062209,1,2,3,1,1,1,759.3454,1.043564
2023,2903201,60017504,29044845,1,2,3,1,1,1,748.531114,1.0440784
2023,1100049,60000173,11002321,1,2,3,1,1,1,753.1789376,1.0441986
2023,2917607,60016653,29133355,1,2,3,1,1,1,762.7927907,1.0447177
2023,2905701,60016205,29099262,1,2,3,1,1,0,716.9574949,1.0448569
2023,4306403,60037535,43042013,1,2,3,1,1,1,760.9952995,1.0451184
2023,3170206,60021141,31148186,1,2,3,1,1,0,666.6017,1.045126
2023,2616407,60012505,26019384,1,2,3,1,1,0,674.5873032,1.0454545
2023,2707909,60014049,27010270,1,2,3,1,1,0,630.8239651,1.0454545
2024,3513504,60027726,35162533,1,2,3,1,1,1,780.5060082,1.0454545
2024,3535309,60030193,35016461,1,2,3,1,1,1,764.7361105,1.0454545
2024,3522901,60030585,35095229,1,2,3,1,1,1,744.581951,1.0454545
2023,2707909,60014049,27010257,1,2,3,1,1,0,713.9806154,1.0454545
2024,3525300,60031328,35096359,1,2,3,1,1,1,806.3990448,1.0454545
2023,5221403,60042805,52038149,1,2,3,1,1,0,741.9158212,1.0455693
2023,5221403,60042805,52038150,1,2,3,1,1,1,779.2273355,1.0455693
2023,4209102,60036430,42055545,1,2,3,1,1,1,791.9445393,1.0456022
2023,4209102,60036430,42055549,1,2,3,1,1,0,715.2320672,1.0456022
2023,1508100,60002483,15099108,1,2,3,1,1,0,703.6061571,1.0456314
2023,3126109,60022017,31009764,1,2,3,1,1,0,713.3069,1.045786
2023,4303707,60037144,43033256,1,2,3,1,1,1,789.7560642,1.0466151
2023,4207106,60035711,42039117,1,2,3,1,1,1,774.5286,1.046663
2023,2914000,60015616,29060038,1,2,3,1,1,1,749.2592117,1.0466963
2023,2933307,60017981,29131788,1,2,3,1,1,0,730.97431,1.0466963
2023,4307906,60037674,43119444,1,2,2,1,1,0,720.0692,1.046878
2023,2305506,60008722,23048713,1,2,3,1,1,0,739.4119325,1.0470677
2023,4314407,60040104,43100247,1,2,3,1,1,0,712.1915,1.047509
2023,2700102,60013553,27015889,1,2,3,1,1,1,792.8451819,1.047619
2024,3548500,60027072,35167233,1,2,3,1,1,1,806.3990448,1.047619
2024,3543105,60028998,35066947,1,2,3,1,1,0,638.9513526,1.047619
2024,3522604,60028985,35123919,1,2,3,1,1,1,781.5392356,1.047619
2023,2304202,60008899,23053249,1,2,3,1,1,1,831.2981316,1.047619
2024,3509502,60031319,35045161,1,2,2,1,1,0,693.5887999,1.047619
2024,3522109,60030017,35197949,1,2,3,1,1,0,712.6012597,1.047619
2023,3300100,60024153,33158103,1,2,3,1,1,1,751.6351,1.048399
2023,2411205,60009990,24027857,1,2,3,1,1,0,680.520945,1.04865
2023,3170107,60020431,31042930,1,2,3,1,1,1,743.8796,1.0488
2023,1503606,60003243,15048096,1,2,3,1,1,0,697.7478559,1.0490322
2023,5108402,60041066,51048185,1,2,3,1,1,0,699.81,1.05
2024,1501402,60001943,15092005,1,2,2,1,1,0,736.74,1.05
2023,2612901,60012590,26027910,1,2,3,1,1,0,679.7342616,1.05
2024,5106372,60040500,51021057,1,2,3,1,1,0,658.91,1.05
2024,3550308,60026507,35375473,1,2,2,1,1,1,821.514298,1.05
2024,2611606,60012914,26047556,1,2,3,1,1,1,758.68,1.05
2024,3155702,60021801,31099399,1,2,3,1,1,1,821.1,1.05
2024,3205069,60022518,32043276,1,2,2,1,1,1,813.25,1.05
2024,4108452,60033038,41038492,1,2,3,1,1,1,786,1.05
2024,2602803,60012672,26064387,1,2,3,1,1,0,693.7,1.05
2024,3301900,60024146,33032108,1,2,3,1,1,1,755.12,1.05
2024,1600303,60003852,16005662,1,2,3,1,1,1,775.9,1.05
2024,2208403,60006342,22006958,1,2,3,1,1,1,803.78,1.05
2024,3107307,60019109,31175284,1,2,2,1,1,1,747.79,1.05
2024,1501808,60001768,15019631,1,2,3,1,1,0,648.99,1.05
2023,2801702,60014833,28068039,1,2,3,1,1,0,689.39,1.05
2024,2616407,60012697,26017391,1,2,3,1,1,0,663.04,1.05
2024,2611606,60013139,26048089,1,2,3,1,1,1,762.15,1.05
2024,3129301,60018400,31155663,1,2,3,1,1,1,795.74,1.05
2024,3554508,60030873,35084660,1,2,3,1,1,1,821.514298,1.05
2023,5108303,60040819,51041758,1,2,3,1,1,1,774.23,1.05
2024,3137403,60019742,31106312,1,2,3,1,1,1,769.34,1.05
2024,2107001,60005883,21029619,1,2,3,1,1,0,653.1,1.05
2024,2509008,60010516,25007525,1,2,2,1,1,1,769.81,1.05
2024,3130200,60021121,31151045,1,2,3,1,1,1,828.76,1.05
2024,1301852,60001122,13010358,1,2,3,1,1,0,711.1,1.05
2024,2304400,60009278,23088570,1,2,3,1,1,0,673.79,1.05
2024,2708303,60013928,27027910,1,2,3,1,1,1,760.26,1.05
2024,2807105,60014572,28014163,1,2,3,1,1,0,655.4,1.05
2024,3151404,60018578,31018127,1,2,2,1,1,0,719.26,1.05
2024,1505536,60003232,15059840,1,2,3,1,1,1,832.24,1.05
2024,3118601,60018180,31037040,1,2,3,1,1,1,759.83,1.05
2024,2706901,60013689,27023899,1,2,3,1,1,0,728.29,1.05
2024,5001243,60039812,50034053,1,2,3,1,1,0,741.25,1.05
2024,2508604,60011364,25015533,1,2,3,1,1,0,732.09,1.05
2024,2606804,60012280,26027599,1,2,3,1,1,1,767.78,1.05
2024,2611101,60012813,26071616,1,2,3,1,1,1,763.82,1.05
2024,2102374,60004465,21015388,1,2,3,1,1,0,689.65,1.05
2024,2104206,60005152,21046410,1,2,3,1,1,1,758.37,1.05
2024,2312403,60007734,23082226,1,2,3,1,1,1,778.68,1.05
2024,2107209,60004703,21012829,1,2,3,1,1,0,727.15,1.05
2024,3101706,60021914,31165591,1,2,3,1,1,1,763.37,1.05
2024,3112703,60021347,31165683,1,2,3,1,1,1,772.02,1.05
2024,2512408,60010829,25025347,1,2,3,1,1,1,802.31,1.05
2024,3200136,60022252,32030449,1,2,3,1,1,1,806.7,1.05
2024,2602001,60011391,26060931,1,2,3,1,1,0,683.43,1.05
2024,2103604,60005594,21041687,1,2,3,1,1,1,761.33,1.05
2024,3203205,60022440,32025308,1,2,3,1,1,0,740.78,1.05
2024,3522307,60031021,35072748,1,2,3,1,1,1,772.9357392,1.05
2024,3549904,60031687,35187116,1,2,2,1,1,1,806.3990448,1.05
2024,4123501,60032650,41005160,1,2,3,1,1,1,751,1.05
2024,3132107,60021412,31184987,1,2,3,1,1,1,798.3,1.05
2024,3156304,60021366,31097988,1,2,3,1,1,0,712.35,1.05
2024,5002704,60039721,50005943,1,2,3,1,1,1,797.28,1.05
2023,4323002,60040129,43118756,1,2,3,1,1,1,772.9375559,1.0501155
2023,2103604,60005239,21044865,1,2,3,1,1,0,709.1622247,1.0505103
2023,3157906,60022488,31019989,1,2,3,1,1,0,734.4777463,1.0508679
2023,3201209,60023240,32039626,1,2,3,1,1,0,681.8689459,1.0512671
2023,3201209,60023240,32039637,1,2,3,1,1,1,775.7677977,1.0512671
2023,2912202,60016586,29009536,1,2,3,1,1,0,658.7816782,1.052045
2023,2912202,60016586,29009552,1,2,3,1,1,0,732.5080442,1.052045
2024,3556404,60027876,35177344,1,2,3,1,1,1,772.9357392,1.0526316
2024,3552205,60025923,35208203,1,2,3,1,1,0,678.8667168,1.0526316
2023,3131158,60022177,31045176,1,2,3,1,1,1,777.4573,1.052966
2023,3304557,60025304,33125343,1,2,3,1,1,1,799.9541,1.053295
2023,4105805,60033874,41008709,1,2,3,1,1,1,768.7892,1.053339
2023,5218805,60042105,52054877,1,2,3,1,1,1,766.1576954,1.0540288
2023,3131307,60020746,31049442,1,2,3,1,1,1,750.1124552,1.0540351
2023,2918407,60015083,29040653,1,2,3,1,1,1,780.0109903,1.0543971
2023,2304103,60008302,23042141,1,2,3,1,1,1,829.2637292,1.0546252
2023,3139409,60019390,31139199,1,2,2,1,1,1,816.3801288,1.0554352
2024,4317400,60038451,43081346,1,2,2,1,1,0,678.5633365,1.0555556
2024,3545308,60031330,35230887,1,2,3,1,1,1,786.1511403,1.0555556
2023,2310704,60007837,23064172,1,2,3,1,1,1,827.3269172,1.0555556
2024,3516200,60029076,35064162,1,2,3,1,1,1,806.3990448,1.0555556
2024,3551801,60030155,35152319,1,2,3,1,1,1,806.3990448,1.0555556
2024,3504503,60027311,35017613,1,2,3,1,1,0,701.489852,1.0555556
2023,2307635,60008408,23039845,1,2,3,1,1,1,801.1711535,1.0555556
2023,2307635,60008408,23039861,1,2,3,1,1,1,812.7998299,1.0555556
2024,3504107,60027790,35032763,1,2,3,1,1,0,708.4856903,1.0555556
2023,1600600,60003621,16010220,1,2,2,1,1,0,664.4434696,1.0557432
2023,4212239,60036576,42087994,1,2,3,1,1,0,741.5819515,1.0560588
2023,1505486,60003132,15064337,1,2,3,1,1,1,771.0088583,1.0560894
2023,2604106,60013370,26004716,1,2,3,1,1,0,678.7594146,1.0561671
2023,4103701,60034310,41079592,1,2,3,1,1,1,806.4352652,1.0565375
2023,4103701,60034310,41079600,1,2,3,1,1,1,784.402279,1.0565375
2023,1501402,60003065,15023954,1,2,2,1,1,1,755.9039063,1.0565742
2023,2917003,60015283,29013858,1,2,3,1,1,1,771.9439289,1.0568093
2023,2606200,60012412,26021900,1,2,3,1,1,0,723.9858238,1.0574983
2023,3306206,60024229,33151773,1,2,3,1,1,1,753.1736725,1.057596
2023,3154606,60022116,31205259,1,2,3,1,1,1,812.7342,1.057774
2023,4115705,60034782,41100740,1,2,3,1,1,1,746.1181912,1.0577897
2023,5212501,60041990,52032609,1,2,3,1,1,0,738.2916377,1.0578708
2023,5212501,60041990,52032585,1,2,3,1,1,0,700.3273131,1.0578708
2023,3136702,60019379,31118895,1,2,3,1,1,1,743.8827,1.058447
2023,2105302,60004831,21029328,1,2,3,1,1,0,717.7652926,1.0584734
2023,2105302,60004831,21029322,1,2,3,1,1,0,741.7755974,1.0584734
2023,3203007,60023197,32045320,1,2,3,1,1,1,779.6694747,1.0586294
2024,3523206,60028304,35077897,1,2,3,1,1,1,779.5963167,1.0588235
2024,3516200,60027812,35064084,1,2,3,1,1,1,749.4279508,1.0588235
2024,4319356,60039233,43025061,1,2,3,1,1,0,730.2886404,1.0588235
2023,3201704,60023314,32047098,1,2,3,1,1,0,692.4920418,1.0588235
2024,3526704,60029779,35141429,1,2,3,1,1,1,774.4156938,1.0588235
2024,3520400,60029876,35056681,1,2,3,1,1,0,643.3884043,1.0588235
2023,2110005,60004716,21021978,1,2,3,1,1,1,809.4571016,1.0591504
2023,2103703,60006087,21037481,1,2,3,1,1,1,756.5354079,1.0593382
2024,4121505,60033218,41042199,1,2,3,1,1,1,770.04,1.06
2024,2611606,60012454,26048326,1,2,3,1,1,0,719.15,1.06
2024,5103809,60040709,51015555,1,2,3,1,1,0,715.97,1.06
2024,2708006,60013288,27027312,1,2,3,1,1,1,751.89,1.06
2024,3145356,60021891,31011829,1,2,3,1,1,1,770.03,1.06
2024,4115200,60033905,41135965,1,2,3,1,1,1,755.05,1.06
2024,3141801,60021440,31053542,1,2,3,1,1,1,771.02,1.06
2024,2800308,60014341,28016907,1,2,2,1,1,0,664.95,1.06
2023,5102793,60040728,51050225,1,2,3,1,1,1,762.69,1.06
2024,5105580,60040221,51013915,1,2,3,1,1,1,781.39,1.06
2024,2709152,60013763,27030558,1,2,3,1,1,0,656.55,1.06
2024,3126109,60021949,31066673,1,2,3,1,1,1,760.09,1.06
2024,1506138,60002783,15064263,1,2,3,1,1,0,691.29,1.06
2024,2112506,60004562,21062619,1,2,3,1,1,1,771.92,1.06
2024,3301702,60025429,33024812,1,2,3,1,1,0,642.75,1.06
2023,5103403,60040999,51012289,1,2,3,1,1,0,726.83,1.06
2024,3301009,60023238,33020139,1,2,3,1,1,1,762.44,1.06
2024,5204508,60041502,52042924,1,2,3,1,1,0,734.61,1.06
2024,2602803,60011659,26064146,1,2,3,1,1,1,751.03,1.06
2024,3171303,60019733,31011509,1,2,3,1,1,1,773.04,1.06
2024,1503903,60001554,15039157,1,2,3,1,1,0,675.12,1.06
2023,5208004,60042764,52028764,1,2,3,1,1,0,719.6852262,1.0600576
2023,5208004,60042764,52028752,1,2,3,1,1,0,741.5702907,1.0600576
2023,3304201,60026034,33075168,1,2,3,1,1,0,648.9026,1.060534
2023,3152105,60020970,31011524,1,2,3,1,1,0,699.3250704,1.0607195
2023,3152105,60020970,31011521,1,2,3,1,1,0,698.8174,1.06072
2023,2616100,60011771,26061642,1,2,3,1,1,0,734.6206432,1.0607846
2023,2702207,60013955,27019869,1,2,3,1,1,0,680.3467922,1.061848
2023,3145208,60018968,31177951,1,2,3,1,1,0,652.8034,1.062468
2023,3145208,60018968,31177899,1,2,3,1,1,0,663.4132,1.062468
2023,1303403,60001028,13053586,1,2,3,1,1,1,755.4506364,1.0624846
2023,3140100,60021493,31123417,1,2,3,1,1,0,701.2690361,1.0628372
2023,2933307,60016956,29131659,1,2,3,1,1,0,711.7777124,1.0629758
2023,2933307,60016956,29131660,1,2,3,1,1,0,722.9988388,1.0629758
2023,2102606,60004610,21023398,1,2,3,1,1,0,737.7486941,1.0630164
2023,2102606,60004610,21023396,1,2,3,1,1,1,753.4469092,1.0630164
2023,3121605,60018778,31137272,1,2,2,1,1,0,741.3187,1.063505
2023,4118501,60033416,41108338,1,2,3,1,1,1,774.9681,1.063619
2023,2927408,60016407,29135919,1,2,3,1,1,0,707.5132071,1.0643926
2023,2927408,60016407,29110411,1,2,3,1,1,0,641.3491367,1.0643926
2024,3530607,60031269,35299481,1,2,3,1,1,1,760.5073604,1.0645161
2023,5215231,60042458,52071131,1,2,3,1,1,1,764.6627173,1.0645315
2023,4314902,60039822,43009867,1,2,3,1,1,1,773.753597,1.0646837
2023,3306008,60023797,33150043,1,2,3,1,1,0,700.416,1.065787
2023,3306008,60023797,33150023,1,2,3,1,1,0,693.5595939,1.0657874
2023,2205953,60006870,22029048,1,2,3,1,1,1,845.7223438,1.0657998
2023,4305108,60037398,43090336,1,2,2,1,1,1,751.381298,1.065962
2024,3542701,60026224,35066825,1,2,3,1,1,0,706.8889352,1.0666667
2023,1704105,60003924,17018283,1,2,3,1,1,0,690.7994315,1.0666667
2024,3552809,60030011,35335427,1,2,3,1,1,1,752.1509956,1.0666667
2024,3519709,60030234,35193849,1,2,3,1,1,0,686.0697571,1.0666667
2023,3137205,60018886,31061422,1,2,3,1,1,1,833.5343,1.066685
2023,4204806,60035456,42032316,1,2,3,1,1,1,746.1926839,1.0675824
2023,3301876,60025604,33003336,1,2,3,1,1,1,752.3314,1.067771
2023,2926608,60017721,29065791,1,2,3,1,1,0,732.8966724,1.0679336
2023,2908606,60015985,29131132,1,2,3,1,1,1,802.2420576,1.0679336
2023,2507903,60011205,25013520,1,2,2,1,1,1,766.3176173,1.0685714
2023,1100023,60000070,11000361,1,2,3,1,1,0,724.3400597,1.0689031
2023,3201506,60022666,32036345,1,2,3,1,1,1,796.6803532,1.0689655
2023,1504059,60002305,15051077,1,2,3,1,1,1,744.2753525,1.0691899
2023,3120201,60020862,31093797,1,2,3,1,1,1,774.5282,1.069305
2023,4306908,60037574,43101320,1,2,3,1,1,1,751.4954403,1.0697467
2023,1101302,60000229,11008141,1,2,3,1,1,1,747.0743313,1.0697949
2024,1702158,60004193,17009751,1,2,3,1,1,1,794,1.07
2024,4109401,60034255,41049778,1,2,3,1,1,1,748.8,1.07
2024,5107107,60040541,51006466,1,2,3,1,1,1,818.28,1.07
2024,3170701,60020244,31183093,1,2,3,1,1,1,778.64,1.07
2023,5107909,60041399,51039053,1,2,3,1,1,1,812.26,1.07
2024,2308302,60008889,23028631,1,2,3,1,1,1,805.42,1.07
2024,2503209,60011001,25014446,1,2,3,1,1,1,749.01,1.07
2024,1301704,60001458,13009024,1,2,3,1,1,1,790.47,1.07
2024,2101608,60005090,21049076,1,2,3,1,1,1,764.11,1.07
2024,2501807,60010989,25013614,1,2,3,1,1,0,670.89,1.07
2024,2109452,60004306,21001869,1,2,3,1,1,0,671.74,1.07
2024,5203302,60042084,52058038,1,2,3,1,1,0,676.61,1.07
2023,5107909,60041399,51039055,1,2,3,1,1,1,807.28,1.07
2024,5300108,60042443,53020066,1,2,2,1,1,1,769.63,1.07
2024,5005707,60040019,50029193,1,2,3,1,1,1,789.35,1.07
2024,3140308,60021133,31063129,1,2,3,1,1,1,746.2,1.07
2024,2102200,60005628,21060338,1,2,3,1,1,0,651.07,1.07
2024,4101408,60032127,41071677,1,2,3,1,1,1,746.59,1.07
2024,3139003,60020186,31008259,1,2,3,1,1,1,748.58,1.07
2024,5001102,60039940,50011380,1,2,3,1,1,0,712.48,1.07
2024,5005707,60040019,50029294,1,2,3,1,1,0,737.64,1.07
2023,5100250,60041439,51000484,1,2,3,1,1,1,751.85,1.07
2024,5208707,60041134,52071869,1,2,3,1,1,1,765.93,1.07
2024,5210406,60041029,52056215,1,2,3,1,1,1,763.88,1.07
2024,2611606,60012917,26047648,1,2,3,1,1,1,765.93,1.07
2023,2106409,60005662,21067382,1,2,3,1,1,1,763.3020409,1.0701393
2023,1101807,60000142,11008580,1,2,3,1,1,1,779.6823637,1.070973
2024,3550308,60029708,35368935,1,2,3,1,1,0,686.6404181,1.0714286
2024,3550308,60028853,35368843,1,2,3,1,1,0,739.8496546,1.0714286
2024,4314407,60037886,43058576,1,2,2,1,1,1,748.905988,1.0714286
2024,3516200,60026373,35063104,1,2,2,1,1,0,727.2930437,1.0714286
2024,3550308,60030639,35419837,1,2,3,1,1,1,806.3990448,1.0714286
2024,3550308,60026942,35367194,1,2,3,1,1,0,717.153022,1.0714286
2024,3550308,60025837,35373070,1,2,2,1,1,1,806.3990448,1.0714286
2024,3547304,60029331,35308354,1,2,3,1,1,1,786.1511403,1.0714286
2024,3550308,60026539,35398246,1,2,2,1,1,0,612.7075762,1.0714286
2024,3531308,60028487,35086777,1,2,3,1,1,0,733.0335396,1.0714286
2024,3552403,60029555,35217280,1,2,3,1,1,1,765.1643358,1.0714286
2024,3543402,60031603,35159164,1,2,2,1,1,0,722.7740827,1.0714286
2023,3143450,60021797,31004591,1,2,3,1,1,0,736.414,1.071429
2023,1508357,60002462,15007956,1,2,3,1,1,0,742.8637063,1.0714854
2023,4315701,60038741,43101993,1,2,3,1,1,0,710.4247912,1.0715821
2023,5221403,60042525,52037343,1,2,3,1,1,1,747.8703984,1.0724444
2023,5212055,60042606,52030452,1,2,3,1,1,1,779.91179,1.072992
2023,2507507,60011589,25007653,1,2,3,1,1,0,683.7477394,1.0729927
2023,4209300,60035399,42063577,1,2,2,1,1,0,714.7932,1.07321
2023,2927408,60017414,29120124,1,2,3,1,1,0,661.0145538,1.0732931
2023,2303204,60008827,23056208,1,2,3,1,1,1,816.7185961,1.0737548
2024,3529401,60026103,35290516,1,2,2,1,1,0,702.7134765,1.0740741
2023,2304400,60008184,23003395,1,2,3,1,1,1,772.4951621,1.0740741
2024,3550308,60026944,35371138,1,2,3,1,1,1,796.360933,1.0740741
2024,3538709,60031193,35138044,1,2,3,1,1,0,650.9104494,1.0740741
2024,3550308,60026940,35367095,1,2,3,1,1,1,765.1643358,1.0740741
2023,1302603,60001359,13030438,1,2,3,1,1,1,781.9358298,1.0741904
2023,2604304,60011741,26059457,1,2,3,1,1,0,698.3667137,1.0747475
2023,3136702,60019312,31018210,1,2,2,1,1,1,819.6286585,1.0753736
2023,5217203,60041538,52050336,1,2,3,1,1,1,764.716851,1.076462
2023,2414407,60010073,24025968,1,2,3,1,1,0,663.8892,1.076909
2024,3545803,60031291,35005786,1,2,3,1,1,1,786.1511403,1.0769231
2023,2602704,60012375,26020159,1,2,3,1,1,1,781.764492,1.0769231
2024,3550308,60025784,35401399,1,2,2,1,1,1,771.6064137,1.0769231
2024,3550308,60026488,35437930,1,2,2,1,1,1,806.3990448,1.0769231
2023,2513851,60011480,25030123,1,2,3,1,1,1,743.8036392,1.0769231
2024,3550308,60025798,35350062,1,2,2,1,1,1,821.514298,1.0769231
2024,3550308,60026981,35365658,1,2,3,1,1,1,778.2353432,1.0769231
2023,2211001,60007104,22013685,1,2,2,1,1,1,772.8507437,1.0769231
2024,3550308,60025820,35393804,1,2,2,1,1,0,741.0171678,1.0769231
2023,2103158,60006042,21024143,1,2,3,1,1,1,850.5152296,1.07719
2023,3103207,60020151,31102584,1,2,3,1,1,1,833.5343,1.077265
2023,3106200,60018437,31097537,1,2,3,1,1,1,809.7059,1.077542
2023,3106200,60018437,31097613,1,2,3,1,1,1,809.8305,1.077542
2023,2933307,60016932,29131411,1,2,3,1,1,1,782.4098175,1.0778267
2023,4101606,60032894,41129033,1,2,3,1,1,1,759.0020007,1.0779076
2023,2307304,60008951,23058260,1,2,3,1,1,0,641.3536722,1.0780785
2023,3114303,60019919,31045163,1,2,3,1,1,1,787.4206,1.078774
2023,4318309,60040086,43040420,1,2,3,1,1,1,765.2321314,1.0797511
2023,1508100,60002493,15100151,1,2,3,1,1,0,742.2972217,1.0799687
2024,2506301,60010721,25019150,1,2,3,1,1,0,738.61,1.08
2024,5212501,60041344,52030148,1,2,3,1,1,1,747.4,1.08
2024,2107357,60005983,21067237,1,2,3,1,1,0,726.92,1.08
2023,5107925,60040811,51040313,1,2,3,1,1,1,794.44,1.08
2024,3126406,60021126,31122998,1,2,3,1,1,1,782.89,1.08
2024,3550308,60026804,35336981,1,2,3,1,1,1,786.1511403,1.08
2024,5002704,60039928,50039073,1,2,3,1,1,0,735.37,1.08
2024,2806503,60014540,28009818,1,2,3,1,1,1,766.71,1.08
2024,3550308,60027008,35421014,1,2,3,1,1,0,718.2618156,1.08
2024,4207502,60035682,42036088,1,2,3,1,1,0,715.06,1.08
2024,1100148,60000243,11015447,1,2,3,1,1,1,751.33,1.08
2024,3509502,60026308,35037731,1,2,2,1,1,0,727.3379198,1.08
2024,3301009,60023279,33017522,1,2,3,1,1,0,726.67,1.08
2024,2105302,60006087,21028870,1,2,3,1,1,1,781.64,1.08
2024,2603454,60012321,26036293,1,2,3,1,1,0,742.71,1.08
2024,2301851,60008284,23016819,1,2,3,1,1,1,820.54,1.08
2024,3133402,60021362,31091759,1,2,3,1,1,1,749.53,1.08
2024,2111300,60004406,21006495,1,2,3,1,1,1,772.83,1.08
2024,1302603,60000872,13039684,1,2,3,1,1,1,745.24,1.08
2024,1500107,60003391,15000932,1,2,3,1,1,0,694.89,1.08
2024,3145208,60021800,31044247,1,2,3,1,1,0,739.67,1.08
2024,3304557,60024644,33100764,1,2,3,1,1,1,794.98,1.08
2024,3550308,60031508,35434450,1,2,2,1,1,1,743.537517,1.08
2024,5300108,60042350,53001446,1,2,2,1,1,0,729.39,1.08
2024,3304557,60024946,33128016,1,2,3,1,1,0,731.8,1.08
2024,1503606,60002541,15036370,1,2,3,1,1,1,749.22,1.08
2024,2108306,60004598,21068585,1,2,3,1,1,0,734.32,1.08
2024,2700409,60013534,27004391,1,2,3,1,1,0,727.63,1.08
2024,3118601,60021894,31045018,1,2,3,1,1,1,788.26,1.08
2024,3304557,60024520,33148567,1,2,3,1,1,1,794.88,1.08
2024,3205002,60022618,32001929,1,2,3,1,1,0,673.07,1.08
2024,5007695,60039652,50018576,1,2,3,1,1,0,689.06,1.08
2024,2608800,60013024,26012547,1,2,3,1,1,0,670.08,1.08
2024,3303609,60025397,33065206,1,2,3,1,1,0,680.07,1.08
2024,4214201,60035183,42096558,1,2,3,1,1,0,721.66,1.08
2024,2411205,60009832,24025771,1,2,3,1,1,0,668.07,1.08
2024,5300108,60042456,53009068,1,2,2,1,1,1,762.83,1.08
2024,2502300,60010363,25031500,1,2,3,1,1,0,724.89,1.08
2024,3164704,60019783,31042107,1,2,3,1,1,1,768.72,1.08
2023,5107925,60040811,51040338,1,2,3,1,1,0,727.24,1.08
2024,3550308,60026234,35345568,1,2,3,1,1,0,723.8541519,1.08
2023,2704401,60014255,27029431,1,2,3,1,1,0,694.7616326,1.08
2024,3158706,60021247,31157035,1,2,3,1,1,1,780.45,1.08
2024,5105150,60040121,51012516,1,2,3,1,1,0,662.23,1.08
2023,5101001,60041168,51002151,1,2,3,1,1,1,849.88,1.08
2024,4105508,60034213,41133099,1,2,3,1,1,1,817.46,1.08
2024,3547809,60030942,35314195,1,2,3,1,1,0,689.2273594,1.08
2024,4113700,60033888,41135893,1,2,3,1,1,0,733.27,1.08
2023,2930105,60017626,29099161,1,2,3,1,1,0,713.6065508,1.0811424
2023,2507507,60011353,25005987,1,2,3,1,1,0,677.3812666,1.0812783
2023,2304400,60008128,23008145,1,2,3,1,1,0,713.3211046,1.0815632
2023,2111102,60005400,21058504,1,2,3,1,1,1,779.6911848,1.0816065
2023,5206206,60041969,52032149,1,2,3,1,1,0,710.8338371,1.0823449
2023,4309209,60039914,43075015,1,2,3,1,1,1,771.9179852,1.0827932
2024,3501905,60028955,35123091,1,2,3,1,1,1,786.1511403,1.0833333
2024,3519071,60029668,35220074,1,2,3,1,1,1,778.2353432,1.0833333
2024,3523909,60030525,35082530,1,2,3,1,1,1,821.514298,1.0833333
2024,3522505,60028114,35279631,1,2,3,1,1,0,734.9820951,1.0833333
2024,3522604,60026302,35123753,1,2,2,1,1,1,752.9954458,1.0833333
2024,3510302,60030120,35229424,1,2,3,1,1,1,821.514298,1.0833333
2023,4313375,60037270,43065965,1,2,3,1,1,1,744.1241997,1.0836337
2023,4313375,60037270,43065954,1,2,3,1,1,1,751.6854358,1.0836337
2023,4114609,60033036,41119985,1,2,3,1,1,1,768.4106287,1.0836741
2023,4104808,60033144,41033393,1,2,3,1,1,1,749.0843,1.083786
2023,2101301,60004142,21036941,1,2,3,1,1,0,740.5584532,1.0838599
2023,4101606,60032894,41129099,1,2,3,1,1,1,778.8729737,1.0838762
2023,4101606,60032894,41129116,1,2,3,1,1,0,742.1587018,1.0838762
2023,2904753,60015197,29049619,1,2,3,1,1,0,660.0415079,1.0842353
2023,4109807,60034609,41080606,1,2,3,1,1,1,783.2748132,1.0844251
2023,4106902,60034591,41054203,1,2,3,1,1,0,741.4297365,1.0845545
2023,2200905,60006623,22018426,1,2,3,1,1,0,739.1554979,1.0846055
2023,1504208,60002607,15053712,1,2,3,1,1,1,746.54226,1.085412
2023,2103000,60005305,21041296,1,2,3,1,1,0,731.033773,1.0860218
2023,2103000,60005305,21041311,1,2,3,1,1,0,692.1166786,1.0860218
2024,4311734,60038891,43094850,1,2,3,1,1,0,716.1529869,1.0869565
2024,3503208,60031158,35013110,1,2,3,1,1,1,806.3990448,1.0869565
2023,2602100,60012233,26085054,1,2,3,1,1,0,725.9550538,1.0869565
2024,4309308,60037343,43037340,1,2,3,1,1,0,704.2428907,1.0869565
2023,3205002,60022999,32000214,1,2,2,1,1,1,793.3073616,1.0869565
2024,3551702,60031179,35206532,1,2,3,1,1,0,724.7269049,1.0869565
2023,3163706,60021288,31168901,1,2,3,1,1,1,756.2022,1.087301
2023,4314407,60038353,43097960,1,2,3,1,1,0,665.034942,1.0873045
2023,2906501,60016228,29102151,1,2,3,1,1,0,728.6823865,1.0875817
2023,4204608,60035073,42029328,1,2,3,1,1,1,793.0939111,1.0876891
2023,3162500,60022390,31031977,1,2,2,1,1,1,826.9876,1.087985
2023,5200258,60042810,52076729,1,2,3,1,1,1,787.7484122,1.0880477
2023,4305108,60037420,43091349,1,2,3,1,1,1,749.4140336,1.0889858
2023,2313401,60009378,23079346,1,2,3,1,1,1,859.0876914,1.0891381
2023,2313401,60009378,23079339,1,2,3,1,1,1,889.084653,1.0891381
2023,3300100,60025888,33068368,1,2,3,1,1,0,639.1788,1.089168
2023,2100709,60004434,21012342,1,2,3,1,1,1,850.5152296,1.0897756
2024,3201308,60022977,32020852,1,2,3,1,1,1,772.57,1.09
2024,2101707,60004506,21014625,1,2,3,1,1,1,758.85,1.09
2024,3205101,60022663,32022622,1,2,3,1,1,1,775.55,1.09
2024,3147907,60019539,31158229,1,2,3,1,1,1,758.2,1.09
2024,4104006,60033395,41131072,1,2,3,1,1,0,637.6,1.09
2024,3106200,60021537,31146625,1,2,2,1,1,1,791.23,1.09
2024,5107602,60040722,51024140,1,2,3,1,1,1,799.24,1.09
2024,2403251,60010013,24016741,1,2,3,1,1,0,673.02,1.09
2024,3304144,60024371,33071177,1,2,3,1,1,0,730.52,1.09
2024,4126256,60032118,41047479,1,2,3,1,1,0,738.88,1.09
2024,3304557,60024761,33135457,1,2,3,1,1,1,760.46,1.09
2023,2801207,60014386,28203904,1,2,3,1,1,0,687.55,1.09
2024,3205101,60022663,32022629,1,2,3,1,1,1,778.23,1.09
2023,5105903,60040800,51017796,1,2,2,1,1,1,832.36,1.09
2024,2211001,60007026,22012106,1,2,3,1,1,0,675.13,1.09
2024,5204508,60041774,52043692,1,2,3,1,1,0,726.22,1.09
2024,3302403,60025743,33042048,1,2,3,1,1,1,767.91,1.09
2024,3304557,60025416,33137141,1,2,3,1,1,1,780.92,1.09
2023,5107875,60040766,51043732,1,2,3,1,1,0,741.72,1.09
2023,5101803,60041201,51002544,1,2,3,1,1,1,769.36,1.09
2024,1600303,60003821,16004828,1,2,3,1,1,0,647.26,1.09
2024,1507953,60002402,15080345,1,2,3,1,1,1,792.46,1.09
2024,3168606,60019925,31201549,1,2,2,1,1,1,776.15,1.09
2024,3201308,60022557,32017106,1,2,3,1,1,1,794.86,1.09
2024,4105904,60032017,41136254,1,2,3,1,1,1,803.04,1.09
2024,1500800,60002950,15011155,1,2,3,1,1,0,658.52,1.09
2024,3205002,60022631,32044772,1,2,3,1,1,0,724.17,1.09
2023,5105903,60040800,51017798,1,2,2,1,1,1,807.2,1.09
2024,2806305,60014483,28001869,1,2,3,1,1,0,713.31,1.09
2024,2704302,60013630,27014189,1,2,3,1,1,0,719.24,1.09
2024,4211751,60036025,42062652,1,2,3,1,1,1,765.28,1.09
2024,3116001,60019037,31144819,1,2,2,1,1,1,762.65,1.09
2023,2611606,60012816,26053744,1,2,3,1,1,1,763.6607273,1.0903771
2024,3516309,60031327,35243566,1,2,3,1,1,1,760.4968332,1.0909091
2024,4321105,60039215,43094263,1,2,2,1,1,0,666.6265183,1.0909091
2024,3546405,60029653,35129633,1,2,3,1,1,1,751.0467363,1.0909091
2023,2614105,60011876,26073149,1,2,3,1,1,0,702.7278864,1.0909091
2023,2614105,60011876,26073168,1,2,3,1,1,1,792.3861496,1.0909091
2023,2507101,60011153,25015523,1,2,3,1,1,1,850.0057235,1.0909091
2023,2109056,60004160,21038952,1,2,3,1,1,1,782.6612286,1.0909091
2023,2205565,60007072,22024690,1,2,3,1,1,1,812.6900796,1.0910615
2023,3135100,60021250,31063902,1,2,3,1,1,0,680.8858,1.091191
2023,5204508,60042174,52047102,1,2,3,1,1,0,710.4958457,1.0912309
2023,1721000,60003914,17000867,1,2,3,1,1,0,739.8966715,1.0914749
2023,4204301,60036344,42026509,1,2,3,1,1,1,761.4904448,1.0916443
2023,3170107,60022157,31040687,1,2,3,1,1,0,664.4031,1.092466
2023,4109401,60034442,41070871,1,2,3,1,1,1,834.2111163,1.093331
2023,4109401,60034442,41070885,1,2,3,1,1,1,764.0949841,1.093331
2023,4200606,60034933,42079998,1,2,3,1,1,0,710.7224,1.093747
2023,2309607,60009619,23096289,1,2,3,1,1,1,875.3833172,1.0940171
2023,2111300,60004280,21007027,1,2,3,1,1,0,671.8631195,1.0940212
2023,5212501,60042013,52033659,1,2,3,1,1,0,684.5195701,1.0940582
2023,2927408,60018140,29115762,1,2,3,1,1,0,685.9468734,1.0943727
2023,1304203,60000494,13061485,1,2,3,1,1,0,640.7793753,1.0946272
2023,2611101,60013377,26079223,1,2,3,1,1,0,712.0076238,1.0948841
2023,3203130,60022800,32026483,1,2,3,1,1,1,794.8646898,1.0952381
2024,3512902,60030122,35232474,1,2,3,1,1,0,736.4476539,1.0952381
2024,4322400,60038983,43099055,1,2,3,1,1,0,699.894113,1.0952381
2023,2925303,60017392,29128120,1,2,3,1,1,1,758.6828227,1.0956326
2023,4105508,60034475,41037497,1,2,3,1,1,1,775.4996091,1.097488
2023,4105508,60034475,41037494,1,2,3,1,1,0,731.7232,1.097488
2023,4201406,60035822,42002303,1,2,3,1,1,0,729.8978,1.097647
2023,4201406,60035822,42002317,1,2,3,1,1,1,761.8920114,1.0976472
2023,4205308,60035937,42098598,1,2,3,1,1,1,784.9860441,1.0976472
2023,4201406,60035822,42002315,1,2,3,1,1,1,778.087248,1.0976472
2023,4205308,60035937,42098599,1,2,3,1,1,1,746.9197543,1.0976472
2023,5219753,60042775,52078371,1,2,3,1,1,1,765.7902323,1.0979469
2023,3300100,60024166,33001155,1,2,3,1,1,1,807.3862,1.098608
2023,3106705,60022322,31000978,1,2,3,1,1,1,829.2499,1.09962
2024,3510609,60026197,35247287,1,2,2,1,1,0,737.402431,1.1
2023,2305506,60008735,23049166,1,2,3,1,1,1,789.9396314,1.1
2023,4103354,60033116,41031604,1,2,3,1,1,1,773.3787934,1.1
2024,3524402,60031248,35091279,1,2,3,1,1,1,778.2353432,1.1
2024,2513703,60011360,25017090,1,2,3,1,1,0,738.61,1.1
2024,1501402,60002851,15096394,1,2,3,1,1,1,799.67,1.1
2024,2616183,60011835,26076949,1,2,3,1,1,1,791.65,1.1
2024,4100400,60033342,41092087,1,2,3,1,1,0,684.63,1.1
2023,2601607,60011950,26073768,1,2,3,1,1,0,726.0287873,1.1
2023,5107909,60041172,51037639,1,2,3,1,1,1,743.73,1.1
2024,3550308,60025810,35393592,1,2,2,1,1,0,698.1721277,1.1
2024,3505609,60026008,35203397,1,2,3,1,1,0,690.7381342,1.1
2024,4204152,60034987,42018625,1,2,3,1,1,0,732.18,1.1
2023,2601607,60011950,26073759,1,2,3,1,1,1,761.890732,1.1
2023,5103403,60041018,51013847,1,2,3,1,1,0,731.72,1.1
2024,2201150,60006688,22021620,1,2,3,1,1,0,619.33,1.1
2023,5106158,60041215,51001149,1,2,3,1,1,1,775.33,1.1
2024,3503901,60031092,35088398,1,2,3,1,1,1,787.2131925,1.1
2023,2111789,60004163,21039549,1,2,3,1,1,1,772.680978,1.1
2024,3203403,60022873,32039601,1,2,3,1,1,0,696.08,1.1
2024,3205002,60022639,32003194,1,2,3,1,1,0,700.89,1.1
2024,3170107,60020058,31027506,1,2,3,1,1,1,751.54,1.1
2024,3304557,60024781,33135529,1,2,3,1,1,0,737.66,1.1
2024,3159357,60021160,31192416,1,2,3,1,1,1,743.13,1.1
2024,5214507,60041245,52014542,1,2,3,1,1,1,774.9,1.1
2023,2601607,60011950,26073767,1,2,3,1,1,1,800.1612966,1.1
2023,5103403,60041018,51013841,1,2,3,1,1,1,773.58,1.1
2024,2606200,60012070,26019531,1,2,3,1,1,1,760.3,1.1
2024,1507151,60003596,15075203,1,2,3,1,1,0,627.11,1.1
2024,4312401,60037563,43047373,1,2,2,1,1,1,773.1456867,1.1
2024,2211100,60007157,22031499,1,2,3,1,1,0,679.02,1.1
2024,3111200,60021274,31135342,1,2,3,1,1,1,793.29,1.1
2024,3302700,60024223,33047106,1,2,3,1,1,1,771.73,1.1
2023,2111789,60004163,21039548,1,2,3,1,1,1,745.8451889,1.1
2024,3202801,60022897,32038326,1,2,3,1,1,1,769.05,1.1
2024,1302603,60001349,13030559,1,2,3,1,1,0,720.55,1.1
2024,4127700,60032674,41024627,1,2,3,1,1,1,779.94,1.1
2023,1501105,60003426,15032067,1,2,3,1,1,1,762.8747751,1.100377
2023,1501105,60003426,15032068,1,2,3,1,1,0,732.0507556,1.100377
2023,2109007,60005432,21032212,1,2,3,1,1,0,709.7499875,1.1005347
2023,4202909,60035889,42013836,1,2,2,1,1,1,776.3080079,1.1006984
2023,4127700,60033082,41122203,1,2,3,1,1,1,801.7126162,1.1008075
2023,4127700,60033082,41137801,1,2,3,1,1,1,753.0778987,1.1008075
2023,2302206,60009165,23093286,1,2,3,1,1,1,814.1146133,1.1016654
2023,2933307,60017934,29131727,1,2,3,1,1,0,725.4890762,1.1016848
2023,2933307,60017934,29131745,1,2,3,1,1,1,815.9202704,1.1016848
2023,4302105,60036968,43030070,1,2,3,1,1,1,784.4884175,1.1017448
2023,2202117,60006904,22024296,1,2,3,1,1,1,743.6018496,1.1017949
2023,2202117,60006904,22024289,1,2,3,1,1,0,716.5773482,1.1017949
2023,3103504,60020448,31182471,1,2,2,1,1,0,741.3576,1.10192
2023,3165701,60020649,31189266,1,2,3,1,1,0,712.0305,1.101972
2023,2308401,60009040,23069783,1,2,3,1,1,1,824.9109183,1.1021526
2023,2927408,60016453,29110676,1,2,3,1,1,1,771.8125596,1.1027536
2023,5218300,60042519,52052695,1,2,3,1,1,1,766.8887957,1.1029311
2023,5218300,60042519,52052699,1,2,3,1,1,1,761.183168,1.1029311
2023,4121802,60032794,41077462,1,2,3,1,1,1,766.0093231,1.1030334
2023,1100205,60000223,11011215,1,2,3,1,1,0,738.3081695,1.1033608
2024,3550308,60025984,35437361,1,2,2,1,1,0,724.0916131,1.1034483
2023,2606002,60013329,26012224,1,2,3,1,1,0,661.5190907,1.1034483
2024,3538709,60026357,35134435,1,2,2,1,1,1,767.4745456,1.1034483
2024,3505708,60028177,35234305,1,2,3,1,1,0,729.4505176,1.1034483
2023,2922409,60016694,29035597,1,2,3,1,1,0,735.4252175,1.1034618
2023,3306305,60024104,33153314,1,2,3,1,1,0,739.3242042,1.1038037
2023,2312106,60008980,23055123,1,2,3,1,1,1,791.8424486,1.10406
2023,2918407,60017726,29039692,1,2,3,1,1,0,680.7729025,1.1041278
2023,4103701,60032604,41079110,1,2,3,1,1,1,763.6332,1.104198
2023,2919157,60015373,29002233,1,2,3,1,1,1,750.7591667,1.1043137
2023,3205309,60023128,32010134,1,2,3,1,1,1,778.5825287,1.1046512
2023,1500107,60002134,15001373,1,2,3,1,1,1,771.1044888,1.105
